path,size_bytes
camera_matrix.csv,64
confidence/000000.png,5427
confidence/000001.png,5301
confidence/000002.png,5251
confidence/000003.png,5193
confidence/000004.png,5287
confidence/000005.png,5452
confidence/000006.png,5528
confidence/000007.png,5494
confidence/000008.png,5704
confidence/000009.png,5710
confidence/000010.png,5472
confidence/000011.png,5517
confidence/000012.png,5672
confidence/000013.png,5646
confidence/000014.png,5685
confidence/000015.png,5515
confidence/000016.png,5668
confidence/000017.png,5787
confidence/000018.png,5671
confidence/000019.png,5760
confidence/000020.png,5658
confidence/000021.png,5955
confidence/000022.png,5984
confidence/000023.png,6052
confidence/000024.png,5974
confidence/000025.png,6013
confidence/000026.png,6016
confidence/000027.png,6265
confidence/000028.png,6228
confidence/000029.png,6227
confidence/000030.png,6349
confidence/000031.png,6352
confidence/000032.png,6383
confidence/000033.png,6462
confidence/000034.png,6654
confidence/000035.png,6658
confidence/000036.png,6719
confidence/000037.png,6605
confidence/000038.png,6615
confidence/000039.png,6585
confidence/000040.png,6483
confidence/000041.png,6556
confidence/000042.png,6702
confidence/000043.png,6603
confidence/000044.png,6610
confidence/000045.png,6659
confidence/000046.png,6735
confidence/000047.png,6638
confidence/000048.png,6827
confidence/000049.png,6896
confidence/000050.png,6797
confidence/000051.png,6573
confidence/000052.png,6770
confidence/000053.png,7180
confidence/000054.png,7236
confidence/000055.png,6948
confidence/000056.png,7050
confidence/000057.png,6784
confidence/000058.png,6982
confidence/000059.png,6981
confidence/000060.png,7079
confidence/000061.png,7090
confidence/000062.png,6813
confidence/000063.png,6991
confidence/000064.png,6918
confidence/000065.png,7028
confidence/000066.png,6806
confidence/000067.png,7571
confidence/000068.png,7396
confidence/000069.png,7072
confidence/000070.png,7228
confidence/000071.png,6958
confidence/000072.png,7156
confidence/000073.png,7136
confidence/000074.png,7109
confidence/000075.png,6699
confidence/000076.png,6966
confidence/000077.png,6895
confidence/000078.png,6722
confidence/000079.png,7033
confidence/000080.png,6967
confidence/000081.png,6662
confidence/000082.png,6925
confidence/000083.png,6952
confidence/000084.png,6836
confidence/000085.png,6733
confidence/000086.png,6854
confidence/000087.png,6854
confidence/000088.png,6798
confidence/000089.png,6528
confidence/000090.png,6668
confidence/000091.png,6572
confidence/000092.png,6651
confidence/000093.png,6753
confidence/000094.png,6917
confidence/000095.png,6606
confidence/000096.png,6722
confidence/000097.png,7033
confidence/000098.png,6756
confidence/000099.png,6783
confidence/000100.png,6723
confidence/000101.png,6766
confidence/000102.png,6528
confidence/000103.png,6441
confidence/000104.png,6526
confidence/000105.png,6512
confidence/000106.png,6661
confidence/000107.png,6651
confidence/000108.png,6733
confidence/000109.png,6378
confidence/000110.png,6231
confidence/000111.png,6200
confidence/000112.png,6117
confidence/000113.png,6065
confidence/000114.png,6171
confidence/000115.png,5928
confidence/000116.png,6078
confidence/000117.png,6149
confidence/000118.png,6242
confidence/000119.png,6369
confidence/000120.png,6125
confidence/000121.png,6321
confidence/000122.png,6162
confidence/000123.png,6145
confidence/000124.png,6338
confidence/000125.png,5987
confidence/000126.png,6153
confidence/000127.png,6178
confidence/000128.png,6038
confidence/000129.png,6196
confidence/000130.png,6114
confidence/000131.png,5759
confidence/000132.png,6079
confidence/000133.png,6050
confidence/000134.png,5768
confidence/000135.png,6075
confidence/000136.png,6306
confidence/000137.png,6242
confidence/000138.png,6048
confidence/000139.png,6279
confidence/000140.png,6245
confidence/000141.png,6343
confidence/000142.png,6283
confidence/000143.png,6302
confidence/000144.png,6291
confidence/000145.png,5990
confidence/000146.png,6006
confidence/000147.png,5889
confidence/000148.png,6072
confidence/000149.png,5920
confidence/000150.png,5909
confidence/000151.png,5986
confidence/000152.png,5723
confidence/000153.png,5549
confidence/000154.png,5671
confidence/000155.png,5368
confidence/000156.png,5205
confidence/000157.png,5252
confidence/000158.png,5358
confidence/000159.png,5107
confidence/000160.png,5042
confidence/000161.png,5090
confidence/000162.png,5261
confidence/000163.png,5237
confidence/000164.png,5109
confidence/000165.png,4957
confidence/000166.png,5117
confidence/000167.png,5244
confidence/000168.png,5235
confidence/000169.png,5317
confidence/000170.png,5248
confidence/000171.png,5209
confidence/000172.png,5152
confidence/000173.png,5341
confidence/000174.png,5116
confidence/000175.png,5055
confidence/000176.png,4957
confidence/000177.png,4839
confidence/000178.png,4953
confidence/000179.png,5018
confidence/000180.png,5007
confidence/000181.png,4886
confidence/000182.png,4986
confidence/000183.png,4832
confidence/000184.png,4744
confidence/000185.png,4707
confidence/000186.png,4715
confidence/000187.png,4740
confidence/000188.png,4771
confidence/000189.png,4879
confidence/000190.png,4775
confidence/000191.png,4677
confidence/000192.png,4686
confidence/000193.png,4769
confidence/000194.png,5029
confidence/000195.png,5030
confidence/000196.png,4891
confidence/000197.png,4918
confidence/000198.png,4990
confidence/000199.png,5038
confidence/000200.png,5046
confidence/000201.png,4963
confidence/000202.png,5093
confidence/000203.png,5251
confidence/000204.png,5305
confidence/000205.png,5396
confidence/000206.png,5421
confidence/000207.png,5504
confidence/000208.png,5654
confidence/000209.png,5586
confidence/000210.png,5627
confidence/000211.png,5901
confidence/000212.png,5936
confidence/000213.png,5983
confidence/000214.png,5869
confidence/000215.png,6041
confidence/000216.png,6229
confidence/000217.png,6049
confidence/000218.png,6068
confidence/000219.png,6071
confidence/000220.png,6099
confidence/000221.png,6168
confidence/000222.png,6234
confidence/000223.png,6210
confidence/000224.png,6292
confidence/000225.png,6381
confidence/000226.png,6259
confidence/000227.png,6092
confidence/000228.png,6226
confidence/000229.png,6213
confidence/000230.png,6163
confidence/000231.png,6251
confidence/000232.png,6323
confidence/000233.png,6067
confidence/000234.png,5960
confidence/000235.png,6021
confidence/000236.png,5936
confidence/000237.png,5961
confidence/000238.png,5828
confidence/000239.png,6068
confidence/000240.png,6026
confidence/000241.png,6048
confidence/000242.png,5782
confidence/000243.png,5785
confidence/000244.png,5742
confidence/000245.png,5669
confidence/000246.png,5812
confidence/000247.png,5649
confidence/000248.png,5558
confidence/000249.png,5543
confidence/000250.png,5398
confidence/000251.png,5476
confidence/000252.png,5328
confidence/000253.png,5453
confidence/000254.png,5430
confidence/000255.png,5319
confidence/000256.png,5272
confidence/000257.png,5256
confidence/000258.png,5223
confidence/000259.png,5183
confidence/000260.png,5146
confidence/000261.png,5152
confidence/000262.png,5121
confidence/000263.png,5072
confidence/000264.png,5014
confidence/000265.png,5033
confidence/000266.png,4994
confidence/000267.png,4945
confidence/000268.png,5042
confidence/000269.png,4939
confidence/000270.png,4959
confidence/000271.png,5012
confidence/000272.png,4944
confidence/000273.png,4910
confidence/000274.png,4882
confidence/000275.png,4825
confidence/000276.png,4871
confidence/000277.png,4865
confidence/000278.png,4927
confidence/000279.png,4913
confidence/000280.png,4815
confidence/000281.png,4877
confidence/000282.png,4789
confidence/000283.png,4788
confidence/000284.png,4899
confidence/000285.png,4825
confidence/000286.png,4689
confidence/000287.png,4719
confidence/000288.png,4761
confidence/000289.png,4653
confidence/000290.png,4621
confidence/000291.png,4521
confidence/000292.png,4467
confidence/000293.png,4426
confidence/000294.png,4486
confidence/000295.png,4527
confidence/000296.png,4443
confidence/000297.png,4400
confidence/000298.png,4310
confidence/000299.png,4352
confidence/000300.png,4381
confidence/000301.png,4341
confidence/000302.png,4414
confidence/000303.png,4390
confidence/000304.png,4370
confidence/000305.png,4438
confidence/000306.png,4372
confidence/000307.png,4416
confidence/000308.png,4459
confidence/000309.png,4364
confidence/000310.png,4439
confidence/000311.png,4535
confidence/000312.png,4467
confidence/000313.png,4580
confidence/000314.png,4538
confidence/000315.png,4603
confidence/000316.png,4638
confidence/000317.png,4602
confidence/000318.png,4653
confidence/000319.png,4741
confidence/000320.png,4802
confidence/000321.png,4829
confidence/000322.png,4687
confidence/000323.png,4682
confidence/000324.png,4640
confidence/000325.png,4613
confidence/000326.png,4633
confidence/000327.png,4596
confidence/000328.png,4577
confidence/000329.png,4516
confidence/000330.png,4505
confidence/000331.png,4507
confidence/000332.png,4471
confidence/000333.png,4459
confidence/000334.png,4357
confidence/000335.png,4313
confidence/000336.png,4281
confidence/000337.png,4252
confidence/000338.png,4245
confidence/000339.png,4276
confidence/000340.png,4204
confidence/000341.png,4208
confidence/000342.png,4151
confidence/000343.png,4136
confidence/000344.png,4216
confidence/000345.png,4194
confidence/000346.png,4179
confidence/000347.png,4221
confidence/000348.png,4121
confidence/000349.png,4137
confidence/000350.png,4161
confidence/000351.png,4077
confidence/000352.png,4084
confidence/000353.png,4084
confidence/000354.png,4097
confidence/000355.png,4033
confidence/000356.png,4111
confidence/000357.png,4080
confidence/000358.png,4113
confidence/000359.png,4063
confidence/000360.png,4044
confidence/000361.png,4023
confidence/000362.png,4059
confidence/000363.png,4130
confidence/000364.png,4133
confidence/000365.png,4145
confidence/000366.png,4126
confidence/000367.png,4082
confidence/000368.png,4157
confidence/000369.png,4127
confidence/000370.png,4087
confidence/000371.png,4119
confidence/000372.png,4103
confidence/000373.png,4089
confidence/000374.png,4081
confidence/000375.png,4141
confidence/000376.png,4166
confidence/000377.png,4140
confidence/000378.png,4112
confidence/000379.png,4140
confidence/000380.png,4063
confidence/000381.png,4162
confidence/000382.png,4165
confidence/000383.png,4118
confidence/000384.png,4129
confidence/000385.png,4189
confidence/000386.png,4223
confidence/000387.png,4175
confidence/000388.png,4276
confidence/000389.png,4188
confidence/000390.png,4196
confidence/000391.png,4168
confidence/000392.png,4178
confidence/000393.png,4215
confidence/000394.png,4192
confidence/000395.png,4211
confidence/000396.png,4217
confidence/000397.png,4185
confidence/000398.png,4202
confidence/000399.png,4119
confidence/000400.png,4104
confidence/000401.png,4085
confidence/000402.png,4189
confidence/000403.png,4178
confidence/000404.png,4048
confidence/000405.png,4002
confidence/000406.png,4115
confidence/000407.png,4102
confidence/000408.png,4035
confidence/000409.png,4112
confidence/000410.png,4106
confidence/000411.png,4055
confidence/000412.png,4052
confidence/000413.png,4039
confidence/000414.png,4097
confidence/000415.png,3988
confidence/000416.png,3948
confidence/000417.png,3899
confidence/000418.png,3995
confidence/000419.png,3994
confidence/000420.png,3870
confidence/000421.png,3901
confidence/000422.png,4048
confidence/000423.png,3821
confidence/000424.png,3826
confidence/000425.png,3889
confidence/000426.png,3951
confidence/000427.png,3996
confidence/000428.png,4094
confidence/000429.png,3953
confidence/000430.png,4068
confidence/000431.png,4017
confidence/000432.png,3970
confidence/000433.png,4076
confidence/000434.png,4061
confidence/000435.png,3964
confidence/000436.png,4101
confidence/000437.png,4103
confidence/000438.png,3982
confidence/000439.png,4123
confidence/000440.png,3993
confidence/000441.png,3835
confidence/000442.png,4147
confidence/000443.png,4291
confidence/000444.png,3834
confidence/000445.png,3991
confidence/000446.png,4105
confidence/000447.png,3837
confidence/000448.png,3951
confidence/000449.png,3951
confidence/000450.png,3839
confidence/000451.png,4040
confidence/000452.png,3836
confidence/000453.png,3860
confidence/000454.png,4139
confidence/000455.png,3991
confidence/000456.png,4108
confidence/000457.png,4220
confidence/000458.png,4281
confidence/000459.png,4053
confidence/000460.png,4321
confidence/000461.png,4009
confidence/000462.png,4112
confidence/000463.png,4193
confidence/000464.png,4207
confidence/000465.png,4105
confidence/000466.png,4081
confidence/000467.png,4144
confidence/000468.png,4088
confidence/000469.png,3993
confidence/000470.png,4095
confidence/000471.png,4120
confidence/000472.png,4226
confidence/000473.png,4299
confidence/000474.png,4357
confidence/000475.png,4572
confidence/000476.png,4594
confidence/000477.png,4644
confidence/000478.png,4623
confidence/000479.png,4688
confidence/000480.png,4668
confidence/000481.png,4682
confidence/000482.png,4744
confidence/000483.png,4826
confidence/000484.png,4925
confidence/000485.png,4925
confidence/000486.png,5092
confidence/000487.png,5086
confidence/000488.png,5203
confidence/000489.png,4992
confidence/000490.png,5081
confidence/000491.png,5138
confidence/000492.png,5100
confidence/000493.png,5030
confidence/000494.png,5108
confidence/000495.png,5142
confidence/000496.png,5248
confidence/000497.png,5302
confidence/000498.png,5197
confidence/000499.png,5312
confidence/000500.png,5352
confidence/000501.png,5502
confidence/000502.png,5537
confidence/000503.png,5520
confidence/000504.png,5506
confidence/000505.png,5757
confidence/000506.png,5730
confidence/000507.png,5710
confidence/000508.png,5945
confidence/000509.png,5844
confidence/000510.png,5804
confidence/000511.png,5695
confidence/000512.png,5882
confidence/000513.png,5944
confidence/000514.png,5962
confidence/000515.png,6052
confidence/000516.png,6112
confidence/000517.png,6064
confidence/000518.png,6178
confidence/000519.png,6179
confidence/000520.png,6204
confidence/000521.png,6207
confidence/000522.png,6206
confidence/000523.png,6234
confidence/000524.png,6082
confidence/000525.png,6191
confidence/000526.png,5877
confidence/000527.png,6097
confidence/000528.png,6086
confidence/000529.png,5980
confidence/000530.png,6047
confidence/000531.png,6067
confidence/000532.png,6110
confidence/000533.png,5930
confidence/000534.png,5944
confidence/000535.png,6012
confidence/000536.png,5930
confidence/000537.png,5772
confidence/000538.png,5827
confidence/000539.png,5808
confidence/000540.png,5782
confidence/000541.png,5711
confidence/000542.png,5597
confidence/000543.png,5647
confidence/000544.png,5616
confidence/000545.png,5622
confidence/000546.png,5648
confidence/000547.png,5596
confidence/000548.png,5660
confidence/000549.png,5588
confidence/000550.png,5576
confidence/000551.png,5539
confidence/000552.png,5579
confidence/000553.png,5594
confidence/000554.png,5588
confidence/000555.png,5592
confidence/000556.png,5450
confidence/000557.png,5489
confidence/000558.png,5610
confidence/000559.png,5585
confidence/000560.png,5603
confidence/000561.png,5741
confidence/000562.png,5663
confidence/000563.png,5610
confidence/000564.png,5498
confidence/000565.png,5473
confidence/000566.png,5504
confidence/000567.png,5533
confidence/000568.png,5578
confidence/000569.png,5590
confidence/000570.png,5682
confidence/000571.png,5634
confidence/000572.png,5938
confidence/000573.png,6008
confidence/000574.png,5936
confidence/000575.png,5746
confidence/000576.png,5830
confidence/000577.png,5734
confidence/000578.png,5650
confidence/000579.png,5651
confidence/000580.png,5643
confidence/000581.png,5718
confidence/000582.png,5692
confidence/000583.png,5674
confidence/000584.png,5596
confidence/000585.png,5800
confidence/000586.png,6057
confidence/000587.png,6037
confidence/000588.png,6008
confidence/000589.png,5989
confidence/000590.png,5948
confidence/000591.png,6108
confidence/000592.png,6128
confidence/000593.png,5931
confidence/000594.png,6005
confidence/000595.png,6041
confidence/000596.png,5828
confidence/000597.png,5873
confidence/000598.png,5656
confidence/000599.png,5494
confidence/000600.png,5847
confidence/000601.png,5802
confidence/000602.png,5860
confidence/000603.png,5638
confidence/000604.png,5669
confidence/000605.png,5507
confidence/000606.png,5532
confidence/000607.png,5503
confidence/000608.png,5566
confidence/000609.png,5333
confidence/000610.png,5215
confidence/000611.png,5162
confidence/000612.png,5470
confidence/000613.png,5253
confidence/000614.png,5176
confidence/000615.png,5188
confidence/000616.png,5184
confidence/000617.png,5128
confidence/000618.png,5093
confidence/000619.png,5148
confidence/000620.png,4761
confidence/000621.png,4842
confidence/000622.png,4839
confidence/000623.png,4724
confidence/000624.png,4683
confidence/000625.png,4656
confidence/000626.png,4589
confidence/000627.png,4586
confidence/000628.png,4509
confidence/000629.png,4449
confidence/000630.png,4516
confidence/000631.png,4489
confidence/000632.png,4467
confidence/000633.png,4477
confidence/000634.png,4516
confidence/000635.png,4441
confidence/000636.png,4504
confidence/000637.png,4517
confidence/000638.png,4469
confidence/000639.png,4552
confidence/000640.png,4576
confidence/000641.png,4508
confidence/000642.png,4475
confidence/000643.png,4497
confidence/000644.png,4544
confidence/000645.png,4549
confidence/000646.png,4486
confidence/000647.png,4403
confidence/000648.png,4397
confidence/000649.png,4472
confidence/000650.png,4563
confidence/000651.png,4503
confidence/000652.png,4424
confidence/000653.png,4451
confidence/000654.png,4692
confidence/000655.png,4685
confidence/000656.png,4642
confidence/000657.png,4504
confidence/000658.png,4456
confidence/000659.png,4588
confidence/000660.png,4445
confidence/000661.png,4646
confidence/000662.png,4786
confidence/000663.png,4513
confidence/000664.png,4414
confidence/000665.png,4563
confidence/000666.png,4370
confidence/000667.png,4381
confidence/000668.png,4444
confidence/000669.png,4508
confidence/000670.png,4583
confidence/000671.png,4545
confidence/000672.png,4486
confidence/000673.png,4630
confidence/000674.png,4736
confidence/000675.png,4715
confidence/000676.png,4808
confidence/000677.png,4861
confidence/000678.png,4816
confidence/000679.png,4857
confidence/000680.png,4956
confidence/000681.png,4941
confidence/000682.png,4935
confidence/000683.png,4760
confidence/000684.png,4969
confidence/000685.png,4964
confidence/000686.png,5090
confidence/000687.png,5001
confidence/000688.png,5013
confidence/000689.png,5165
confidence/000690.png,5139
confidence/000691.png,5256
confidence/000692.png,5277
confidence/000693.png,5280
confidence/000694.png,5522
confidence/000695.png,5502
confidence/000696.png,5440
confidence/000697.png,5427
confidence/000698.png,5463
confidence/000699.png,5508
confidence/000700.png,5614
confidence/000701.png,5688
confidence/000702.png,5509
confidence/000703.png,5512
confidence/000704.png,5637
confidence/000705.png,5655
confidence/000706.png,5654
confidence/000707.png,5693
confidence/000708.png,5852
confidence/000709.png,5764
confidence/000710.png,5788
confidence/000711.png,5773
confidence/000712.png,5848
confidence/000713.png,5857
confidence/000714.png,5936
confidence/000715.png,5870
confidence/000716.png,5893
confidence/000717.png,5828
confidence/000718.png,5968
confidence/000719.png,5835
confidence/000720.png,6072
confidence/000721.png,6012
confidence/000722.png,6127
confidence/000723.png,6272
confidence/000724.png,6219
confidence/000725.png,6474
confidence/000726.png,6596
confidence/000727.png,6746
confidence/000728.png,6483
confidence/000729.png,6446
confidence/000730.png,6853
confidence/000731.png,6461
confidence/000732.png,6257
confidence/000733.png,6382
confidence/000734.png,6436
confidence/000735.png,6579
confidence/000736.png,6688
confidence/000737.png,6593
confidence/000738.png,6574
confidence/000739.png,6470
confidence/000740.png,6630
confidence/000741.png,6621
confidence/000742.png,6623
confidence/000743.png,6714
confidence/000744.png,6910
confidence/000745.png,6835
confidence/000746.png,6726
confidence/000747.png,6885
confidence/000748.png,6826
confidence/000749.png,6856
confidence/000750.png,7049
confidence/000751.png,7060
confidence/000752.png,7248
confidence/000753.png,7112
confidence/000754.png,7140
confidence/000755.png,7128
confidence/000756.png,7232
confidence/000757.png,7105
confidence/000758.png,7222
confidence/000759.png,7278
confidence/000760.png,7205
confidence/000761.png,7142
confidence/000762.png,6976
confidence/000763.png,7081
confidence/000764.png,7221
confidence/000765.png,7003
confidence/000766.png,6978
confidence/000767.png,7113
confidence/000768.png,6899
confidence/000769.png,7065
confidence/000770.png,7026
confidence/000771.png,7120
confidence/000772.png,7048
confidence/000773.png,7024
confidence/000774.png,6773
confidence/000775.png,6988
confidence/000776.png,6885
confidence/000777.png,6936
confidence/000778.png,6748
confidence/000779.png,6712
confidence/000780.png,6825
confidence/000781.png,6626
confidence/000782.png,6619
confidence/000783.png,6525
confidence/000784.png,6392
confidence/000785.png,6511
confidence/000786.png,6584
confidence/000787.png,6565
confidence/000788.png,6540
confidence/000789.png,6276
confidence/000790.png,6143
confidence/000791.png,6126
confidence/000792.png,6270
confidence/000793.png,6187
confidence/000794.png,6307
confidence/000795.png,6516
confidence/000796.png,6148
confidence/000797.png,6135
confidence/000798.png,6148
confidence/000799.png,6198
confidence/000800.png,6398
confidence/000801.png,6054
confidence/000802.png,6126
confidence/000803.png,6087
confidence/000804.png,6046
confidence/000805.png,5916
confidence/000806.png,5771
confidence/000807.png,5764
confidence/000808.png,5765
confidence/000809.png,5872
confidence/000810.png,5760
confidence/000811.png,5626
confidence/000812.png,5460
confidence/000813.png,5666
confidence/000814.png,5490
confidence/000815.png,5485
confidence/000816.png,5528
confidence/000817.png,5673
confidence/000818.png,5692
confidence/000819.png,5783
confidence/000820.png,5722
confidence/000821.png,5549
confidence/000822.png,5492
confidence/000823.png,5400
confidence/000824.png,5443
confidence/000825.png,5482
confidence/000826.png,5659
confidence/000827.png,5732
confidence/000828.png,5542
confidence/000829.png,5705
confidence/000830.png,5712
confidence/000831.png,5433
confidence/000832.png,5394
confidence/000833.png,5316
confidence/000834.png,5521
confidence/000835.png,5470
confidence/000836.png,5366
confidence/000837.png,5224
confidence/000838.png,5001
confidence/000839.png,5130
confidence/000840.png,5271
confidence/000841.png,5270
confidence/000842.png,5218
confidence/000843.png,5152
confidence/000844.png,5151
confidence/000845.png,5113
confidence/000846.png,5143
confidence/000847.png,5253
confidence/000848.png,5204
confidence/000849.png,5114
confidence/000850.png,5082
confidence/000851.png,5043
confidence/000852.png,5087
confidence/000853.png,5206
confidence/000854.png,5296
confidence/000855.png,5202
confidence/000856.png,4898
confidence/000857.png,4996
confidence/000858.png,4827
confidence/000859.png,4683
confidence/000860.png,4803
confidence/000861.png,4982
confidence/000862.png,5049
confidence/000863.png,4870
confidence/000864.png,4927
confidence/000865.png,5036
confidence/000866.png,5089
confidence/000867.png,4921
confidence/000868.png,5041
confidence/000869.png,4840
confidence/000870.png,4826
confidence/000871.png,4924
confidence/000872.png,4846
confidence/000873.png,5072
confidence/000874.png,4986
confidence/000875.png,4949
confidence/000876.png,4960
confidence/000877.png,4951
confidence/000878.png,4816
confidence/000879.png,4806
confidence/000880.png,4728
confidence/000881.png,4804
confidence/000882.png,4799
confidence/000883.png,4897
confidence/000884.png,4796
confidence/000885.png,4862
confidence/000886.png,4871
confidence/000887.png,4847
confidence/000888.png,4809
confidence/000889.png,5023
confidence/000890.png,5081
confidence/000891.png,4816
confidence/000892.png,4708
confidence/000893.png,4809
confidence/000894.png,4987
confidence/000895.png,5005
confidence/000896.png,5017
confidence/000897.png,4827
confidence/000898.png,4817
confidence/000899.png,4953
confidence/000900.png,4895
confidence/000901.png,4928
confidence/000902.png,4794
confidence/000903.png,4921
confidence/000904.png,4914
confidence/000905.png,4955
confidence/000906.png,4841
confidence/000907.png,5068
confidence/000908.png,5084
confidence/000909.png,5116
confidence/000910.png,5169
confidence/000911.png,5250
confidence/000912.png,5156
confidence/000913.png,5170
confidence/000914.png,5217
confidence/000915.png,5152
confidence/000916.png,5038
confidence/000917.png,5159
confidence/000918.png,5010
confidence/000919.png,5083
confidence/000920.png,4962
confidence/000921.png,5349
confidence/000922.png,5181
confidence/000923.png,5305
confidence/000924.png,5241
confidence/000925.png,5236
confidence/000926.png,5233
confidence/000927.png,5218
confidence/000928.png,5175
confidence/000929.png,5045
confidence/000930.png,5094
confidence/000931.png,5115
confidence/000932.png,5105
confidence/000933.png,5216
confidence/000934.png,5246
confidence/000935.png,5181
confidence/000936.png,5172
confidence/000937.png,5137
confidence/000938.png,5194
confidence/000939.png,5128
confidence/000940.png,4960
confidence/000941.png,5003
confidence/000942.png,5076
confidence/000943.png,5015
confidence/000944.png,4967
confidence/000945.png,4919
confidence/000946.png,4908
confidence/000947.png,4936
confidence/000948.png,4904
confidence/000949.png,5048
confidence/000950.png,4905
confidence/000951.png,5098
confidence/000952.png,5057
confidence/000953.png,5021
confidence/000954.png,5036
confidence/000955.png,5221
confidence/000956.png,5285
confidence/000957.png,5385
confidence/000958.png,5162
confidence/000959.png,5074
confidence/000960.png,5336
confidence/000961.png,5143
confidence/000962.png,5091
confidence/000963.png,5104
confidence/000964.png,4974
confidence/000965.png,5038
confidence/000966.png,5127
confidence/000967.png,4906
confidence/000968.png,5012
confidence/000969.png,5007
confidence/000970.png,4958
confidence/000971.png,4990
confidence/000972.png,4923
confidence/000973.png,5001
confidence/000974.png,5095
confidence/000975.png,5013
confidence/000976.png,5015
confidence/000977.png,5024
confidence/000978.png,4972
confidence/000979.png,4965
confidence/000980.png,4976
confidence/000981.png,5044
confidence/000982.png,5023
confidence/000983.png,5064
confidence/000984.png,5242
confidence/000985.png,5156
confidence/000986.png,5146
confidence/000987.png,5121
confidence/000988.png,4881
confidence/000989.png,4834
confidence/000990.png,4765
confidence/000991.png,4903
confidence/000992.png,4867
confidence/000993.png,4700
confidence/000994.png,4839
confidence/000995.png,4837
confidence/000996.png,4729
confidence/000997.png,4633
confidence/000998.png,4655
confidence/000999.png,4610
confidence/001000.png,4408
confidence/001001.png,4512
confidence/001002.png,4481
confidence/001003.png,4427
confidence/001004.png,4369
confidence/001005.png,4461
confidence/001006.png,4478
confidence/001007.png,4366
confidence/001008.png,4253
confidence/001009.png,4311
confidence/001010.png,4295
confidence/001011.png,4203
confidence/001012.png,4205
confidence/001013.png,4164
confidence/001014.png,4101
confidence/001015.png,4293
confidence/001016.png,4357
confidence/001017.png,4238
confidence/001018.png,4333
confidence/001019.png,4344
confidence/001020.png,4327
confidence/001021.png,4584
confidence/001022.png,4401
confidence/001023.png,4683
confidence/001024.png,4608
confidence/001025.png,4381
confidence/001026.png,4506
confidence/001027.png,4671
confidence/001028.png,4424
confidence/001029.png,4580
confidence/001030.png,4800
confidence/001031.png,4563
confidence/001032.png,4612
confidence/001033.png,4542
confidence/001034.png,4567
confidence/001035.png,4612
confidence/001036.png,4702
confidence/001037.png,4699
confidence/001038.png,4860
confidence/001039.png,4860
confidence/001040.png,4975
confidence/001041.png,4844
confidence/001042.png,4547
confidence/001043.png,4488
confidence/001044.png,4299
confidence/001045.png,4171
confidence/001046.png,4050
confidence/001047.png,4215
confidence/001048.png,4370
confidence/001049.png,4638
confidence/001050.png,4664
confidence/001051.png,4505
confidence/001052.png,4397
confidence/001053.png,4536
confidence/001054.png,4676
confidence/001055.png,4431
confidence/001056.png,4520
confidence/001057.png,4571
confidence/001058.png,4445
confidence/001059.png,4630
confidence/001060.png,4857
confidence/001061.png,4835
confidence/001062.png,5005
confidence/001063.png,4942
confidence/001064.png,4912
confidence/001065.png,5314
confidence/001066.png,5369
confidence/001067.png,5076
confidence/001068.png,5133
confidence/001069.png,5240
confidence/001070.png,5000
confidence/001071.png,5086
confidence/001072.png,5455
confidence/001073.png,5435
confidence/001074.png,5582
confidence/001075.png,5524
confidence/001076.png,5396
confidence/001077.png,5628
confidence/001078.png,5911
confidence/001079.png,5996
confidence/001080.png,5962
confidence/001081.png,5763
confidence/001082.png,5709
confidence/001083.png,5986
confidence/001084.png,5569
confidence/001085.png,5650
confidence/001086.png,5678
confidence/001087.png,5822
confidence/001088.png,5790
confidence/001089.png,5594
confidence/001090.png,5295
confidence/001091.png,5589
confidence/001092.png,5566
confidence/001093.png,5585
confidence/001094.png,5562
confidence/001095.png,5407
confidence/001096.png,5445
confidence/001097.png,5523
confidence/001098.png,5496
confidence/001099.png,5455
confidence/001100.png,5251
confidence/001101.png,5036
confidence/001102.png,5242
confidence/001103.png,5233
confidence/001104.png,5203
confidence/001105.png,5254
confidence/001106.png,5388
confidence/001107.png,5366
confidence/001108.png,4885
confidence/001109.png,4986
confidence/001110.png,4969
confidence/001111.png,4978
confidence/001112.png,4834
confidence/001113.png,5014
confidence/001114.png,4905
confidence/001115.png,4878
confidence/001116.png,4798
confidence/001117.png,4846
confidence/001118.png,4824
confidence/001119.png,4713
confidence/001120.png,4849
confidence/001121.png,4909
confidence/001122.png,4961
confidence/001123.png,4893
confidence/001124.png,4878
confidence/001125.png,4833
confidence/001126.png,4823
confidence/001127.png,4867
confidence/001128.png,4878
confidence/001129.png,4898
confidence/001130.png,4926
confidence/001131.png,4822
confidence/001132.png,4644
confidence/001133.png,4739
confidence/001134.png,4895
confidence/001135.png,4905
confidence/001136.png,4834
confidence/001137.png,4796
confidence/001138.png,4748
confidence/001139.png,4818
confidence/001140.png,4809
confidence/001141.png,4747
confidence/001142.png,4818
confidence/001143.png,4796
confidence/001144.png,4799
confidence/001145.png,4767
confidence/001146.png,4824
confidence/001147.png,4785
confidence/001148.png,4832
confidence/001149.png,4770
confidence/001150.png,4769
confidence/001151.png,4799
confidence/001152.png,4653
confidence/001153.png,4674
confidence/001154.png,4515
confidence/001155.png,4451
confidence/001156.png,4344
confidence/001157.png,4329
confidence/001158.png,4296
confidence/001159.png,4272
confidence/001160.png,4128
confidence/001161.png,4139
confidence/001162.png,4208
confidence/001163.png,4204
confidence/001164.png,4149
confidence/001165.png,4066
confidence/001166.png,4063
confidence/001167.png,3978
confidence/001168.png,3981
confidence/001169.png,4021
confidence/001170.png,4029
confidence/001171.png,4010
confidence/001172.png,4005
confidence/001173.png,4002
confidence/001174.png,3970
confidence/001175.png,4040
confidence/001176.png,3968
confidence/001177.png,3965
confidence/001178.png,4033
confidence/001179.png,3865
confidence/001180.png,3988
confidence/001181.png,3857
confidence/001182.png,3838
confidence/001183.png,4007
confidence/001184.png,4060
confidence/001185.png,4030
confidence/001186.png,4017
confidence/001187.png,4042
confidence/001188.png,4045
confidence/001189.png,4048
confidence/001190.png,4035
confidence/001191.png,4053
confidence/001192.png,4036
confidence/001193.png,4034
confidence/001194.png,4030
confidence/001195.png,4034
confidence/001196.png,4054
confidence/001197.png,4050
confidence/001198.png,3873
confidence/001199.png,4035
confidence/001200.png,4010
confidence/001201.png,4008
confidence/001202.png,4030
confidence/001203.png,4070
confidence/001204.png,4017
confidence/001205.png,4058
confidence/001206.png,4009
confidence/001207.png,4043
confidence/001208.png,3995
confidence/001209.png,4043
confidence/001210.png,4102
confidence/001211.png,4148
confidence/001212.png,4171
confidence/001213.png,4104
confidence/001214.png,4142
confidence/001215.png,4129
confidence/001216.png,4150
confidence/001217.png,4170
confidence/001218.png,4222
confidence/001219.png,4260
confidence/001220.png,4187
confidence/001221.png,4315
confidence/001222.png,4391
confidence/001223.png,4395
confidence/001224.png,4403
confidence/001225.png,4438
confidence/001226.png,4502
confidence/001227.png,4543
confidence/001228.png,4534
confidence/001229.png,4573
confidence/001230.png,4475
confidence/001231.png,4571
confidence/001232.png,4520
confidence/001233.png,4534
confidence/001234.png,4567
confidence/001235.png,4507
confidence/001236.png,4482
confidence/001237.png,4553
confidence/001238.png,4492
confidence/001239.png,4492
confidence/001240.png,4605
confidence/001241.png,4563
confidence/001242.png,4370
confidence/001243.png,4441
confidence/001244.png,4439
confidence/001245.png,4493
confidence/001246.png,4555
confidence/001247.png,4637
confidence/001248.png,4598
confidence/001249.png,4716
confidence/001250.png,4708
confidence/001251.png,4754
confidence/001252.png,4762
confidence/001253.png,4758
confidence/001254.png,4680
confidence/001255.png,4773
confidence/001256.png,4814
confidence/001257.png,4794
confidence/001258.png,4798
confidence/001259.png,4955
confidence/001260.png,5009
confidence/001261.png,4936
confidence/001262.png,4886
confidence/001263.png,4934
confidence/001264.png,4893
confidence/001265.png,4908
confidence/001266.png,4868
confidence/001267.png,4907
confidence/001268.png,4839
confidence/001269.png,4868
confidence/001270.png,4826
confidence/001271.png,4833
confidence/001272.png,4788
confidence/001273.png,4784
confidence/001274.png,4780
confidence/001275.png,4610
confidence/001276.png,4632
confidence/001277.png,4625
confidence/001278.png,4599
confidence/001279.png,4631
confidence/001280.png,4569
confidence/001281.png,4451
confidence/001282.png,4492
confidence/001283.png,4477
confidence/001284.png,4506
confidence/001285.png,4481
confidence/001286.png,4447
confidence/001287.png,4406
confidence/001288.png,4315
confidence/001289.png,4307
confidence/001290.png,4321
confidence/001291.png,4186
confidence/001292.png,4313
confidence/001293.png,4341
confidence/001294.png,4212
confidence/001295.png,4251
confidence/001296.png,4227
confidence/001297.png,4338
confidence/001298.png,4236
confidence/001299.png,4268
confidence/001300.png,4277
confidence/001301.png,4298
confidence/001302.png,4390
confidence/001303.png,4254
confidence/001304.png,4410
confidence/001305.png,4428
confidence/001306.png,4413
confidence/001307.png,4321
confidence/001308.png,4382
confidence/001309.png,4213
confidence/001310.png,4405
confidence/001311.png,4470
confidence/001312.png,4460
confidence/001313.png,4515
confidence/001314.png,4524
confidence/001315.png,4541
confidence/001316.png,4459
confidence/001317.png,4456
confidence/001318.png,4471
confidence/001319.png,4491
confidence/001320.png,4499
confidence/001321.png,4509
confidence/001322.png,4533
confidence/001323.png,4589
confidence/001324.png,4564
confidence/001325.png,4575
confidence/001326.png,4544
confidence/001327.png,4582
confidence/001328.png,4532
confidence/001329.png,4518
confidence/001330.png,4580
confidence/001331.png,4507
confidence/001332.png,4520
confidence/001333.png,4489
confidence/001334.png,4466
confidence/001335.png,4467
confidence/001336.png,4430
confidence/001337.png,4177
confidence/001338.png,4304
confidence/001339.png,4322
confidence/001340.png,4323
confidence/001341.png,4332
confidence/001342.png,4310
confidence/001343.png,4333
confidence/001344.png,4298
confidence/001345.png,4347
confidence/001346.png,4354
confidence/001347.png,4323
confidence/001348.png,4306
confidence/001349.png,4344
confidence/001350.png,4350
confidence/001351.png,4352
confidence/001352.png,4343
confidence/001353.png,4369
confidence/001354.png,4330
confidence/001355.png,4392
confidence/001356.png,4363
confidence/001357.png,4353
confidence/001358.png,4394
confidence/001359.png,4402
confidence/001360.png,4346
confidence/001361.png,4403
confidence/001362.png,4397
confidence/001363.png,4409
confidence/001364.png,4419
confidence/001365.png,4415
confidence/001366.png,4384
confidence/001367.png,4371
confidence/001368.png,4395
confidence/001369.png,4400
confidence/001370.png,4424
confidence/001371.png,4420
confidence/001372.png,4378
confidence/001373.png,4419
confidence/001374.png,4388
confidence/001375.png,4378
confidence/001376.png,4341
confidence/001377.png,4341
confidence/001378.png,4344
confidence/001379.png,4293
confidence/001380.png,4309
confidence/001381.png,4326
confidence/001382.png,4268
confidence/001383.png,4241
confidence/001384.png,4267
confidence/001385.png,4253
confidence/001386.png,4296
confidence/001387.png,4349
confidence/001388.png,4356
confidence/001389.png,4353
confidence/001390.png,4321
confidence/001391.png,4339
confidence/001392.png,4328
confidence/001393.png,4308
confidence/001394.png,4267
confidence/001395.png,4293
confidence/001396.png,4257
confidence/001397.png,4314
confidence/001398.png,4301
confidence/001399.png,4205
confidence/001400.png,4301
confidence/001401.png,4286
confidence/001402.png,4167
confidence/001403.png,4292
confidence/001404.png,4368
confidence/001405.png,4290
confidence/001406.png,4504
confidence/001407.png,4556
confidence/001408.png,4449
confidence/001409.png,4531
confidence/001410.png,4561
confidence/001411.png,4683
confidence/001412.png,4745
confidence/001413.png,4840
confidence/001414.png,4865
confidence/001415.png,4985
confidence/001416.png,4959
confidence/001417.png,5014
confidence/001418.png,5018
confidence/001419.png,4999
confidence/001420.png,4895
confidence/001421.png,4887
confidence/001422.png,5007
confidence/001423.png,5007
confidence/001424.png,5151
confidence/001425.png,5022
confidence/001426.png,5012
confidence/001427.png,5177
confidence/001428.png,5306
confidence/001429.png,5504
confidence/001430.png,5493
confidence/001431.png,5426
confidence/001432.png,5356
confidence/001433.png,5394
confidence/001434.png,5545
confidence/001435.png,5382
confidence/001436.png,5430
confidence/001437.png,5363
confidence/001438.png,5393
confidence/001439.png,5389
confidence/001440.png,5410
confidence/001441.png,5510
confidence/001442.png,5437
confidence/001443.png,5257
confidence/001444.png,5138
confidence/001445.png,5254
confidence/001446.png,5351
confidence/001447.png,5263
confidence/001448.png,5050
confidence/001449.png,5209
confidence/001450.png,5480
confidence/001451.png,5319
confidence/001452.png,5340
confidence/001453.png,5197
confidence/001454.png,5447
confidence/001455.png,5348
confidence/001456.png,5330
confidence/001457.png,5270
confidence/001458.png,5528
confidence/001459.png,5416
confidence/001460.png,5419
confidence/001461.png,5465
confidence/001462.png,5397
confidence/001463.png,5323
confidence/001464.png,5460
confidence/001465.png,5522
confidence/001466.png,5549
confidence/001467.png,5382
confidence/001468.png,5477
confidence/001469.png,5558
confidence/001470.png,5620
confidence/001471.png,5526
confidence/001472.png,5392
confidence/001473.png,5330
confidence/001474.png,5270
confidence/001475.png,5081
confidence/001476.png,4978
confidence/001477.png,4821
confidence/001478.png,4852
confidence/001479.png,4775
confidence/001480.png,4624
confidence/001481.png,4828
confidence/001482.png,4808
confidence/001483.png,4738
confidence/001484.png,4768
confidence/001485.png,4833
confidence/001486.png,4876
confidence/001487.png,4887
confidence/001488.png,4712
confidence/001489.png,4812
confidence/001490.png,4734
confidence/001491.png,4860
confidence/001492.png,4793
confidence/001493.png,4896
confidence/001494.png,4962
confidence/001495.png,5010
confidence/001496.png,4985
confidence/001497.png,4993
confidence/001498.png,5080
confidence/001499.png,5082
confidence/001500.png,5090
confidence/001501.png,5118
confidence/001502.png,5270
confidence/001503.png,5192
confidence/001504.png,5148
confidence/001505.png,5302
confidence/001506.png,5279
confidence/001507.png,5243
confidence/001508.png,5315
confidence/001509.png,5324
confidence/001510.png,5351
confidence/001511.png,5356
confidence/001512.png,5371
confidence/001513.png,5377
confidence/001514.png,5525
confidence/001515.png,5494
confidence/001516.png,5555
confidence/001517.png,5695
confidence/001518.png,5852
confidence/001519.png,5819
confidence/001520.png,5917
confidence/001521.png,5901
confidence/001522.png,6066
confidence/001523.png,6203
confidence/001524.png,6268
confidence/001525.png,6288
confidence/001526.png,6247
confidence/001527.png,6327
confidence/001528.png,6539
confidence/001529.png,6245
confidence/001530.png,6362
confidence/001531.png,6321
confidence/001532.png,6307
confidence/001533.png,6239
confidence/001534.png,6238
confidence/001535.png,6281
confidence/001536.png,6082
confidence/001537.png,6179
confidence/001538.png,6078
confidence/001539.png,5886
confidence/001540.png,5988
confidence/001541.png,5723
confidence/001542.png,5870
confidence/001543.png,5758
confidence/001544.png,5826
confidence/001545.png,5887
confidence/001546.png,5822
confidence/001547.png,5846
confidence/001548.png,5760
confidence/001549.png,5792
confidence/001550.png,5631
confidence/001551.png,5395
confidence/001552.png,5518
confidence/001553.png,5566
confidence/001554.png,5604
confidence/001555.png,5544
confidence/001556.png,5498
confidence/001557.png,5490
confidence/001558.png,5414
confidence/001559.png,5463
confidence/001560.png,5338
confidence/001561.png,5374
confidence/001562.png,5164
confidence/001563.png,5203
confidence/001564.png,5324
confidence/001565.png,5271
confidence/001566.png,5068
confidence/001567.png,5090
confidence/001568.png,4979
confidence/001569.png,4853
confidence/001570.png,4983
confidence/001571.png,5061
confidence/001572.png,5075
confidence/001573.png,4957
confidence/001574.png,4937
confidence/001575.png,4980
confidence/001576.png,5015
confidence/001577.png,5132
confidence/001578.png,5159
confidence/001579.png,5062
confidence/001580.png,4976
confidence/001581.png,5015
confidence/001582.png,5088
confidence/001583.png,4996
confidence/001584.png,5046
confidence/001585.png,5102
confidence/001586.png,4917
confidence/001587.png,5163
confidence/001588.png,5127
confidence/001589.png,5267
confidence/001590.png,5085
confidence/001591.png,5170
confidence/001592.png,5330
confidence/001593.png,5232
confidence/001594.png,5476
confidence/001595.png,5510
confidence/001596.png,5391
confidence/001597.png,5384
confidence/001598.png,5355
confidence/001599.png,5369
confidence/001600.png,5348
confidence/001601.png,5300
confidence/001602.png,5238
confidence/001603.png,5337
confidence/001604.png,5392
confidence/001605.png,5344
confidence/001606.png,5439
confidence/001607.png,5481
confidence/001608.png,5554
confidence/001609.png,5424
confidence/001610.png,5181
confidence/001611.png,5370
confidence/001612.png,5137
confidence/001613.png,5274
confidence/001614.png,5291
confidence/001615.png,5174
confidence/001616.png,5189
confidence/001617.png,5292
confidence/001618.png,5013
confidence/001619.png,4996
confidence/001620.png,5036
confidence/001621.png,5157
confidence/001622.png,5076
confidence/001623.png,5066
confidence/001624.png,5120
confidence/001625.png,4929
confidence/001626.png,4750
confidence/001627.png,4640
confidence/001628.png,4697
confidence/001629.png,4583
confidence/001630.png,4661
confidence/001631.png,4565
confidence/001632.png,4577
confidence/001633.png,4443
confidence/001634.png,4478
confidence/001635.png,4587
confidence/001636.png,4467
confidence/001637.png,4338
confidence/001638.png,4353
confidence/001639.png,4470
confidence/001640.png,4537
confidence/001641.png,4471
confidence/001642.png,4619
confidence/001643.png,4562
confidence/001644.png,4436
confidence/001645.png,4370
confidence/001646.png,4440
confidence/001647.png,4428
confidence/001648.png,4389
confidence/001649.png,4388
confidence/001650.png,4414
confidence/001651.png,4487
confidence/001652.png,4414
confidence/001653.png,4349
confidence/001654.png,4422
confidence/001655.png,4380
confidence/001656.png,4414
confidence/001657.png,4432
confidence/001658.png,4421
confidence/001659.png,4494
confidence/001660.png,4412
confidence/001661.png,4470
confidence/001662.png,4438
confidence/001663.png,4420
confidence/001664.png,4402
confidence/001665.png,4440
confidence/001666.png,4435
confidence/001667.png,4341
confidence/001668.png,4462
confidence/001669.png,4479
confidence/001670.png,4459
confidence/001671.png,4438
confidence/001672.png,4496
confidence/001673.png,4429
confidence/001674.png,4507
confidence/001675.png,4456
confidence/001676.png,4458
confidence/001677.png,4416
confidence/001678.png,4425
confidence/001679.png,4368
confidence/001680.png,4388
confidence/001681.png,4356
confidence/001682.png,4382
confidence/001683.png,4380
confidence/001684.png,4409
confidence/001685.png,4387
confidence/001686.png,4324
confidence/001687.png,4339
confidence/001688.png,4361
confidence/001689.png,4392
confidence/001690.png,4365
confidence/001691.png,4296
confidence/001692.png,4263
confidence/001693.png,4304
confidence/001694.png,4360
confidence/001695.png,4312
confidence/001696.png,4344
confidence/001697.png,4298
confidence/001698.png,4317
confidence/001699.png,4327
confidence/001700.png,4327
confidence/001701.png,4378
confidence/001702.png,4389
confidence/001703.png,4383
confidence/001704.png,4412
confidence/001705.png,4488
confidence/001706.png,4433
confidence/001707.png,4433
confidence/001708.png,4478
confidence/001709.png,4463
confidence/001710.png,4397
confidence/001711.png,4441
confidence/001712.png,4438
confidence/001713.png,4475
confidence/001714.png,4480
confidence/001715.png,4482
confidence/001716.png,4478
confidence/001717.png,4482
confidence/001718.png,4452
confidence/001719.png,4519
confidence/001720.png,4512
confidence/001721.png,4497
confidence/001722.png,4588
confidence/001723.png,4649
confidence/001724.png,4654
confidence/001725.png,4691
confidence/001726.png,4720
confidence/001727.png,4675
confidence/001728.png,4593
confidence/001729.png,4706
confidence/001730.png,4694
confidence/001731.png,4691
confidence/001732.png,4724
confidence/001733.png,4650
confidence/001734.png,4756
confidence/001735.png,4671
confidence/001736.png,4715
confidence/001737.png,4708
confidence/001738.png,4778
confidence/001739.png,4718
confidence/001740.png,4786
confidence/001741.png,4698
confidence/001742.png,4695
confidence/001743.png,4702
confidence/001744.png,4754
confidence/001745.png,4720
confidence/001746.png,4597
confidence/001747.png,4580
confidence/001748.png,4794
confidence/001749.png,4631
confidence/001750.png,4845
confidence/001751.png,4776
confidence/001752.png,4885
confidence/001753.png,4859
confidence/001754.png,4827
confidence/001755.png,4623
confidence/001756.png,4572
confidence/001757.png,4671
confidence/001758.png,4690
confidence/001759.png,4835
confidence/001760.png,4742
confidence/001761.png,4300
confidence/001762.png,4436
confidence/001763.png,4383
confidence/001764.png,4291
confidence/001765.png,4377
confidence/001766.png,4488
confidence/001767.png,4373
confidence/001768.png,4439
confidence/001769.png,4400
confidence/001770.png,4463
confidence/001771.png,4291
confidence/001772.png,4457
confidence/001773.png,4467
confidence/001774.png,4343
confidence/001775.png,4321
confidence/001776.png,4399
confidence/001777.png,4438
confidence/001778.png,4427
confidence/001779.png,4451
confidence/001780.png,4462
confidence/001781.png,4624
confidence/001782.png,4606
confidence/001783.png,4492
confidence/001784.png,4549
confidence/001785.png,4555
confidence/001786.png,4311
confidence/001787.png,4446
confidence/001788.png,4545
confidence/001789.png,4553
confidence/001790.png,4570
confidence/001791.png,4506
confidence/001792.png,4554
confidence/001793.png,4440
confidence/001794.png,4669
confidence/001795.png,4502
confidence/001796.png,4419
confidence/001797.png,4469
confidence/001798.png,4236
confidence/001799.png,4316
confidence/001800.png,4435
confidence/001801.png,4502
confidence/001802.png,4474
confidence/001803.png,4537
confidence/001804.png,4491
confidence/001805.png,4454
confidence/001806.png,4521
confidence/001807.png,4501
confidence/001808.png,4451
confidence/001809.png,4585
confidence/001810.png,4458
confidence/001811.png,4563
confidence/001812.png,4556
confidence/001813.png,4474
confidence/001814.png,4641
confidence/001815.png,4542
confidence/001816.png,4510
confidence/001817.png,4519
confidence/001818.png,4471
confidence/001819.png,4443
confidence/001820.png,4454
confidence/001821.png,4459
confidence/001822.png,4433
confidence/001823.png,4375
confidence/001824.png,4329
confidence/001825.png,4421
confidence/001826.png,4326
confidence/001827.png,4322
confidence/001828.png,4419
confidence/001829.png,4450
confidence/001830.png,4428
confidence/001831.png,4442
confidence/001832.png,4420
confidence/001833.png,4461
confidence/001834.png,4538
confidence/001835.png,4502
confidence/001836.png,4518
confidence/001837.png,4416
confidence/001838.png,4377
confidence/001839.png,4404
confidence/001840.png,4510
confidence/001841.png,4604
confidence/001842.png,4615
confidence/001843.png,4592
confidence/001844.png,4498
confidence/001845.png,4433
confidence/001846.png,4414
confidence/001847.png,4553
confidence/001848.png,4647
confidence/001849.png,4664
confidence/001850.png,4612
confidence/001851.png,4543
confidence/001852.png,4504
confidence/001853.png,4454
confidence/001854.png,4513
confidence/001855.png,4442
confidence/001856.png,4516
confidence/001857.png,4500
confidence/001858.png,4517
confidence/001859.png,4443
confidence/001860.png,4398
confidence/001861.png,4437
confidence/001862.png,4503
confidence/001863.png,4568
confidence/001864.png,4581
confidence/001865.png,4506
confidence/001866.png,4561
confidence/001867.png,4657
confidence/001868.png,4729
confidence/001869.png,4706
confidence/001870.png,4581
confidence/001871.png,4618
confidence/001872.png,4585
confidence/001873.png,4610
confidence/001874.png,4571
confidence/001875.png,4513
confidence/001876.png,4519
confidence/001877.png,4579
confidence/001878.png,4594
confidence/001879.png,4553
confidence/001880.png,4557
confidence/001881.png,4595
confidence/001882.png,4674
confidence/001883.png,4632
confidence/001884.png,4568
confidence/001885.png,4587
confidence/001886.png,4623
confidence/001887.png,4613
confidence/001888.png,4623
confidence/001889.png,4690
confidence/001890.png,4607
confidence/001891.png,4626
confidence/001892.png,4686
confidence/001893.png,4650
confidence/001894.png,4612
confidence/001895.png,4545
confidence/001896.png,4520
confidence/001897.png,4525
confidence/001898.png,4623
confidence/001899.png,4606
confidence/001900.png,4527
confidence/001901.png,4558
confidence/001902.png,4543
confidence/001903.png,4514
confidence/001904.png,4584
confidence/001905.png,4535
confidence/001906.png,4574
confidence/001907.png,4578
confidence/001908.png,4537
confidence/001909.png,4576
confidence/001910.png,4528
confidence/001911.png,4644
confidence/001912.png,4672
confidence/001913.png,4670
confidence/001914.png,4754
confidence/001915.png,4782
confidence/001916.png,4644
confidence/001917.png,4752
confidence/001918.png,4744
confidence/001919.png,4824
confidence/001920.png,4843
confidence/001921.png,4828
confidence/001922.png,4953
confidence/001923.png,4956
confidence/001924.png,5027
confidence/001925.png,5038
confidence/001926.png,5214
confidence/001927.png,5267
confidence/001928.png,5357
confidence/001929.png,5378
confidence/001930.png,5488
confidence/001931.png,5609
confidence/001932.png,5657
confidence/001933.png,5587
confidence/001934.png,5581
confidence/001935.png,5204
confidence/001936.png,5416
confidence/001937.png,5391
confidence/001938.png,5691
confidence/001939.png,5423
confidence/001940.png,5623
confidence/001941.png,5570
confidence/001942.png,5354
confidence/001943.png,5490
confidence/001944.png,5588
confidence/001945.png,5490
confidence/001946.png,5392
confidence/001947.png,5449
confidence/001948.png,5017
confidence/001949.png,4992
confidence/001950.png,5213
confidence/001951.png,5442
confidence/001952.png,5152
confidence/001953.png,5046
confidence/001954.png,5226
confidence/001955.png,5206
confidence/001956.png,4977
confidence/001957.png,4926
confidence/001958.png,5171
confidence/001959.png,5343
confidence/001960.png,5469
confidence/001961.png,5736
confidence/001962.png,5894
confidence/001963.png,5035
confidence/001964.png,5490
confidence/001965.png,5596
confidence/001966.png,4924
confidence/001967.png,5034
confidence/001968.png,5196
confidence/001969.png,4745
confidence/001970.png,4500
confidence/001971.png,4576
confidence/001972.png,4409
confidence/001973.png,4764
confidence/001974.png,4708
confidence/001975.png,5072
confidence/001976.png,5066
confidence/001977.png,4942
confidence/001978.png,4867
confidence/001979.png,4431
confidence/001980.png,4653
confidence/001981.png,4781
confidence/001982.png,4553
confidence/001983.png,4838
confidence/001984.png,4974
confidence/001985.png,4995
confidence/001986.png,4886
confidence/001987.png,4995
confidence/001988.png,4659
confidence/001989.png,4754
confidence/001990.png,4744
confidence/001991.png,4527
confidence/001992.png,4386
confidence/001993.png,4496
confidence/001994.png,4398
confidence/001995.png,4256
confidence/001996.png,4391
confidence/001997.png,4413
confidence/001998.png,4388
confidence/001999.png,4403
confidence/002000.png,4250
confidence/002001.png,4342
confidence/002002.png,4348
confidence/002003.png,4256
confidence/002004.png,4277
confidence/002005.png,4278
confidence/002006.png,4433
confidence/002007.png,4450
confidence/002008.png,4409
confidence/002009.png,4442
confidence/002010.png,4327
confidence/002011.png,4311
confidence/002012.png,4288
confidence/002013.png,4455
confidence/002014.png,4294
confidence/002015.png,4496
confidence/002016.png,4434
confidence/002017.png,4270
confidence/002018.png,4332
confidence/002019.png,4461
confidence/002020.png,4427
confidence/002021.png,4288
confidence/002022.png,4346
confidence/002023.png,4265
confidence/002024.png,4268
confidence/002025.png,4274
confidence/002026.png,4124
confidence/002027.png,4282
confidence/002028.png,4413
confidence/002029.png,4306
confidence/002030.png,4350
confidence/002031.png,4415
confidence/002032.png,4236
confidence/002033.png,4363
confidence/002034.png,4447
confidence/002035.png,4377
confidence/002036.png,4392
confidence/002037.png,4472
confidence/002038.png,4253
confidence/002039.png,4349
confidence/002040.png,4283
confidence/002041.png,4193
confidence/002042.png,4326
confidence/002043.png,4331
confidence/002044.png,4135
confidence/002045.png,4174
confidence/002046.png,4278
confidence/002047.png,4353
confidence/002048.png,4290
confidence/002049.png,4394
confidence/002050.png,4312
confidence/002051.png,4367
confidence/002052.png,4397
confidence/002053.png,4279
confidence/002054.png,4308
confidence/002055.png,4325
confidence/002056.png,4350
confidence/002057.png,4302
confidence/002058.png,4322
confidence/002059.png,4303
confidence/002060.png,4320
confidence/002061.png,4225
confidence/002062.png,4296
confidence/002063.png,4338
confidence/002064.png,4243
confidence/002065.png,4232
confidence/002066.png,4313
confidence/002067.png,4262
confidence/002068.png,4304
confidence/002069.png,4337
confidence/002070.png,4325
confidence/002071.png,4353
confidence/002072.png,4328
confidence/002073.png,4360
confidence/002074.png,4315
confidence/002075.png,4285
confidence/002076.png,4277
confidence/002077.png,4286
confidence/002078.png,4272
confidence/002079.png,4266
confidence/002080.png,4315
confidence/002081.png,4265
confidence/002082.png,4292
confidence/002083.png,4273
confidence/002084.png,4290
confidence/002085.png,4259
confidence/002086.png,4318
confidence/002087.png,4342
confidence/002088.png,4295
confidence/002089.png,4299
confidence/002090.png,4278
confidence/002091.png,4292
confidence/002092.png,4204
confidence/002093.png,4281
confidence/002094.png,4291
confidence/002095.png,4309
confidence/002096.png,4175
confidence/002097.png,4202
confidence/002098.png,4244
confidence/002099.png,4294
confidence/002100.png,4274
confidence/002101.png,4279
confidence/002102.png,4242
confidence/002103.png,4262
confidence/002104.png,4274
confidence/002105.png,4245
confidence/002106.png,4205
confidence/002107.png,4267
confidence/002108.png,4301
confidence/002109.png,4251
confidence/002110.png,4303
confidence/002111.png,4290
confidence/002112.png,4272
confidence/002113.png,4256
confidence/002114.png,4248
confidence/002115.png,4285
confidence/002116.png,4327
confidence/002117.png,4272
confidence/002118.png,4283
confidence/002119.png,4237
confidence/002120.png,4313
confidence/002121.png,4293
confidence/002122.png,4308
confidence/002123.png,4316
confidence/002124.png,4338
confidence/002125.png,4325
confidence/002126.png,4255
confidence/002127.png,4280
confidence/002128.png,4303
confidence/002129.png,4303
confidence/002130.png,4393
confidence/002131.png,4384
confidence/002132.png,4403
confidence/002133.png,4386
confidence/002134.png,4388
confidence/002135.png,4287
confidence/002136.png,4328
confidence/002137.png,4328
confidence/002138.png,4330
confidence/002139.png,4319
confidence/002140.png,4386
confidence/002141.png,4358
confidence/002142.png,4307
confidence/002143.png,4339
confidence/002144.png,4338
confidence/002145.png,4329
confidence/002146.png,4331
confidence/002147.png,4324
confidence/002148.png,4315
confidence/002149.png,4315
confidence/002150.png,4314
confidence/002151.png,4308
confidence/002152.png,4314
confidence/002153.png,4323
confidence/002154.png,4344
confidence/002155.png,4468
confidence/002156.png,4349
confidence/002157.png,4344
confidence/002158.png,4327
confidence/002159.png,4310
confidence/002160.png,4306
confidence/002161.png,4353
confidence/002162.png,4280
confidence/002163.png,4293
confidence/002164.png,4252
confidence/002165.png,4188
confidence/002166.png,4258
confidence/002167.png,4240
confidence/002168.png,4336
confidence/002169.png,4360
confidence/002170.png,4249
confidence/002171.png,4244
confidence/002172.png,4262
confidence/002173.png,4222
confidence/002174.png,4175
confidence/002175.png,4221
confidence/002176.png,4265
confidence/002177.png,4302
confidence/002178.png,4355
confidence/002179.png,4252
confidence/002180.png,4197
confidence/002181.png,4190
confidence/002182.png,4214
confidence/002183.png,4267
confidence/002184.png,4296
confidence/002185.png,4299
confidence/002186.png,4317
confidence/002187.png,4308
confidence/002188.png,4305
confidence/002189.png,4351
confidence/002190.png,4323
confidence/002191.png,4358
confidence/002192.png,4401
confidence/002193.png,4354
confidence/002194.png,4353
confidence/002195.png,4346
confidence/002196.png,4364
confidence/002197.png,4299
confidence/002198.png,4404
confidence/002199.png,4363
confidence/002200.png,4379
confidence/002201.png,4338
confidence/002202.png,4321
confidence/002203.png,4298
confidence/002204.png,4294
confidence/002205.png,4318
confidence/002206.png,4287
confidence/002207.png,4286
confidence/002208.png,4274
confidence/002209.png,4170
confidence/002210.png,4146
confidence/002211.png,4159
confidence/002212.png,4156
confidence/002213.png,4191
confidence/002214.png,4141
confidence/002215.png,4031
confidence/002216.png,4060
confidence/002217.png,4046
confidence/002218.png,4115
confidence/002219.png,3972
confidence/002220.png,3942
confidence/002221.png,4076
confidence/002222.png,4094
confidence/002223.png,4054
confidence/002224.png,4100
confidence/002225.png,4097
confidence/002226.png,3989
confidence/002227.png,4002
confidence/002228.png,3974
confidence/002229.png,4022
confidence/002230.png,3936
confidence/002231.png,4044
confidence/002232.png,4161
confidence/002233.png,3972
confidence/002234.png,4054
confidence/002235.png,4135
confidence/002236.png,4091
confidence/002237.png,4088
confidence/002238.png,4082
confidence/002239.png,4152
confidence/002240.png,4157
confidence/002241.png,4122
confidence/002242.png,4179
confidence/002243.png,4168
confidence/002244.png,4114
confidence/002245.png,4061
confidence/002246.png,4007
confidence/002247.png,4019
confidence/002248.png,4017
confidence/002249.png,4015
confidence/002250.png,4047
confidence/002251.png,4006
confidence/002252.png,4105
confidence/002253.png,4039
confidence/002254.png,4056
confidence/002255.png,4234
confidence/002256.png,4011
confidence/002257.png,4128
confidence/002258.png,4262
confidence/002259.png,4531
confidence/002260.png,4326
confidence/002261.png,4597
confidence/002262.png,4469
confidence/002263.png,4236
confidence/002264.png,4096
confidence/002265.png,4428
confidence/002266.png,4029
confidence/002267.png,4086
confidence/002268.png,4219
confidence/002269.png,4184
confidence/002270.png,4053
confidence/002271.png,4631
confidence/002272.png,4146
confidence/002273.png,4078
confidence/002274.png,4388
confidence/002275.png,4090
confidence/002276.png,4097
confidence/002277.png,4361
confidence/002278.png,4181
confidence/002279.png,4178
confidence/002280.png,4233
confidence/002281.png,4541
confidence/002282.png,4217
confidence/002283.png,4077
confidence/002284.png,4183
confidence/002285.png,4120
confidence/002286.png,3870
confidence/002287.png,4294
confidence/002288.png,4013
confidence/002289.png,3845
confidence/002290.png,4322
confidence/002291.png,4043
confidence/002292.png,4009
confidence/002293.png,4172
confidence/002294.png,4025
confidence/002295.png,4045
confidence/002296.png,4195
confidence/002297.png,4223
confidence/002298.png,4250
confidence/002299.png,4295
confidence/002300.png,4362
confidence/002301.png,4312
confidence/002302.png,4288
confidence/002303.png,4250
confidence/002304.png,4303
confidence/002305.png,4265
confidence/002306.png,4307
confidence/002307.png,4285
confidence/002308.png,4216
confidence/002309.png,4176
confidence/002310.png,4174
confidence/002311.png,4215
confidence/002312.png,4199
confidence/002313.png,4140
confidence/002314.png,4191
confidence/002315.png,4207
confidence/002316.png,4280
confidence/002317.png,4318
confidence/002318.png,4386
confidence/002319.png,4438
confidence/002320.png,4466
confidence/002321.png,4545
confidence/002322.png,4595
confidence/002323.png,4705
confidence/002324.png,4592
confidence/002325.png,4636
confidence/002326.png,4572
confidence/002327.png,4721
confidence/002328.png,4699
confidence/002329.png,4710
confidence/002330.png,4825
confidence/002331.png,4647
confidence/002332.png,4688
confidence/002333.png,4852
confidence/002334.png,4873
confidence/002335.png,4890
confidence/002336.png,4915
confidence/002337.png,4857
confidence/002338.png,4904
confidence/002339.png,4983
confidence/002340.png,4940
confidence/002341.png,4921
confidence/002342.png,4946
confidence/002343.png,5040
confidence/002344.png,4983
confidence/002345.png,4967
confidence/002346.png,4961
confidence/002347.png,4961
confidence/002348.png,4979
confidence/002349.png,4888
confidence/002350.png,4915
confidence/002351.png,4937
confidence/002352.png,4903
confidence/002353.png,4874
confidence/002354.png,4837
confidence/002355.png,4805
confidence/002356.png,4786
confidence/002357.png,4807
confidence/002358.png,4807
confidence/002359.png,4792
confidence/002360.png,4697
confidence/002361.png,4704
confidence/002362.png,4674
confidence/002363.png,4631
confidence/002364.png,4688
confidence/002365.png,4635
confidence/002366.png,4643
confidence/002367.png,4608
confidence/002368.png,4627
confidence/002369.png,4547
confidence/002370.png,4609
confidence/002371.png,4613
confidence/002372.png,4529
confidence/002373.png,4418
confidence/002374.png,4447
confidence/002375.png,4355
confidence/002376.png,4343
confidence/002377.png,4307
confidence/002378.png,4329
confidence/002379.png,4261
confidence/002380.png,4205
confidence/002381.png,4173
confidence/002382.png,4224
confidence/002383.png,4246
confidence/002384.png,4249
confidence/002385.png,4310
confidence/002386.png,4338
confidence/002387.png,4322
confidence/002388.png,4356
confidence/002389.png,4349
confidence/002390.png,4326
confidence/002391.png,4347
confidence/002392.png,4404
confidence/002393.png,4441
confidence/002394.png,4453
confidence/002395.png,4515
confidence/002396.png,4378
confidence/002397.png,4383
confidence/002398.png,4447
confidence/002399.png,4433
confidence/002400.png,4434
confidence/002401.png,4427
confidence/002402.png,4491
confidence/002403.png,4510
confidence/002404.png,4503
confidence/002405.png,4625
confidence/002406.png,4523
confidence/002407.png,4545
confidence/002408.png,4515
confidence/002409.png,4548
confidence/002410.png,4560
confidence/002411.png,4545
confidence/002412.png,4584
confidence/002413.png,4566
confidence/002414.png,4595
confidence/002415.png,4632
confidence/002416.png,4633
confidence/002417.png,4581
confidence/002418.png,4672
confidence/002419.png,4621
confidence/002420.png,4678
confidence/002421.png,4621
confidence/002422.png,4558
confidence/002423.png,4630
confidence/002424.png,4575
confidence/002425.png,4565
confidence/002426.png,4523
confidence/002427.png,4621
confidence/002428.png,4497
confidence/002429.png,4508
confidence/002430.png,4521
confidence/002431.png,4425
confidence/002432.png,4496
confidence/002433.png,4467
confidence/002434.png,4501
confidence/002435.png,4600
confidence/002436.png,4583
confidence/002437.png,4615
confidence/002438.png,4589
confidence/002439.png,4656
confidence/002440.png,4659
confidence/002441.png,4644
confidence/002442.png,4756
confidence/002443.png,4851
confidence/002444.png,4739
confidence/002445.png,4807
confidence/002446.png,4866
confidence/002447.png,4881
confidence/002448.png,4701
confidence/002449.png,4931
confidence/002450.png,4773
confidence/002451.png,4960
confidence/002452.png,4952
confidence/002453.png,4857
confidence/002454.png,4926
confidence/002455.png,4992
confidence/002456.png,4963
confidence/002457.png,4940
confidence/002458.png,4838
confidence/002459.png,4817
confidence/002460.png,4931
confidence/002461.png,4850
confidence/002462.png,4844
confidence/002463.png,4875
confidence/002464.png,4943
confidence/002465.png,4952
confidence/002466.png,4898
confidence/002467.png,4957
confidence/002468.png,4883
confidence/002469.png,4962
confidence/002470.png,5092
confidence/002471.png,5029
confidence/002472.png,5187
confidence/002473.png,5191
confidence/002474.png,5232
confidence/002475.png,5076
confidence/002476.png,5243
confidence/002477.png,5081
confidence/002478.png,5010
confidence/002479.png,4987
confidence/002480.png,5073
confidence/002481.png,5134
confidence/002482.png,5152
confidence/002483.png,5114
confidence/002484.png,5025
confidence/002485.png,4917
confidence/002486.png,4957
confidence/002487.png,4859
confidence/002488.png,4752
confidence/002489.png,4645
confidence/002490.png,4704
confidence/002491.png,4742
confidence/002492.png,4579
confidence/002493.png,4959
confidence/002494.png,5262
confidence/002495.png,5000
confidence/002496.png,5079
confidence/002497.png,4975
confidence/002498.png,5075
confidence/002499.png,5246
confidence/002500.png,5217
confidence/002501.png,5315
confidence/002502.png,5442
confidence/002503.png,5339
confidence/002504.png,5271
confidence/002505.png,5214
confidence/002506.png,5136
confidence/002507.png,5461
confidence/002508.png,5599
confidence/002509.png,5616
confidence/002510.png,5337
confidence/002511.png,5481
confidence/002512.png,5444
confidence/002513.png,5680
confidence/002514.png,5642
confidence/002515.png,5812
confidence/002516.png,5883
confidence/002517.png,6156
confidence/002518.png,6131
confidence/002519.png,6189
confidence/002520.png,6211
confidence/002521.png,5997
confidence/002522.png,6030
confidence/002523.png,5770
confidence/002524.png,5776
confidence/002525.png,6154
confidence/002526.png,5799
confidence/002527.png,5903
confidence/002528.png,6075
confidence/002529.png,6212
confidence/002530.png,6038
confidence/002531.png,6278
confidence/002532.png,6121
confidence/002533.png,6088
confidence/002534.png,6207
confidence/002535.png,6136
confidence/002536.png,6180
confidence/002537.png,6234
confidence/002538.png,6132
confidence/002539.png,6067
confidence/002540.png,6447
confidence/002541.png,6448
confidence/002542.png,6572
confidence/002543.png,6318
confidence/002544.png,6509
confidence/002545.png,6370
confidence/002546.png,6385
confidence/002547.png,6550
confidence/002548.png,6529
confidence/002549.png,6598
confidence/002550.png,6401
confidence/002551.png,6405
confidence/002552.png,6422
confidence/002553.png,6454
confidence/002554.png,6599
confidence/002555.png,6133
confidence/002556.png,6502
confidence/002557.png,6651
confidence/002558.png,6646
confidence/002559.png,6417
confidence/002560.png,6217
confidence/002561.png,6399
confidence/002562.png,6345
confidence/002563.png,6127
confidence/002564.png,6653
confidence/002565.png,6319
confidence/002566.png,6116
confidence/002567.png,6279
confidence/002568.png,6416
confidence/002569.png,6102
confidence/002570.png,6329
confidence/002571.png,6263
confidence/002572.png,5824
confidence/002573.png,5741
confidence/002574.png,5868
confidence/002575.png,5731
confidence/002576.png,6021
confidence/002577.png,5938
confidence/002578.png,5888
confidence/002579.png,6111
confidence/002580.png,5815
confidence/002581.png,5938
confidence/002582.png,6129
confidence/002583.png,5971
confidence/002584.png,5957
confidence/002585.png,6024
confidence/002586.png,5778
confidence/002587.png,5792
confidence/002588.png,5806
confidence/002589.png,5754
confidence/002590.png,5750
confidence/002591.png,5745
confidence/002592.png,5850
confidence/002593.png,6132
confidence/002594.png,5818
confidence/002595.png,6069
confidence/002596.png,6042
confidence/002597.png,5906
confidence/002598.png,5635
confidence/002599.png,5759
confidence/002600.png,5568
confidence/002601.png,5379
confidence/002602.png,5500
confidence/002603.png,5537
confidence/002604.png,5481
confidence/002605.png,5276
confidence/002606.png,5079
confidence/002607.png,5075
confidence/002608.png,5324
confidence/002609.png,4998
confidence/002610.png,5151
confidence/002611.png,4850
confidence/002612.png,4876
confidence/002613.png,4898
confidence/002614.png,5036
confidence/002615.png,5107
confidence/002616.png,5129
confidence/002617.png,4986
confidence/002618.png,5048
confidence/002619.png,4864
confidence/002620.png,4950
confidence/002621.png,5011
confidence/002622.png,4989
confidence/002623.png,4982
confidence/002624.png,5147
confidence/002625.png,5061
confidence/002626.png,5032
confidence/002627.png,5094
confidence/002628.png,5121
confidence/002629.png,5147
confidence/002630.png,5155
confidence/002631.png,5189
confidence/002632.png,5099
confidence/002633.png,5075
confidence/002634.png,5105
confidence/002635.png,5183
confidence/002636.png,5122
confidence/002637.png,5074
confidence/002638.png,5138
confidence/002639.png,5050
confidence/002640.png,4988
confidence/002641.png,5089
confidence/002642.png,4959
confidence/002643.png,4994
confidence/002644.png,5034
confidence/002645.png,5137
confidence/002646.png,5266
confidence/002647.png,5089
confidence/002648.png,5174
confidence/002649.png,5028
confidence/002650.png,5093
confidence/002651.png,5093
confidence/002652.png,5073
confidence/002653.png,5057
confidence/002654.png,5116
confidence/002655.png,5136
confidence/002656.png,5244
confidence/002657.png,5012
confidence/002658.png,5311
confidence/002659.png,5257
confidence/002660.png,5217
confidence/002661.png,5237
confidence/002662.png,5306
confidence/002663.png,5121
confidence/002664.png,5167
confidence/002665.png,5078
confidence/002666.png,5122
confidence/002667.png,5062
confidence/002668.png,5135
confidence/002669.png,5092
confidence/002670.png,5094
confidence/002671.png,5059
confidence/002672.png,5106
confidence/002673.png,5213
confidence/002674.png,5260
confidence/002675.png,5151
confidence/002676.png,5138
confidence/002677.png,5217
confidence/002678.png,5062
confidence/002679.png,5033
confidence/002680.png,5001
confidence/002681.png,5067
confidence/002682.png,5127
confidence/002683.png,5108
confidence/002684.png,5064
confidence/002685.png,5045
confidence/002686.png,5048
confidence/002687.png,5402
confidence/002688.png,5323
confidence/002689.png,5315
confidence/002690.png,5379
confidence/002691.png,5337
confidence/002692.png,5244
confidence/002693.png,5223
confidence/002694.png,5023
confidence/002695.png,4981
confidence/002696.png,4914
confidence/002697.png,5023
confidence/002698.png,4938
confidence/002699.png,4994
confidence/002700.png,4892
confidence/002701.png,4763
confidence/002702.png,4693
confidence/002703.png,4689
confidence/002704.png,4810
confidence/002705.png,4709
confidence/002706.png,4729
confidence/002707.png,4818
confidence/002708.png,4798
confidence/002709.png,4740
confidence/002710.png,4642
confidence/002711.png,4668
confidence/002712.png,4701
confidence/002713.png,4751
confidence/002714.png,4644
confidence/002715.png,4617
confidence/002716.png,4560
confidence/002717.png,4715
confidence/002718.png,4599
confidence/002719.png,4689
confidence/002720.png,4736
confidence/002721.png,4663
confidence/002722.png,4650
confidence/002723.png,4740
confidence/002724.png,4800
confidence/002725.png,4631
confidence/002726.png,4736
confidence/002727.png,4542
confidence/002728.png,4479
confidence/002729.png,4471
confidence/002730.png,4555
confidence/002731.png,4501
confidence/002732.png,4648
confidence/002733.png,4669
confidence/002734.png,4549
confidence/002735.png,4571
confidence/002736.png,4515
confidence/002737.png,4571
confidence/002738.png,4584
confidence/002739.png,4545
confidence/002740.png,4817
confidence/002741.png,4773
confidence/002742.png,4751
confidence/002743.png,4736
confidence/002744.png,4630
confidence/002745.png,4544
confidence/002746.png,4680
confidence/002747.png,4607
confidence/002748.png,4605
confidence/002749.png,4613
confidence/002750.png,4523
confidence/002751.png,4401
confidence/002752.png,4456
confidence/002753.png,4508
confidence/002754.png,4371
confidence/002755.png,4405
confidence/002756.png,4483
confidence/002757.png,4582
confidence/002758.png,4573
confidence/002759.png,4359
confidence/002760.png,4479
confidence/002761.png,4442
confidence/002762.png,4706
confidence/002763.png,4544
confidence/002764.png,4518
confidence/002765.png,4559
confidence/002766.png,4551
confidence/002767.png,4577
confidence/002768.png,4530
confidence/002769.png,4488
confidence/002770.png,4522
confidence/002771.png,4553
confidence/002772.png,4561
confidence/002773.png,4549
confidence/002774.png,4432
confidence/002775.png,4524
confidence/002776.png,4567
confidence/002777.png,4513
confidence/002778.png,4422
confidence/002779.png,4481
confidence/002780.png,4358
confidence/002781.png,4367
confidence/002782.png,4356
confidence/002783.png,4328
confidence/002784.png,4307
confidence/002785.png,4251
confidence/002786.png,4351
confidence/002787.png,4316
confidence/002788.png,4379
confidence/002789.png,4247
confidence/002790.png,4230
confidence/002791.png,4091
confidence/002792.png,4128
confidence/002793.png,4100
confidence/002794.png,4184
confidence/002795.png,4351
confidence/002796.png,4415
confidence/002797.png,4299
confidence/002798.png,4309
confidence/002799.png,4316
confidence/002800.png,4276
confidence/002801.png,4195
confidence/002802.png,4230
confidence/002803.png,4013
confidence/002804.png,4042
confidence/002805.png,4160
confidence/002806.png,4167
confidence/002807.png,4045
confidence/002808.png,4044
confidence/002809.png,4063
confidence/002810.png,4136
confidence/002811.png,4283
confidence/002812.png,4319
confidence/002813.png,4524
confidence/002814.png,4274
confidence/002815.png,4380
confidence/002816.png,4410
confidence/002817.png,4626
confidence/002818.png,4428
confidence/002819.png,4500
confidence/002820.png,4532
confidence/002821.png,4572
confidence/002822.png,4719
confidence/002823.png,4609
confidence/002824.png,4840
confidence/002825.png,4797
confidence/002826.png,4717
confidence/002827.png,4801
confidence/002828.png,4833
confidence/002829.png,4865
confidence/002830.png,4928
confidence/002831.png,4863
confidence/002832.png,4956
confidence/002833.png,4829
confidence/002834.png,4898
confidence/002835.png,4896
confidence/002836.png,4855
confidence/002837.png,5226
confidence/002838.png,5201
confidence/002839.png,4971
confidence/002840.png,4854
confidence/002841.png,4934
confidence/002842.png,4954
confidence/002843.png,5241
confidence/002844.png,5208
confidence/002845.png,5200
confidence/002846.png,5202
confidence/002847.png,5206
confidence/002848.png,5145
confidence/002849.png,5049
confidence/002850.png,5013
confidence/002851.png,4902
confidence/002852.png,5145
confidence/002853.png,5029
confidence/002854.png,5043
confidence/002855.png,4782
confidence/002856.png,4962
confidence/002857.png,4651
confidence/002858.png,4706
confidence/002859.png,4811
confidence/002860.png,4568
confidence/002861.png,4661
confidence/002862.png,4642
confidence/002863.png,4388
confidence/002864.png,4305
confidence/002865.png,4389
confidence/002866.png,4170
confidence/002867.png,3980
confidence/002868.png,4152
confidence/002869.png,4154
confidence/002870.png,4050
confidence/002871.png,4336
confidence/002872.png,4187
confidence/002873.png,4036
confidence/002874.png,4270
confidence/002875.png,4246
confidence/002876.png,4255
confidence/002877.png,4377
confidence/002878.png,4494
confidence/002879.png,4276
confidence/002880.png,4575
confidence/002881.png,4546
confidence/002882.png,5033
confidence/002883.png,5299
confidence/002884.png,5540
confidence/002885.png,5717
confidence/002886.png,5626
confidence/002887.png,5680
confidence/002888.png,6096
confidence/002889.png,6030
confidence/002890.png,6384
confidence/002891.png,6030
confidence/002892.png,6310
confidence/002893.png,6127
confidence/002894.png,6339
confidence/002895.png,5826
confidence/002896.png,5708
confidence/002897.png,5419
confidence/002898.png,5225
confidence/002899.png,5201
confidence/002900.png,5086
confidence/002901.png,4971
confidence/002902.png,5098
confidence/002903.png,5198
confidence/002904.png,5002
confidence/002905.png,4994
confidence/002906.png,5017
confidence/002907.png,4775
confidence/002908.png,4741
confidence/002909.png,4830
confidence/002910.png,4578
confidence/002911.png,4439
confidence/002912.png,4384
confidence/002913.png,4543
confidence/002914.png,4461
confidence/002915.png,4877
confidence/002916.png,5081
confidence/002917.png,5028
confidence/002918.png,5061
confidence/002919.png,5529
confidence/002920.png,5330
confidence/002921.png,5239
confidence/002922.png,4902
confidence/002923.png,5331
confidence/002924.png,5178
confidence/002925.png,5713
confidence/002926.png,5097
confidence/002927.png,5224
confidence/002928.png,4923
confidence/002929.png,4927
confidence/002930.png,5045
confidence/002931.png,5218
confidence/002932.png,5251
confidence/002933.png,5264
confidence/002934.png,4960
confidence/002935.png,4845
confidence/002936.png,4528
confidence/002937.png,4719
confidence/002938.png,4734
confidence/002939.png,4779
confidence/002940.png,4734
confidence/002941.png,4647
confidence/002942.png,4579
confidence/002943.png,4589
confidence/002944.png,4493
confidence/002945.png,4375
confidence/002946.png,4461
confidence/002947.png,4470
confidence/002948.png,4390
confidence/002949.png,4294
confidence/002950.png,4313
confidence/002951.png,4396
confidence/002952.png,4354
confidence/002953.png,4335
confidence/002954.png,4258
confidence/002955.png,4368
confidence/002956.png,4289
confidence/002957.png,4311
confidence/002958.png,4257
confidence/002959.png,4265
confidence/002960.png,4353
confidence/002961.png,4096
confidence/002962.png,4033
confidence/002963.png,4110
confidence/002964.png,4077
confidence/002965.png,4106
confidence/002966.png,4162
confidence/002967.png,4033
confidence/002968.png,4200
confidence/002969.png,3969
confidence/002970.png,3984
confidence/002971.png,4106
confidence/002972.png,4155
confidence/002973.png,4296
confidence/002974.png,4687
confidence/002975.png,4812
confidence/002976.png,5021
confidence/002977.png,5222
confidence/002978.png,5211
confidence/002979.png,5750
confidence/002980.png,5572
confidence/002981.png,5786
confidence/002982.png,6274
confidence/002983.png,6150
confidence/002984.png,6538
confidence/002985.png,6904
confidence/002986.png,6098
confidence/002987.png,5703
confidence/002988.png,5716
confidence/002989.png,5738
confidence/002990.png,5651
confidence/002991.png,5855
confidence/002992.png,5244
confidence/002993.png,5506
confidence/002994.png,5290
confidence/002995.png,5050
confidence/002996.png,4643
confidence/002997.png,4694
confidence/002998.png,4573
confidence/002999.png,4438
confidence/003000.png,4521
confidence/003001.png,4341
confidence/003002.png,4421
confidence/003003.png,4454
confidence/003004.png,4527
confidence/003005.png,4433
confidence/003006.png,4169
confidence/003007.png,4253
confidence/003008.png,4394
confidence/003009.png,4322
confidence/003010.png,4277
confidence/003011.png,4259
confidence/003012.png,4247
confidence/003013.png,4152
confidence/003014.png,4223
confidence/003015.png,4210
confidence/003016.png,4133
confidence/003017.png,4194
confidence/003018.png,4179
confidence/003019.png,4135
confidence/003020.png,4086
confidence/003021.png,4000
confidence/003022.png,3984
confidence/003023.png,3992
confidence/003024.png,4014
confidence/003025.png,4000
confidence/003026.png,4046
confidence/003027.png,4043
confidence/003028.png,4026
confidence/003029.png,4037
confidence/003030.png,4113
confidence/003031.png,4121
confidence/003032.png,4096
confidence/003033.png,4017
confidence/003034.png,4059
confidence/003035.png,4234
confidence/003036.png,4257
confidence/003037.png,4318
confidence/003038.png,4369
confidence/003039.png,4456
confidence/003040.png,4379
confidence/003041.png,4512
confidence/003042.png,4553
confidence/003043.png,4761
confidence/003044.png,4326
confidence/003045.png,4406
confidence/003046.png,4438
confidence/003047.png,4243
confidence/003048.png,4219
confidence/003049.png,4299
confidence/003050.png,4336
confidence/003051.png,4493
confidence/003052.png,4690
confidence/003053.png,4882
confidence/003054.png,4907
confidence/003055.png,4853
confidence/003056.png,5120
confidence/003057.png,5265
confidence/003058.png,5410
confidence/003059.png,5372
confidence/003060.png,5443
confidence/003061.png,5513
confidence/003062.png,5378
confidence/003063.png,5209
confidence/003064.png,5324
confidence/003065.png,5243
confidence/003066.png,5291
confidence/003067.png,5295
confidence/003068.png,5429
confidence/003069.png,5612
confidence/003070.png,5383
confidence/003071.png,5571
confidence/003072.png,5511
confidence/003073.png,5429
confidence/003074.png,5532
confidence/003075.png,5529
confidence/003076.png,5515
confidence/003077.png,5539
confidence/003078.png,5539
confidence/003079.png,5564
confidence/003080.png,5532
confidence/003081.png,5606
confidence/003082.png,5526
confidence/003083.png,5495
confidence/003084.png,5550
confidence/003085.png,5516
confidence/003086.png,5336
confidence/003087.png,5138
confidence/003088.png,5188
confidence/003089.png,5185
confidence/003090.png,5104
confidence/003091.png,5088
confidence/003092.png,4979
confidence/003093.png,4966
confidence/003094.png,4986
confidence/003095.png,4848
confidence/003096.png,4871
confidence/003097.png,4883
confidence/003098.png,4843
confidence/003099.png,4801
confidence/003100.png,4775
confidence/003101.png,4747
confidence/003102.png,4711
confidence/003103.png,4630
confidence/003104.png,4727
confidence/003105.png,4730
confidence/003106.png,4761
confidence/003107.png,4890
confidence/003108.png,4867
confidence/003109.png,4856
confidence/003110.png,4877
confidence/003111.png,4824
confidence/003112.png,4873
confidence/003113.png,4841
confidence/003114.png,4876
confidence/003115.png,5113
confidence/003116.png,5078
confidence/003117.png,5072
confidence/003118.png,5147
confidence/003119.png,5084
confidence/003120.png,5114
confidence/003121.png,5013
confidence/003122.png,5028
confidence/003123.png,5050
confidence/003124.png,4945
confidence/003125.png,5077
confidence/003126.png,5010
confidence/003127.png,4820
confidence/003128.png,4757
confidence/003129.png,4663
confidence/003130.png,4634
confidence/003131.png,4829
confidence/003132.png,4888
confidence/003133.png,4702
confidence/003134.png,4785
confidence/003135.png,4736
confidence/003136.png,4582
confidence/003137.png,4468
confidence/003138.png,4401
confidence/003139.png,4455
confidence/003140.png,4441
confidence/003141.png,4461
confidence/003142.png,4343
confidence/003143.png,4553
confidence/003144.png,4415
confidence/003145.png,4488
confidence/003146.png,4572
confidence/003147.png,4496
confidence/003148.png,4406
confidence/003149.png,4435
confidence/003150.png,4304
confidence/003151.png,4280
confidence/003152.png,4322
confidence/003153.png,4299
confidence/003154.png,4314
confidence/003155.png,4300
confidence/003156.png,4334
confidence/003157.png,4289
confidence/003158.png,4319
confidence/003159.png,4321
confidence/003160.png,4311
confidence/003161.png,4320
confidence/003162.png,4329
confidence/003163.png,4347
confidence/003164.png,4358
confidence/003165.png,4317
confidence/003166.png,4368
confidence/003167.png,4482
confidence/003168.png,4444
confidence/003169.png,4556
confidence/003170.png,4393
confidence/003171.png,4328
confidence/003172.png,4335
confidence/003173.png,4348
confidence/003174.png,4373
confidence/003175.png,4425
confidence/003176.png,4381
confidence/003177.png,4368
confidence/003178.png,4410
confidence/003179.png,4371
confidence/003180.png,4392
confidence/003181.png,4435
confidence/003182.png,4458
confidence/003183.png,4397
confidence/003184.png,4309
confidence/003185.png,4312
confidence/003186.png,4330
confidence/003187.png,4302
confidence/003188.png,4323
confidence/003189.png,4317
confidence/003190.png,4340
confidence/003191.png,4349
confidence/003192.png,4334
confidence/003193.png,4310
confidence/003194.png,4355
confidence/003195.png,4338
confidence/003196.png,4291
confidence/003197.png,4277
confidence/003198.png,4290
confidence/003199.png,4322
confidence/003200.png,4278
confidence/003201.png,4292
confidence/003202.png,4311
confidence/003203.png,4338
confidence/003204.png,4299
confidence/003205.png,4332
confidence/003206.png,4338
confidence/003207.png,4319
confidence/003208.png,4386
confidence/003209.png,4363
confidence/003210.png,4350
confidence/003211.png,4309
confidence/003212.png,4407
confidence/003213.png,4408
confidence/003214.png,4393
confidence/003215.png,4399
confidence/003216.png,4358
confidence/003217.png,4385
confidence/003218.png,4428
confidence/003219.png,4424
confidence/003220.png,4416
confidence/003221.png,4398
confidence/003222.png,4453
confidence/003223.png,4401
confidence/003224.png,4422
confidence/003225.png,4550
confidence/003226.png,4535
confidence/003227.png,4572
confidence/003228.png,4671
confidence/003229.png,4506
confidence/003230.png,4519
confidence/003231.png,4607
confidence/003232.png,4491
confidence/003233.png,4512
confidence/003234.png,4622
confidence/003235.png,4591
confidence/003236.png,4514
confidence/003237.png,4757
confidence/003238.png,4635
confidence/003239.png,4571
confidence/003240.png,4492
confidence/003241.png,4497
confidence/003242.png,4564
confidence/003243.png,4514
confidence/003244.png,4590
confidence/003245.png,4539
confidence/003246.png,4521
confidence/003247.png,4493
confidence/003248.png,4489
confidence/003249.png,4544
confidence/003250.png,4540
confidence/003251.png,4563
confidence/003252.png,4577
confidence/003253.png,4504
confidence/003254.png,4607
confidence/003255.png,4587
confidence/003256.png,4506
confidence/003257.png,4567
confidence/003258.png,4695
confidence/003259.png,4702
confidence/003260.png,4729
confidence/003261.png,4706
confidence/003262.png,4679
confidence/003263.png,4679
confidence/003264.png,4742
confidence/003265.png,4759
confidence/003266.png,4739
confidence/003267.png,4747
confidence/003268.png,4749
confidence/003269.png,4750
confidence/003270.png,4850
confidence/003271.png,4790
confidence/003272.png,4911
confidence/003273.png,4873
confidence/003274.png,4916
confidence/003275.png,4820
confidence/003276.png,4780
confidence/003277.png,4925
confidence/003278.png,4996
confidence/003279.png,4979
confidence/003280.png,4838
confidence/003281.png,5008
confidence/003282.png,5008
confidence/003283.png,4971
confidence/003284.png,4983
confidence/003285.png,5147
confidence/003286.png,5001
confidence/003287.png,5034
confidence/003288.png,5139
confidence/003289.png,5083
confidence/003290.png,5019
confidence/003291.png,4995
confidence/003292.png,5048
confidence/003293.png,5125
confidence/003294.png,5075
confidence/003295.png,5234
confidence/003296.png,5348
confidence/003297.png,5179
confidence/003298.png,5295
confidence/003299.png,5266
confidence/003300.png,5267
confidence/003301.png,5342
confidence/003302.png,5394
confidence/003303.png,5556
confidence/003304.png,5404
confidence/003305.png,5450
confidence/003306.png,5402
confidence/003307.png,5345
confidence/003308.png,5447
confidence/003309.png,5417
confidence/003310.png,5519
confidence/003311.png,5498
confidence/003312.png,5587
confidence/003313.png,5494
confidence/003314.png,5561
confidence/003315.png,5572
confidence/003316.png,5717
confidence/003317.png,5685
confidence/003318.png,5674
confidence/003319.png,5703
confidence/003320.png,5750
confidence/003321.png,5839
confidence/003322.png,5767
confidence/003323.png,5672
confidence/003324.png,5814
confidence/003325.png,5741
confidence/003326.png,5657
confidence/003327.png,5740
confidence/003328.png,5881
confidence/003329.png,5832
confidence/003330.png,5845
confidence/003331.png,5985
confidence/003332.png,6244
confidence/003333.png,5807
confidence/003334.png,6232
confidence/003335.png,5980
confidence/003336.png,5759
confidence/003337.png,5877
confidence/003338.png,5922
confidence/003339.png,6015
confidence/003340.png,5817
confidence/003341.png,5995
confidence/003342.png,6041
confidence/003343.png,6329
confidence/003344.png,6245
confidence/003345.png,6314
confidence/003346.png,6294
confidence/003347.png,6175
confidence/003348.png,6223
confidence/003349.png,6214
confidence/003350.png,6228
confidence/003351.png,6264
confidence/003352.png,6228
confidence/003353.png,6535
confidence/003354.png,6561
confidence/003355.png,6633
confidence/003356.png,6662
confidence/003357.png,6651
confidence/003358.png,6622
confidence/003359.png,6701
confidence/003360.png,6688
confidence/003361.png,6700
confidence/003362.png,6635
confidence/003363.png,6498
confidence/003364.png,6308
confidence/003365.png,6351
confidence/003366.png,6387
confidence/003367.png,6454
confidence/003368.png,6453
confidence/003369.png,6414
confidence/003370.png,6451
confidence/003371.png,6604
confidence/003372.png,6504
confidence/003373.png,6290
confidence/003374.png,6319
confidence/003375.png,6409
confidence/003376.png,6115
confidence/003377.png,5968
confidence/003378.png,6117
confidence/003379.png,6111
confidence/003380.png,6352
confidence/003381.png,6402
confidence/003382.png,6374
confidence/003383.png,6264
confidence/003384.png,6042
confidence/003385.png,6005
confidence/003386.png,6085
confidence/003387.png,5931
confidence/003388.png,6040
confidence/003389.png,5934
confidence/003390.png,5862
confidence/003391.png,5802
confidence/003392.png,5701
confidence/003393.png,5720
confidence/003394.png,5715
confidence/003395.png,5634
confidence/003396.png,5511
confidence/003397.png,5482
confidence/003398.png,5583
confidence/003399.png,5470
confidence/003400.png,5328
confidence/003401.png,5477
confidence/003402.png,5355
confidence/003403.png,5229
confidence/003404.png,5085
confidence/003405.png,5050
confidence/003406.png,5040
confidence/003407.png,4880
confidence/003408.png,4962
confidence/003409.png,4916
confidence/003410.png,4960
confidence/003411.png,4909
confidence/003412.png,4821
confidence/003413.png,4822
confidence/003414.png,4787
confidence/003415.png,4783
confidence/003416.png,4587
confidence/003417.png,4533
confidence/003418.png,4597
confidence/003419.png,4533
confidence/003420.png,4591
confidence/003421.png,4589
confidence/003422.png,4533
confidence/003423.png,4432
confidence/003424.png,4490
confidence/003425.png,4594
confidence/003426.png,4504
confidence/003427.png,4446
confidence/003428.png,4485
confidence/003429.png,4420
confidence/003430.png,4483
confidence/003431.png,4509
confidence/003432.png,4508
confidence/003433.png,4544
confidence/003434.png,4548
confidence/003435.png,4547
confidence/003436.png,4471
confidence/003437.png,4495
confidence/003438.png,4471
confidence/003439.png,4439
confidence/003440.png,4452
confidence/003441.png,4439
confidence/003442.png,4487
confidence/003443.png,4517
confidence/003444.png,4514
confidence/003445.png,4483
confidence/003446.png,4441
confidence/003447.png,4493
confidence/003448.png,4468
confidence/003449.png,4470
confidence/003450.png,4488
confidence/003451.png,4429
confidence/003452.png,4408
confidence/003453.png,4394
confidence/003454.png,4544
confidence/003455.png,4420
confidence/003456.png,4460
confidence/003457.png,4525
confidence/003458.png,4570
confidence/003459.png,4506
confidence/003460.png,4464
confidence/003461.png,4385
confidence/003462.png,4359
confidence/003463.png,4423
confidence/003464.png,4411
confidence/003465.png,4475
confidence/003466.png,4422
confidence/003467.png,4468
confidence/003468.png,4452
confidence/003469.png,4409
confidence/003470.png,4520
confidence/003471.png,4430
confidence/003472.png,4470
confidence/003473.png,4403
confidence/003474.png,4388
confidence/003475.png,4360
confidence/003476.png,4298
confidence/003477.png,4326
confidence/003478.png,4337
confidence/003479.png,4328
confidence/003480.png,4367
confidence/003481.png,4322
confidence/003482.png,4401
confidence/003483.png,4375
confidence/003484.png,4303
confidence/003485.png,4251
confidence/003486.png,4296
confidence/003487.png,4239
confidence/003488.png,4304
confidence/003489.png,4354
confidence/003490.png,4282
confidence/003491.png,4317
confidence/003492.png,4256
confidence/003493.png,4312
confidence/003494.png,4285
confidence/003495.png,4250
confidence/003496.png,4269
confidence/003497.png,4262
confidence/003498.png,4296
confidence/003499.png,4190
confidence/003500.png,4375
confidence/003501.png,4343
confidence/003502.png,4262
confidence/003503.png,4321
confidence/003504.png,4310
confidence/003505.png,4284
confidence/003506.png,4294
confidence/003507.png,4238
confidence/003508.png,4289
confidence/003509.png,4288
confidence/003510.png,4301
confidence/003511.png,4125
confidence/003512.png,4275
confidence/003513.png,4249
confidence/003514.png,4248
confidence/003515.png,4271
confidence/003516.png,4220
confidence/003517.png,4320
confidence/003518.png,4232
confidence/003519.png,4233
confidence/003520.png,4159
confidence/003521.png,4135
confidence/003522.png,4141
confidence/003523.png,4112
confidence/003524.png,4200
confidence/003525.png,4140
confidence/003526.png,4207
confidence/003527.png,4158
confidence/003528.png,4185
confidence/003529.png,4122
confidence/003530.png,4087
confidence/003531.png,4224
confidence/003532.png,4152
confidence/003533.png,4151
confidence/003534.png,4137
confidence/003535.png,4169
confidence/003536.png,4176
confidence/003537.png,4141
confidence/003538.png,4154
confidence/003539.png,4160
confidence/003540.png,4121
confidence/003541.png,3876
confidence/003542.png,4128
confidence/003543.png,4092
confidence/003544.png,4175
confidence/003545.png,4228
confidence/003546.png,4144
confidence/003547.png,4093
confidence/003548.png,4060
confidence/003549.png,4150
confidence/003550.png,4141
confidence/003551.png,4111
confidence/003552.png,4059
confidence/003553.png,4178
confidence/003554.png,4131
confidence/003555.png,4051
confidence/003556.png,4170
confidence/003557.png,4087
confidence/003558.png,4084
confidence/003559.png,4099
confidence/003560.png,4122
confidence/003561.png,4081
confidence/003562.png,4201
confidence/003563.png,4140
confidence/003564.png,4081
confidence/003565.png,4105
confidence/003566.png,4060
confidence/003567.png,4048
confidence/003568.png,4030
confidence/003569.png,4001
confidence/003570.png,4033
confidence/003571.png,4114
confidence/003572.png,4053
confidence/003573.png,4022
confidence/003574.png,4048
confidence/003575.png,4008
confidence/003576.png,4065
confidence/003577.png,4008
confidence/003578.png,3866
confidence/003579.png,3999
confidence/003580.png,4061
confidence/003581.png,4093
confidence/003582.png,4100
confidence/003583.png,4037
confidence/003584.png,4061
confidence/003585.png,4067
confidence/003586.png,3983
confidence/003587.png,3862
confidence/003588.png,3942
confidence/003589.png,4029
confidence/003590.png,3985
confidence/003591.png,3994
confidence/003592.png,4022
confidence/003593.png,4068
confidence/003594.png,4006
confidence/003595.png,4075
confidence/003596.png,4034
confidence/003597.png,4025
confidence/003598.png,4027
confidence/003599.png,4092
confidence/003600.png,4079
confidence/003601.png,4020
confidence/003602.png,4131
confidence/003603.png,4088
confidence/003604.png,4101
confidence/003605.png,4092
confidence/003606.png,4094
confidence/003607.png,4069
confidence/003608.png,4059
confidence/003609.png,4084
confidence/003610.png,4088
confidence/003611.png,4073
confidence/003612.png,4089
confidence/003613.png,4063
confidence/003614.png,4071
confidence/003615.png,4091
confidence/003616.png,4060
confidence/003617.png,4086
confidence/003618.png,4088
confidence/003619.png,4065
confidence/003620.png,4102
confidence/003621.png,4066
confidence/003622.png,4122
confidence/003623.png,4058
confidence/003624.png,4057
confidence/003625.png,4015
confidence/003626.png,4083
confidence/003627.png,4072
confidence/003628.png,4050
confidence/003629.png,4085
confidence/003630.png,4056
confidence/003631.png,4038
confidence/003632.png,4059
confidence/003633.png,4050
confidence/003634.png,4043
confidence/003635.png,4046
confidence/003636.png,4020
confidence/003637.png,4045
confidence/003638.png,4015
confidence/003639.png,4028
confidence/003640.png,4055
confidence/003641.png,4053
confidence/003642.png,4051
confidence/003643.png,4056
confidence/003644.png,4047
confidence/003645.png,4063
confidence/003646.png,4037
confidence/003647.png,4058
confidence/003648.png,4045
confidence/003649.png,4036
confidence/003650.png,4033
confidence/003651.png,4046
confidence/003652.png,4021
confidence/003653.png,4017
confidence/003654.png,4010
confidence/003655.png,4032
confidence/003656.png,4030
confidence/003657.png,4018
confidence/003658.png,4036
confidence/003659.png,4034
confidence/003660.png,4027
confidence/003661.png,4005
confidence/003662.png,3997
confidence/003663.png,3930
confidence/003664.png,4002
confidence/003665.png,4006
confidence/003666.png,3957
confidence/003667.png,3988
confidence/003668.png,3969
confidence/003669.png,3954
confidence/003670.png,3986
confidence/003671.png,3974
confidence/003672.png,3944
confidence/003673.png,3963
confidence/003674.png,3964
confidence/003675.png,3963
confidence/003676.png,3963
confidence/003677.png,3951
confidence/003678.png,3952
confidence/003679.png,3952
confidence/003680.png,3952
confidence/003681.png,3952
confidence/003682.png,3952
confidence/003683.png,3952
confidence/003684.png,3950
confidence/003685.png,3952
confidence/003686.png,3952
confidence/003687.png,3943
confidence/003688.png,3952
confidence/003689.png,3950
confidence/003690.png,3952
confidence/003691.png,3952
confidence/003692.png,3952
confidence/003693.png,3952
confidence/003694.png,3952
confidence/003695.png,3952
confidence/003696.png,3950
confidence/003697.png,3943
confidence/003698.png,3946
confidence/003699.png,3943
confidence/003700.png,3971
confidence/003701.png,3965
confidence/003702.png,4028
confidence/003703.png,3944
confidence/003704.png,3952
confidence/003705.png,4108
confidence/003706.png,3951
confidence/003707.png,4029
confidence/003708.png,4150
confidence/003709.png,3954
confidence/003710.png,4038
confidence/003711.png,4145
confidence/003712.png,4023
confidence/003713.png,4181
confidence/003714.png,4189
confidence/003715.png,4035
confidence/003716.png,4021
confidence/003717.png,4033
confidence/003718.png,4026
confidence/003719.png,4151
confidence/003720.png,3986
confidence/003721.png,3951
confidence/003722.png,3979
confidence/003723.png,3951
confidence/003724.png,3973
confidence/003725.png,3970
confidence/003726.png,3951
confidence/003727.png,3950
confidence/003728.png,4031
confidence/003729.png,3951
confidence/003730.png,3975
confidence/003731.png,3994
confidence/003732.png,4028
confidence/003733.png,4027
confidence/003734.png,4050
confidence/003735.png,3977
confidence/003736.png,4051
confidence/003737.png,4014
confidence/003738.png,4037
confidence/003739.png,4062
confidence/003740.png,4076
confidence/003741.png,3872
confidence/003742.png,4049
confidence/003743.png,4091
confidence/003744.png,4096
confidence/003745.png,4129
confidence/003746.png,4346
confidence/003747.png,4306
confidence/003748.png,4509
confidence/003749.png,4550
confidence/003750.png,4415
confidence/003751.png,4511
confidence/003752.png,4778
confidence/003753.png,4678
confidence/003754.png,4698
confidence/003755.png,4713
confidence/003756.png,4858
confidence/003757.png,4970
confidence/003758.png,5050
confidence/003759.png,5106
confidence/003760.png,4863
confidence/003761.png,5142
confidence/003762.png,5366
confidence/003763.png,5209
confidence/003764.png,5311
confidence/003765.png,5407
confidence/003766.png,5249
confidence/003767.png,5312
confidence/003768.png,5476
confidence/003769.png,5558
confidence/003770.png,5574
confidence/003771.png,5566
confidence/003772.png,5522
confidence/003773.png,5506
confidence/003774.png,5679
confidence/003775.png,5697
confidence/003776.png,5572
confidence/003777.png,5653
confidence/003778.png,5625
confidence/003779.png,5413
confidence/003780.png,5503
confidence/003781.png,5394
confidence/003782.png,5587
confidence/003783.png,5318
confidence/003784.png,5269
confidence/003785.png,5241
confidence/003786.png,5391
confidence/003787.png,5179
confidence/003788.png,5050
confidence/003789.png,5136
confidence/003790.png,5283
confidence/003791.png,5246
confidence/003792.png,5137
confidence/003793.png,5202
confidence/003794.png,5236
confidence/003795.png,5433
confidence/003796.png,5456
confidence/003797.png,5305
confidence/003798.png,5354
confidence/003799.png,5418
confidence/003800.png,5264
confidence/003801.png,5184
confidence/003802.png,5174
confidence/003803.png,5240
confidence/003804.png,5355
confidence/003805.png,5395
confidence/003806.png,5627
confidence/003807.png,5579
confidence/003808.png,5452
confidence/003809.png,5432
confidence/003810.png,5255
confidence/003811.png,5200
confidence/003812.png,5082
confidence/003813.png,5166
confidence/003814.png,5213
confidence/003815.png,5063
confidence/003816.png,5265
confidence/003817.png,5062
confidence/003818.png,5119
confidence/003819.png,5022
confidence/003820.png,4927
confidence/003821.png,4782
confidence/003822.png,4801
confidence/003823.png,4798
confidence/003824.png,4837
confidence/003825.png,4835
confidence/003826.png,4739
confidence/003827.png,4855
confidence/003828.png,4818
confidence/003829.png,4817
confidence/003830.png,4905
confidence/003831.png,4930
confidence/003832.png,5156
confidence/003833.png,5311
confidence/003834.png,5301
confidence/003835.png,5271
confidence/003836.png,5574
confidence/003837.png,5573
confidence/003838.png,5628
confidence/003839.png,5513
confidence/003840.png,5727
confidence/003841.png,5567
confidence/003842.png,5525
confidence/003843.png,5674
confidence/003844.png,5623
confidence/003845.png,5734
confidence/003846.png,6112
confidence/003847.png,5918
confidence/003848.png,5920
confidence/003849.png,5986
confidence/003850.png,6039
confidence/003851.png,6002
confidence/003852.png,6243
confidence/003853.png,5986
confidence/003854.png,6105
confidence/003855.png,6166
confidence/003856.png,6438
confidence/003857.png,6298
confidence/003858.png,6430
confidence/003859.png,6548
confidence/003860.png,6614
confidence/003861.png,6567
confidence/003862.png,6656
confidence/003863.png,6430
confidence/003864.png,6855
confidence/003865.png,6983
confidence/003866.png,7031
confidence/003867.png,7104
confidence/003868.png,7105
confidence/003869.png,7218
confidence/003870.png,7188
confidence/003871.png,7425
confidence/003872.png,7257
confidence/003873.png,7229
confidence/003874.png,7427
confidence/003875.png,7667
confidence/003876.png,7608
confidence/003877.png,7414
confidence/003878.png,7413
confidence/003879.png,7311
confidence/003880.png,7367
confidence/003881.png,7203
confidence/003882.png,7330
confidence/003883.png,7791
confidence/003884.png,7256
confidence/003885.png,7277
confidence/003886.png,7325
confidence/003887.png,7223
confidence/003888.png,7334
confidence/003889.png,7186
confidence/003890.png,7663
confidence/003891.png,7489
confidence/003892.png,7416
confidence/003893.png,7374
confidence/003894.png,6986
confidence/003895.png,7210
confidence/003896.png,7222
confidence/003897.png,7212
confidence/003898.png,7269
confidence/003899.png,7551
confidence/003900.png,7358
confidence/003901.png,7342
confidence/003902.png,7296
confidence/003903.png,7551
confidence/003904.png,7141
confidence/003905.png,7320
confidence/003906.png,7365
confidence/003907.png,7378
confidence/003908.png,7417
confidence/003909.png,7162
confidence/003910.png,7155
confidence/003911.png,7184
confidence/003912.png,7107
confidence/003913.png,7019
confidence/003914.png,7183
confidence/003915.png,6977
confidence/003916.png,7099
confidence/003917.png,6609
confidence/003918.png,6431
confidence/003919.png,6373
confidence/003920.png,6182
confidence/003921.png,6522
confidence/003922.png,5963
confidence/003923.png,6247
confidence/003924.png,6113
confidence/003925.png,6166
confidence/003926.png,6156
confidence/003927.png,6216
confidence/003928.png,5993
confidence/003929.png,6036
confidence/003930.png,6276
confidence/003931.png,6008
confidence/003932.png,6180
confidence/003933.png,5573
confidence/003934.png,5680
confidence/003935.png,5820
confidence/003936.png,5708
confidence/003937.png,5605
confidence/003938.png,5535
confidence/003939.png,5631
confidence/003940.png,5903
confidence/003941.png,6210
confidence/003942.png,6315
confidence/003943.png,6181
confidence/003944.png,6482
confidence/003945.png,6374
confidence/003946.png,6149
confidence/003947.png,6212
confidence/003948.png,6200
confidence/003949.png,6481
confidence/003950.png,6360
confidence/003951.png,6330
confidence/003952.png,6114
confidence/003953.png,6291
confidence/003954.png,6134
confidence/003955.png,6253
confidence/003956.png,6267
confidence/003957.png,6229
confidence/003958.png,6174
confidence/003959.png,6093
confidence/003960.png,6268
confidence/003961.png,6343
confidence/003962.png,5864
confidence/003963.png,5999
confidence/003964.png,5950
confidence/003965.png,5910
confidence/003966.png,6083
confidence/003967.png,5887
confidence/003968.png,6040
confidence/003969.png,6089
confidence/003970.png,6053
confidence/003971.png,5930
confidence/003972.png,5968
confidence/003973.png,5916
confidence/003974.png,5766
confidence/003975.png,5624
confidence/003976.png,5736
confidence/003977.png,5674
confidence/003978.png,5548
confidence/003979.png,5493
confidence/003980.png,5459
confidence/003981.png,5406
confidence/003982.png,5409
confidence/003983.png,5379
confidence/003984.png,5300
confidence/003985.png,5344
confidence/003986.png,5390
confidence/003987.png,5218
confidence/003988.png,5241
confidence/003989.png,5365
confidence/003990.png,5226
confidence/003991.png,5213
confidence/003992.png,5375
confidence/003993.png,5447
confidence/003994.png,5461
confidence/003995.png,5503
confidence/003996.png,5603
confidence/003997.png,5586
confidence/003998.png,5603
confidence/003999.png,5571
confidence/004000.png,5529
confidence/004001.png,5727
confidence/004002.png,5701
confidence/004003.png,5734
confidence/004004.png,5684
confidence/004005.png,5635
confidence/004006.png,5925
confidence/004007.png,5860
confidence/004008.png,5774
confidence/004009.png,5726
confidence/004010.png,5997
confidence/004011.png,5821
confidence/004012.png,5903
confidence/004013.png,5987
confidence/004014.png,5764
confidence/004015.png,5698
confidence/004016.png,5564
confidence/004017.png,5677
confidence/004018.png,5806
confidence/004019.png,5827
confidence/004020.png,5861
confidence/004021.png,5652
confidence/004022.png,5745
confidence/004023.png,5701
confidence/004024.png,5799
confidence/004025.png,5790
confidence/004026.png,5656
confidence/004027.png,5631
confidence/004028.png,5660
confidence/004029.png,5787
confidence/004030.png,5917
confidence/004031.png,5969
confidence/004032.png,5702
confidence/004033.png,5835
confidence/004034.png,5754
confidence/004035.png,5850
confidence/004036.png,5788
confidence/004037.png,5888
confidence/004038.png,6036
confidence/004039.png,6023
confidence/004040.png,6048
confidence/004041.png,6111
confidence/004042.png,6144
confidence/004043.png,6153
confidence/004044.png,6375
confidence/004045.png,6343
confidence/004046.png,6410
confidence/004047.png,6432
confidence/004048.png,6408
confidence/004049.png,6290
confidence/004050.png,6485
confidence/004051.png,6513
confidence/004052.png,6410
confidence/004053.png,6277
confidence/004054.png,6302
confidence/004055.png,6313
confidence/004056.png,6271
confidence/004057.png,6239
confidence/004058.png,6153
confidence/004059.png,6453
confidence/004060.png,6398
confidence/004061.png,6530
confidence/004062.png,6596
confidence/004063.png,6719
confidence/004064.png,6573
confidence/004065.png,6717
confidence/004066.png,6776
confidence/004067.png,6818
confidence/004068.png,7097
confidence/004069.png,6927
confidence/004070.png,7062
confidence/004071.png,6949
confidence/004072.png,6967
confidence/004073.png,7017
confidence/004074.png,6954
confidence/004075.png,7124
confidence/004076.png,6868
confidence/004077.png,6881
confidence/004078.png,6997
confidence/004079.png,7006
confidence/004080.png,7120
confidence/004081.png,7049
confidence/004082.png,6959
confidence/004083.png,6895
confidence/004084.png,6702
confidence/004085.png,6756
confidence/004086.png,6869
confidence/004087.png,6912
confidence/004088.png,6811
confidence/004089.png,6631
confidence/004090.png,6583
confidence/004091.png,6521
confidence/004092.png,6586
confidence/004093.png,6390
confidence/004094.png,6365
confidence/004095.png,6259
confidence/004096.png,6106
confidence/004097.png,6266
confidence/004098.png,6240
confidence/004099.png,6187
confidence/004100.png,6222
confidence/004101.png,6182
confidence/004102.png,6053
confidence/004103.png,6026
confidence/004104.png,6118
confidence/004105.png,6058
confidence/004106.png,6008
confidence/004107.png,5979
confidence/004108.png,6032
confidence/004109.png,5936
confidence/004110.png,5895
confidence/004111.png,5810
confidence/004112.png,5837
confidence/004113.png,5773
confidence/004114.png,5761
confidence/004115.png,5710
confidence/004116.png,5584
confidence/004117.png,5540
confidence/004118.png,5622
confidence/004119.png,5526
confidence/004120.png,5426
confidence/004121.png,5277
confidence/004122.png,5354
confidence/004123.png,5252
confidence/004124.png,5314
confidence/004125.png,5107
confidence/004126.png,5102
confidence/004127.png,5271
confidence/004128.png,5261
confidence/004129.png,5123
confidence/004130.png,5136
confidence/004131.png,5099
confidence/004132.png,5087
confidence/004133.png,4980
confidence/004134.png,5034
confidence/004135.png,5031
confidence/004136.png,5035
confidence/004137.png,5100
confidence/004138.png,5135
confidence/004139.png,5157
confidence/004140.png,5214
confidence/004141.png,5192
confidence/004142.png,5256
confidence/004143.png,5181
confidence/004144.png,5135
confidence/004145.png,4974
confidence/004146.png,5096
confidence/004147.png,4979
confidence/004148.png,5188
confidence/004149.png,5168
confidence/004150.png,5235
confidence/004151.png,5261
confidence/004152.png,5293
confidence/004153.png,5321
confidence/004154.png,5399
confidence/004155.png,5377
confidence/004156.png,5265
confidence/004157.png,5221
confidence/004158.png,5096
confidence/004159.png,5150
confidence/004160.png,5155
confidence/004161.png,5027
confidence/004162.png,5108
confidence/004163.png,4776
confidence/004164.png,4935
confidence/004165.png,4713
confidence/004166.png,4702
confidence/004167.png,4710
confidence/004168.png,4689
confidence/004169.png,4536
confidence/004170.png,4495
confidence/004171.png,4389
confidence/004172.png,4249
confidence/004173.png,4246
confidence/004174.png,4241
confidence/004175.png,4289
confidence/004176.png,4342
confidence/004177.png,4355
confidence/004178.png,4346
confidence/004179.png,4231
confidence/004180.png,4079
confidence/004181.png,3994
confidence/004182.png,4051
confidence/004183.png,4012
confidence/004184.png,4051
confidence/004185.png,4055
confidence/004186.png,4183
confidence/004187.png,4219
confidence/004188.png,4340
confidence/004189.png,4334
confidence/004190.png,4402
confidence/004191.png,4610
confidence/004192.png,4677
confidence/004193.png,4722
confidence/004194.png,4664
confidence/004195.png,4799
confidence/004196.png,5060
confidence/004197.png,4998
confidence/004198.png,5267
confidence/004199.png,5360
confidence/004200.png,5462
confidence/004201.png,5508
confidence/004202.png,5397
confidence/004203.png,5633
confidence/004204.png,5876
confidence/004205.png,5933
confidence/004206.png,5892
confidence/004207.png,5930
confidence/004208.png,5958
confidence/004209.png,6013
confidence/004210.png,5691
confidence/004211.png,5669
confidence/004212.png,5735
confidence/004213.png,5609
confidence/004214.png,5448
confidence/004215.png,5298
confidence/004216.png,5158
confidence/004217.png,4791
confidence/004218.png,4794
confidence/004219.png,4631
confidence/004220.png,4491
confidence/004221.png,4434
confidence/004222.png,4290
confidence/004223.png,4299
confidence/004224.png,3994
confidence/004225.png,3971
confidence/004226.png,4045
confidence/004227.png,3838
confidence/004228.png,3974
confidence/004229.png,4108
confidence/004230.png,3980
confidence/004231.png,4012
confidence/004232.png,4109
confidence/004233.png,4018
confidence/004234.png,4106
confidence/004235.png,4037
confidence/004236.png,4031
confidence/004237.png,4258
confidence/004238.png,4411
confidence/004239.png,4355
confidence/004240.png,4467
confidence/004241.png,4388
confidence/004242.png,4328
confidence/004243.png,4401
confidence/004244.png,4462
confidence/004245.png,4364
confidence/004246.png,4281
confidence/004247.png,4436
confidence/004248.png,4371
confidence/004249.png,4306
confidence/004250.png,4508
confidence/004251.png,4423
confidence/004252.png,4620
confidence/004253.png,4768
confidence/004254.png,4795
confidence/004255.png,4749
confidence/004256.png,4977
confidence/004257.png,5045
confidence/004258.png,5090
confidence/004259.png,5263
confidence/004260.png,5257
confidence/004261.png,5309
confidence/004262.png,5466
confidence/004263.png,5378
confidence/004264.png,5373
confidence/004265.png,5387
confidence/004266.png,5553
confidence/004267.png,5352
confidence/004268.png,5382
confidence/004269.png,5443
confidence/004270.png,5424
confidence/004271.png,5510
confidence/004272.png,5449
confidence/004273.png,5431
confidence/004274.png,5489
confidence/004275.png,5507
confidence/004276.png,5428
confidence/004277.png,5396
confidence/004278.png,5384
confidence/004279.png,5225
confidence/004280.png,5378
confidence/004281.png,5263
confidence/004282.png,5157
confidence/004283.png,5164
confidence/004284.png,5246
confidence/004285.png,5137
confidence/004286.png,5124
confidence/004287.png,5205
confidence/004288.png,5335
confidence/004289.png,5204
confidence/004290.png,5091
confidence/004291.png,5017
confidence/004292.png,5052
confidence/004293.png,5135
confidence/004294.png,5012
confidence/004295.png,5045
confidence/004296.png,4919
confidence/004297.png,5072
confidence/004298.png,5034
confidence/004299.png,4980
confidence/004300.png,4909
confidence/004301.png,4933
confidence/004302.png,4890
confidence/004303.png,4831
confidence/004304.png,4716
confidence/004305.png,4642
confidence/004306.png,4670
confidence/004307.png,4601
confidence/004308.png,4593
confidence/004309.png,4633
confidence/004310.png,4649
confidence/004311.png,4637
confidence/004312.png,4583
confidence/004313.png,4653
confidence/004314.png,4630
confidence/004315.png,4649
confidence/004316.png,4559
confidence/004317.png,4477
confidence/004318.png,4624
confidence/004319.png,4549
confidence/004320.png,4660
confidence/004321.png,4687
confidence/004322.png,4452
confidence/004323.png,4668
confidence/004324.png,4713
confidence/004325.png,4596
confidence/004326.png,4612
confidence/004327.png,4483
confidence/004328.png,4584
confidence/004329.png,4829
confidence/004330.png,4842
confidence/004331.png,4787
confidence/004332.png,4928
confidence/004333.png,4928
confidence/004334.png,4922
confidence/004335.png,5129
confidence/004336.png,5089
confidence/004337.png,5028
confidence/004338.png,5029
confidence/004339.png,4835
confidence/004340.png,4763
confidence/004341.png,4850
confidence/004342.png,4898
confidence/004343.png,4917
confidence/004344.png,4864
confidence/004345.png,4776
confidence/004346.png,4743
confidence/004347.png,4836
confidence/004348.png,4823
confidence/004349.png,5033
confidence/004350.png,4968
confidence/004351.png,5010
confidence/004352.png,5000
confidence/004353.png,5057
confidence/004354.png,4540
confidence/004355.png,4739
confidence/004356.png,4762
confidence/004357.png,4975
confidence/004358.png,5076
confidence/004359.png,5243
confidence/004360.png,5186
confidence/004361.png,5068
confidence/004362.png,5028
confidence/004363.png,5221
confidence/004364.png,5244
confidence/004365.png,5249
confidence/004366.png,5074
confidence/004367.png,5046
confidence/004368.png,4870
confidence/004369.png,4957
confidence/004370.png,4966
confidence/004371.png,4881
confidence/004372.png,5008
confidence/004373.png,4894
confidence/004374.png,5087
confidence/004375.png,5106
confidence/004376.png,4971
confidence/004377.png,4929
confidence/004378.png,4724
confidence/004379.png,4620
confidence/004380.png,4812
confidence/004381.png,4717
confidence/004382.png,4741
confidence/004383.png,4729
confidence/004384.png,4855
confidence/004385.png,4884
confidence/004386.png,4893
confidence/004387.png,4601
confidence/004388.png,4592
confidence/004389.png,4626
confidence/004390.png,4621
confidence/004391.png,4511
confidence/004392.png,4633
confidence/004393.png,4624
confidence/004394.png,4558
confidence/004395.png,4545
confidence/004396.png,4565
confidence/004397.png,4549
confidence/004398.png,4498
confidence/004399.png,4551
confidence/004400.png,4575
confidence/004401.png,4643
confidence/004402.png,4552
confidence/004403.png,4592
confidence/004404.png,4405
confidence/004405.png,4415
confidence/004406.png,4254
confidence/004407.png,4278
confidence/004408.png,4251
confidence/004409.png,4270
confidence/004410.png,4225
confidence/004411.png,4284
confidence/004412.png,4330
confidence/004413.png,4272
confidence/004414.png,4336
confidence/004415.png,4265
confidence/004416.png,4269
confidence/004417.png,4232
confidence/004418.png,4159
confidence/004419.png,4223
confidence/004420.png,4192
confidence/004421.png,4171
confidence/004422.png,4181
confidence/004423.png,4142
confidence/004424.png,4161
confidence/004425.png,4176
confidence/004426.png,4178
confidence/004427.png,4133
confidence/004428.png,4179
confidence/004429.png,4162
confidence/004430.png,4130
confidence/004431.png,4155
confidence/004432.png,4211
confidence/004433.png,4166
confidence/004434.png,4172
confidence/004435.png,4164
confidence/004436.png,4120
confidence/004437.png,4176
confidence/004438.png,4153
confidence/004439.png,4118
confidence/004440.png,4090
confidence/004441.png,4072
confidence/004442.png,4031
confidence/004443.png,4087
confidence/004444.png,4095
confidence/004445.png,3975
confidence/004446.png,4025
confidence/004447.png,4045
confidence/004448.png,4056
confidence/004449.png,4025
confidence/004450.png,4008
confidence/004451.png,4004
confidence/004452.png,4003
confidence/004453.png,4006
confidence/004454.png,4044
confidence/004455.png,4005
confidence/004456.png,4013
confidence/004457.png,3977
confidence/004458.png,3916
confidence/004459.png,4041
confidence/004460.png,3989
confidence/004461.png,4036
confidence/004462.png,3993
confidence/004463.png,3984
confidence/004464.png,3984
confidence/004465.png,3914
confidence/004466.png,4004
confidence/004467.png,3996
confidence/004468.png,4007
confidence/004469.png,3923
confidence/004470.png,3935
confidence/004471.png,3933
confidence/004472.png,3940
confidence/004473.png,3919
confidence/004474.png,3917
confidence/004475.png,3958
confidence/004476.png,3952
confidence/004477.png,3965
confidence/004478.png,3952
confidence/004479.png,3977
confidence/004480.png,3955
confidence/004481.png,3951
confidence/004482.png,3977
confidence/004483.png,3951
confidence/004484.png,3953
confidence/004485.png,3957
confidence/004486.png,3920
confidence/004487.png,3957
confidence/004488.png,3951
confidence/004489.png,3946
confidence/004490.png,3951
confidence/004491.png,3949
confidence/004492.png,3973
confidence/004493.png,3981
confidence/004494.png,3951
confidence/004495.png,3968
confidence/004496.png,3982
confidence/004497.png,3948
confidence/004498.png,3954
confidence/004499.png,3982
confidence/004500.png,3967
confidence/004501.png,3982
confidence/004502.png,3973
confidence/004503.png,3993
confidence/004504.png,3973
confidence/004505.png,3976
confidence/004506.png,3961
confidence/004507.png,3973
confidence/004508.png,4050
confidence/004509.png,4019
confidence/004510.png,3970
confidence/004511.png,4016
confidence/004512.png,3971
confidence/004513.png,3971
confidence/004514.png,4027
confidence/004515.png,4036
confidence/004516.png,4043
confidence/004517.png,4021
confidence/004518.png,4048
confidence/004519.png,4027
confidence/004520.png,4055
confidence/004521.png,4027
confidence/004522.png,4039
confidence/004523.png,4092
confidence/004524.png,4138
confidence/004525.png,4120
confidence/004526.png,4116
confidence/004527.png,4238
confidence/004528.png,4261
confidence/004529.png,4252
confidence/004530.png,4120
confidence/004531.png,4161
confidence/004532.png,4182
confidence/004533.png,4239
confidence/004534.png,4412
confidence/004535.png,4442
confidence/004536.png,4244
confidence/004537.png,4200
confidence/004538.png,4114
confidence/004539.png,4227
confidence/004540.png,4014
confidence/004541.png,4383
confidence/004542.png,4427
confidence/004543.png,4302
confidence/004544.png,4372
confidence/004545.png,4652
confidence/004546.png,4382
confidence/004547.png,4614
confidence/004548.png,4236
confidence/004549.png,4173
confidence/004550.png,4269
confidence/004551.png,4112
confidence/004552.png,4317
confidence/004553.png,4348
confidence/004554.png,4459
confidence/004555.png,4495
confidence/004556.png,4548
confidence/004557.png,4438
confidence/004558.png,4414
confidence/004559.png,4395
confidence/004560.png,4348
confidence/004561.png,4350
confidence/004562.png,4350
confidence/004563.png,4254
confidence/004564.png,4319
confidence/004565.png,4365
confidence/004566.png,4283
confidence/004567.png,4230
confidence/004568.png,4231
confidence/004569.png,4251
confidence/004570.png,4146
confidence/004571.png,4227
confidence/004572.png,4194
confidence/004573.png,4248
confidence/004574.png,4198
confidence/004575.png,4280
confidence/004576.png,4219
confidence/004577.png,4237
confidence/004578.png,4183
confidence/004579.png,4173
confidence/004580.png,4159
confidence/004581.png,4266
confidence/004582.png,4488
confidence/004583.png,4453
confidence/004584.png,4488
confidence/004585.png,4377
confidence/004586.png,4621
confidence/004587.png,4480
confidence/004588.png,4668
confidence/004589.png,4733
confidence/004590.png,4844
confidence/004591.png,4946
confidence/004592.png,4889
confidence/004593.png,4881
confidence/004594.png,4662
confidence/004595.png,4745
confidence/004596.png,4699
confidence/004597.png,4911
confidence/004598.png,4940
confidence/004599.png,4919
confidence/004600.png,4952
confidence/004601.png,4843
confidence/004602.png,4909
confidence/004603.png,4996
confidence/004604.png,4747
confidence/004605.png,4718
confidence/004606.png,4886
confidence/004607.png,5093
confidence/004608.png,4970
confidence/004609.png,5139
confidence/004610.png,5123
confidence/004611.png,5357
confidence/004612.png,5383
confidence/004613.png,5253
confidence/004614.png,5064
confidence/004615.png,5251
confidence/004616.png,5112
confidence/004617.png,5307
confidence/004618.png,5105
confidence/004619.png,5074
confidence/004620.png,5331
confidence/004621.png,5611
confidence/004622.png,5452
confidence/004623.png,5717
confidence/004624.png,5875
confidence/004625.png,5651
confidence/004626.png,5844
confidence/004627.png,5462
confidence/004628.png,5688
confidence/004629.png,5374
confidence/004630.png,5399
confidence/004631.png,5460
confidence/004632.png,5368
confidence/004633.png,5228
confidence/004634.png,5405
confidence/004635.png,5277
confidence/004636.png,5094
confidence/004637.png,5143
confidence/004638.png,5066
confidence/004639.png,5076
confidence/004640.png,5032
confidence/004641.png,4804
confidence/004642.png,4995
confidence/004643.png,5019
confidence/004644.png,4952
confidence/004645.png,4915
confidence/004646.png,4901
confidence/004647.png,4787
confidence/004648.png,4734
confidence/004649.png,4657
confidence/004650.png,4863
confidence/004651.png,4835
confidence/004652.png,4827
confidence/004653.png,4491
confidence/004654.png,4472
confidence/004655.png,4419
confidence/004656.png,4377
confidence/004657.png,4442
confidence/004658.png,4537
confidence/004659.png,4251
confidence/004660.png,4341
confidence/004661.png,4245
confidence/004662.png,4267
confidence/004663.png,4227
confidence/004664.png,4470
confidence/004665.png,4127
confidence/004666.png,4091
confidence/004667.png,4266
confidence/004668.png,4133
confidence/004669.png,4168
confidence/004670.png,4003
confidence/004671.png,3971
confidence/004672.png,4092
confidence/004673.png,4229
confidence/004674.png,4013
confidence/004675.png,4142
confidence/004676.png,4106
confidence/004677.png,4086
confidence/004678.png,4137
confidence/004679.png,4183
confidence/004680.png,4121
confidence/004681.png,4269
confidence/004682.png,4125
confidence/004683.png,4121
confidence/004684.png,4253
confidence/004685.png,3926
confidence/004686.png,3960
confidence/004687.png,4046
confidence/004688.png,3844
confidence/004689.png,4111
confidence/004690.png,4320
confidence/004691.png,4279
confidence/004692.png,4313
confidence/004693.png,4270
confidence/004694.png,4411
confidence/004695.png,4358
confidence/004696.png,4375
confidence/004697.png,4372
confidence/004698.png,4300
confidence/004699.png,4373
confidence/004700.png,4416
confidence/004701.png,4386
confidence/004702.png,4450
confidence/004703.png,4425
confidence/004704.png,4500
confidence/004705.png,4563
confidence/004706.png,4571
confidence/004707.png,4612
confidence/004708.png,4620
confidence/004709.png,4613
confidence/004710.png,4658
confidence/004711.png,4614
confidence/004712.png,4700
confidence/004713.png,4695
confidence/004714.png,4708
confidence/004715.png,4730
confidence/004716.png,4782
confidence/004717.png,4784
confidence/004718.png,4772
confidence/004719.png,4767
confidence/004720.png,4947
confidence/004721.png,4996
confidence/004722.png,4966
confidence/004723.png,4963
confidence/004724.png,5033
confidence/004725.png,5023
confidence/004726.png,5186
confidence/004727.png,5118
confidence/004728.png,5029
confidence/004729.png,5096
confidence/004730.png,5144
confidence/004731.png,5221
confidence/004732.png,5227
confidence/004733.png,5319
confidence/004734.png,5105
confidence/004735.png,5077
confidence/004736.png,5075
confidence/004737.png,4999
confidence/004738.png,4865
confidence/004739.png,5003
confidence/004740.png,4777
confidence/004741.png,4683
confidence/004742.png,4825
confidence/004743.png,4813
confidence/004744.png,4756
confidence/004745.png,4827
confidence/004746.png,4859
confidence/004747.png,4735
confidence/004748.png,4790
confidence/004749.png,4731
confidence/004750.png,4757
confidence/004751.png,4782
confidence/004752.png,4728
confidence/004753.png,4774
confidence/004754.png,4908
confidence/004755.png,4826
confidence/004756.png,4916
confidence/004757.png,4948
confidence/004758.png,4976
confidence/004759.png,5005
confidence/004760.png,5100
confidence/004761.png,5201
confidence/004762.png,5320
confidence/004763.png,5450
confidence/004764.png,5556
confidence/004765.png,5635
confidence/004766.png,5622
confidence/004767.png,5670
confidence/004768.png,5639
confidence/004769.png,5781
confidence/004770.png,5717
confidence/004771.png,5719
confidence/004772.png,5830
confidence/004773.png,5982
confidence/004774.png,5901
confidence/004775.png,6122
confidence/004776.png,6186
confidence/004777.png,6234
confidence/004778.png,6276
confidence/004779.png,6223
confidence/004780.png,6316
confidence/004781.png,6398
confidence/004782.png,6607
confidence/004783.png,6435
confidence/004784.png,6542
confidence/004785.png,6531
confidence/004786.png,6669
confidence/004787.png,6785
confidence/004788.png,6734
confidence/004789.png,6799
confidence/004790.png,6959
confidence/004791.png,6892
confidence/004792.png,6986
confidence/004793.png,6951
confidence/004794.png,7027
confidence/004795.png,6925
confidence/004796.png,6761
confidence/004797.png,6794
confidence/004798.png,6757
confidence/004799.png,6747
confidence/004800.png,6783
confidence/004801.png,6855
confidence/004802.png,6890
confidence/004803.png,7084
confidence/004804.png,7091
confidence/004805.png,6998
confidence/004806.png,6996
confidence/004807.png,7182
confidence/004808.png,7140
confidence/004809.png,7124
confidence/004810.png,7253
confidence/004811.png,6946
confidence/004812.png,6994
confidence/004813.png,6965
confidence/004814.png,6966
confidence/004815.png,7075
confidence/004816.png,7013
confidence/004817.png,6784
confidence/004818.png,6889
confidence/004819.png,6997
confidence/004820.png,7211
confidence/004821.png,6930
confidence/004822.png,6838
confidence/004823.png,6676
confidence/004824.png,6667
confidence/004825.png,6713
confidence/004826.png,6751
confidence/004827.png,6681
confidence/004828.png,6599
confidence/004829.png,6551
confidence/004830.png,6754
confidence/004831.png,6554
confidence/004832.png,6700
confidence/004833.png,6396
confidence/004834.png,6248
confidence/004835.png,6311
confidence/004836.png,6325
confidence/004837.png,6258
confidence/004838.png,6134
confidence/004839.png,6154
confidence/004840.png,6193
confidence/004841.png,6023
confidence/004842.png,6014
confidence/004843.png,5889
confidence/004844.png,5895
confidence/004845.png,5849
confidence/004846.png,5908
confidence/004847.png,5779
confidence/004848.png,5814
confidence/004849.png,5854
confidence/004850.png,5821
confidence/004851.png,5772
confidence/004852.png,5697
confidence/004853.png,5868
confidence/004854.png,5893
confidence/004855.png,5848
confidence/004856.png,5815
confidence/004857.png,5886
confidence/004858.png,5776
confidence/004859.png,5826
confidence/004860.png,5765
confidence/004861.png,5683
confidence/004862.png,5747
confidence/004863.png,5732
confidence/004864.png,5756
confidence/004865.png,5747
confidence/004866.png,5767
confidence/004867.png,5606
confidence/004868.png,5593
confidence/004869.png,5394
confidence/004870.png,5398
confidence/004871.png,5449
confidence/004872.png,5361
confidence/004873.png,5305
confidence/004874.png,5423
confidence/004875.png,5401
confidence/004876.png,5440
confidence/004877.png,5413
confidence/004878.png,5410
confidence/004879.png,5330
confidence/004880.png,5207
confidence/004881.png,5014
confidence/004882.png,5018
confidence/004883.png,4962
confidence/004884.png,4942
confidence/004885.png,5025
confidence/004886.png,5112
confidence/004887.png,4946
confidence/004888.png,5000
confidence/004889.png,4982
confidence/004890.png,4917
confidence/004891.png,5071
confidence/004892.png,4935
confidence/004893.png,4984
confidence/004894.png,4897
confidence/004895.png,4954
confidence/004896.png,5030
confidence/004897.png,4953
confidence/004898.png,4924
confidence/004899.png,5086
confidence/004900.png,5009
confidence/004901.png,4927
confidence/004902.png,4882
confidence/004903.png,4966
confidence/004904.png,4937
confidence/004905.png,4902
confidence/004906.png,4826
confidence/004907.png,4900
confidence/004908.png,4895
confidence/004909.png,4911
confidence/004910.png,4965
confidence/004911.png,4759
confidence/004912.png,4889
confidence/004913.png,4812
confidence/004914.png,4816
confidence/004915.png,4974
confidence/004916.png,4880
confidence/004917.png,4870
confidence/004918.png,4862
confidence/004919.png,4843
confidence/004920.png,4789
confidence/004921.png,4804
confidence/004922.png,4744
confidence/004923.png,4597
confidence/004924.png,4525
confidence/004925.png,4688
confidence/004926.png,4658
confidence/004927.png,4678
confidence/004928.png,4599
confidence/004929.png,4676
confidence/004930.png,4684
confidence/004931.png,4700
confidence/004932.png,4750
confidence/004933.png,4627
confidence/004934.png,4672
confidence/004935.png,4593
confidence/004936.png,4600
confidence/004937.png,4536
confidence/004938.png,4537
confidence/004939.png,4576
confidence/004940.png,4513
confidence/004941.png,4567
confidence/004942.png,4527
confidence/004943.png,4562
confidence/004944.png,4515
confidence/004945.png,4485
confidence/004946.png,4443
confidence/004947.png,4491
confidence/004948.png,4469
confidence/004949.png,4433
confidence/004950.png,4427
confidence/004951.png,4426
confidence/004952.png,4447
confidence/004953.png,4400
confidence/004954.png,4436
confidence/004955.png,4402
confidence/004956.png,4349
confidence/004957.png,4431
confidence/004958.png,4450
confidence/004959.png,4423
confidence/004960.png,4469
confidence/004961.png,4469
confidence/004962.png,4449
confidence/004963.png,4523
confidence/004964.png,4483
confidence/004965.png,4476
confidence/004966.png,4450
confidence/004967.png,4538
confidence/004968.png,4487
confidence/004969.png,4514
confidence/004970.png,4578
confidence/004971.png,4589
confidence/004972.png,4627
confidence/004973.png,4642
confidence/004974.png,4623
confidence/004975.png,4700
confidence/004976.png,4743
confidence/004977.png,4757
confidence/004978.png,4799
confidence/004979.png,4642
confidence/004980.png,4706
confidence/004981.png,4840
confidence/004982.png,4952
confidence/004983.png,5064
confidence/004984.png,4846
confidence/004985.png,4956
confidence/004986.png,4797
confidence/004987.png,4760
confidence/004988.png,4781
confidence/004989.png,4744
confidence/004990.png,4700
confidence/004991.png,4793
confidence/004992.png,4715
confidence/004993.png,4675
confidence/004994.png,4689
confidence/004995.png,4496
confidence/004996.png,4504
confidence/004997.png,4542
confidence/004998.png,4563
confidence/004999.png,4597
confidence/005000.png,4588
confidence/005001.png,4560
confidence/005002.png,4552
confidence/005003.png,4451
confidence/005004.png,4451
confidence/005005.png,4380
confidence/005006.png,4486
confidence/005007.png,4536
confidence/005008.png,4557
confidence/005009.png,4473
confidence/005010.png,4390
confidence/005011.png,4441
confidence/005012.png,4461
confidence/005013.png,4305
confidence/005014.png,4366
confidence/005015.png,4337
confidence/005016.png,4329
confidence/005017.png,4304
confidence/005018.png,4298
confidence/005019.png,4257
confidence/005020.png,4169
confidence/005021.png,4187
confidence/005022.png,4168
confidence/005023.png,4129
confidence/005024.png,4104
confidence/005025.png,4072
confidence/005026.png,4125
confidence/005027.png,4121
confidence/005028.png,4127
confidence/005029.png,4152
confidence/005030.png,4021
confidence/005031.png,4091
confidence/005032.png,4119
confidence/005033.png,4099
confidence/005034.png,4094
confidence/005035.png,4170
confidence/005036.png,3956
confidence/005037.png,4119
confidence/005038.png,3986
confidence/005039.png,4126
confidence/005040.png,4147
confidence/005041.png,4220
confidence/005042.png,4168
confidence/005043.png,4215
confidence/005044.png,4272
confidence/005045.png,4191
confidence/005046.png,4125
confidence/005047.png,4108
confidence/005048.png,4088
confidence/005049.png,4119
confidence/005050.png,4172
confidence/005051.png,4200
confidence/005052.png,4277
confidence/005053.png,4295
confidence/005054.png,4141
confidence/005055.png,4280
confidence/005056.png,4288
confidence/005057.png,4277
confidence/005058.png,4233
confidence/005059.png,4246
confidence/005060.png,4259
confidence/005061.png,4319
confidence/005062.png,4419
confidence/005063.png,4459
confidence/005064.png,4398
confidence/005065.png,4400
confidence/005066.png,4519
confidence/005067.png,4491
confidence/005068.png,4579
confidence/005069.png,4564
confidence/005070.png,4582
confidence/005071.png,4531
confidence/005072.png,4494
confidence/005073.png,4625
confidence/005074.png,4606
confidence/005075.png,4613
confidence/005076.png,4579
confidence/005077.png,4564
confidence/005078.png,4450
confidence/005079.png,4590
confidence/005080.png,4613
confidence/005081.png,4640
confidence/005082.png,4613
confidence/005083.png,4489
confidence/005084.png,4396
confidence/005085.png,4544
confidence/005086.png,4583
confidence/005087.png,4657
confidence/005088.png,4705
confidence/005089.png,4621
confidence/005090.png,4708
confidence/005091.png,4709
confidence/005092.png,4685
confidence/005093.png,4692
confidence/005094.png,4747
confidence/005095.png,4716
confidence/005096.png,4903
confidence/005097.png,4955
confidence/005098.png,4982
confidence/005099.png,5082
confidence/005100.png,5226
confidence/005101.png,5185
confidence/005102.png,5230
confidence/005103.png,5224
confidence/005104.png,5428
confidence/005105.png,5602
confidence/005106.png,5470
confidence/005107.png,5308
confidence/005108.png,5392
confidence/005109.png,5337
confidence/005110.png,5399
confidence/005111.png,5164
confidence/005112.png,5292
confidence/005113.png,5334
confidence/005114.png,5228
confidence/005115.png,5335
confidence/005116.png,5412
confidence/005117.png,5482
confidence/005118.png,5528
confidence/005119.png,5652
confidence/005120.png,5542
confidence/005121.png,5629
confidence/005122.png,5618
confidence/005123.png,5689
confidence/005124.png,5574
confidence/005125.png,5748
confidence/005126.png,5675
confidence/005127.png,5546
confidence/005128.png,5561
confidence/005129.png,5468
confidence/005130.png,5311
confidence/005131.png,5347
confidence/005132.png,5459
confidence/005133.png,5494
confidence/005134.png,5653
confidence/005135.png,5580
confidence/005136.png,5553
confidence/005137.png,5478
confidence/005138.png,5500
confidence/005139.png,5640
confidence/005140.png,5765
confidence/005141.png,6001
confidence/005142.png,5690
confidence/005143.png,5712
confidence/005144.png,5636
confidence/005145.png,5564
confidence/005146.png,5333
confidence/005147.png,5725
confidence/005148.png,5676
confidence/005149.png,5985
confidence/005150.png,6064
confidence/005151.png,6160
confidence/005152.png,6031
confidence/005153.png,6310
confidence/005154.png,6353
confidence/005155.png,6509
confidence/005156.png,6581
confidence/005157.png,6557
confidence/005158.png,6594
confidence/005159.png,6715
confidence/005160.png,6689
confidence/005161.png,6594
confidence/005162.png,6707
confidence/005163.png,6787
confidence/005164.png,6741
confidence/005165.png,6729
confidence/005166.png,6998
confidence/005167.png,6823
confidence/005168.png,6623
confidence/005169.png,6950
confidence/005170.png,6763
confidence/005171.png,6915
confidence/005172.png,7041
confidence/005173.png,6925
confidence/005174.png,6771
confidence/005175.png,6940
confidence/005176.png,6740
confidence/005177.png,6691
confidence/005178.png,6863
confidence/005179.png,6784
confidence/005180.png,6824
confidence/005181.png,6869
confidence/005182.png,6890
confidence/005183.png,6789
confidence/005184.png,6796
confidence/005185.png,7063
confidence/005186.png,6576
confidence/005187.png,6959
confidence/005188.png,6788
confidence/005189.png,6597
confidence/005190.png,6452
confidence/005191.png,6133
confidence/005192.png,6352
confidence/005193.png,6655
confidence/005194.png,6390
confidence/005195.png,6142
confidence/005196.png,6430
confidence/005197.png,6192
confidence/005198.png,6049
confidence/005199.png,6074
confidence/005200.png,5897
confidence/005201.png,5710
confidence/005202.png,5581
confidence/005203.png,5430
confidence/005204.png,5415
confidence/005205.png,5545
confidence/005206.png,5443
confidence/005207.png,5233
confidence/005208.png,5281
confidence/005209.png,5123
confidence/005210.png,5052
confidence/005211.png,5010
confidence/005212.png,4837
confidence/005213.png,4859
confidence/005214.png,4881
confidence/005215.png,4864
confidence/005216.png,4659
confidence/005217.png,4475
confidence/005218.png,4465
confidence/005219.png,4376
confidence/005220.png,4285
confidence/005221.png,4188
confidence/005222.png,4279
confidence/005223.png,4178
confidence/005224.png,4212
confidence/005225.png,4201
confidence/005226.png,4262
confidence/005227.png,4333
confidence/005228.png,4194
confidence/005229.png,4205
confidence/005230.png,4263
confidence/005231.png,4259
confidence/005232.png,4257
confidence/005233.png,4192
confidence/005234.png,4243
confidence/005235.png,4267
confidence/005236.png,4174
confidence/005237.png,4226
confidence/005238.png,4191
confidence/005239.png,4228
confidence/005240.png,4207
confidence/005241.png,4209
confidence/005242.png,4083
confidence/005243.png,4148
confidence/005244.png,4077
confidence/005245.png,4199
confidence/005246.png,4148
confidence/005247.png,4079
confidence/005248.png,4156
confidence/005249.png,4213
confidence/005250.png,4172
confidence/005251.png,4236
confidence/005252.png,4287
confidence/005253.png,4234
confidence/005254.png,4177
confidence/005255.png,4232
confidence/005256.png,4208
confidence/005257.png,4215
confidence/005258.png,4276
confidence/005259.png,4247
confidence/005260.png,4234
confidence/005261.png,4271
confidence/005262.png,4269
confidence/005263.png,4267
confidence/005264.png,4258
confidence/005265.png,4301
confidence/005266.png,4331
confidence/005267.png,4310
confidence/005268.png,4470
confidence/005269.png,4354
confidence/005270.png,4520
confidence/005271.png,4525
confidence/005272.png,4453
confidence/005273.png,4557
confidence/005274.png,4475
confidence/005275.png,4556
confidence/005276.png,4638
confidence/005277.png,4546
confidence/005278.png,4565
confidence/005279.png,4614
confidence/005280.png,4564
confidence/005281.png,4563
confidence/005282.png,4567
confidence/005283.png,4521
confidence/005284.png,4564
confidence/005285.png,4568
confidence/005286.png,4537
confidence/005287.png,4620
confidence/005288.png,4479
confidence/005289.png,4480
confidence/005290.png,4429
confidence/005291.png,4422
confidence/005292.png,4397
confidence/005293.png,4450
confidence/005294.png,4550
confidence/005295.png,4490
confidence/005296.png,4406
confidence/005297.png,4478
confidence/005298.png,4426
confidence/005299.png,4377
confidence/005300.png,4320
confidence/005301.png,4362
confidence/005302.png,4404
confidence/005303.png,4482
confidence/005304.png,4622
confidence/005305.png,4564
confidence/005306.png,4616
confidence/005307.png,4431
confidence/005308.png,4518
confidence/005309.png,4538
confidence/005310.png,4651
confidence/005311.png,4439
confidence/005312.png,4613
confidence/005313.png,4492
confidence/005314.png,4457
confidence/005315.png,4399
confidence/005316.png,4369
confidence/005317.png,4538
confidence/005318.png,4560
confidence/005319.png,4494
confidence/005320.png,4412
confidence/005321.png,4460
confidence/005322.png,4512
confidence/005323.png,4630
confidence/005324.png,4661
confidence/005325.png,4652
confidence/005326.png,4920
confidence/005327.png,4974
confidence/005328.png,4924
confidence/005329.png,4910
confidence/005330.png,4836
confidence/005331.png,4898
confidence/005332.png,4804
confidence/005333.png,4811
confidence/005334.png,4799
confidence/005335.png,4917
confidence/005336.png,4933
confidence/005337.png,4945
confidence/005338.png,5074
confidence/005339.png,5051
confidence/005340.png,4991
confidence/005341.png,5092
confidence/005342.png,5057
confidence/005343.png,5008
confidence/005344.png,5000
confidence/005345.png,5017
confidence/005346.png,4933
confidence/005347.png,4935
confidence/005348.png,5050
confidence/005349.png,5137
confidence/005350.png,5141
confidence/005351.png,5177
confidence/005352.png,5023
confidence/005353.png,4950
confidence/005354.png,5158
confidence/005355.png,4939
confidence/005356.png,5015
confidence/005357.png,4923
confidence/005358.png,4947
confidence/005359.png,5028
confidence/005360.png,4939
confidence/005361.png,4924
confidence/005362.png,5000
confidence/005363.png,4960
confidence/005364.png,4877
confidence/005365.png,4847
confidence/005366.png,4883
confidence/005367.png,4871
confidence/005368.png,4899
confidence/005369.png,4944
confidence/005370.png,4924
confidence/005371.png,4798
confidence/005372.png,4872
confidence/005373.png,4897
confidence/005374.png,4930
confidence/005375.png,4980
confidence/005376.png,4940
confidence/005377.png,4861
confidence/005378.png,4867
confidence/005379.png,4877
confidence/005380.png,4839
confidence/005381.png,4868
confidence/005382.png,4908
confidence/005383.png,4831
confidence/005384.png,4791
confidence/005385.png,4905
confidence/005386.png,4831
confidence/005387.png,4778
confidence/005388.png,4777
confidence/005389.png,4767
confidence/005390.png,4683
confidence/005391.png,4679
confidence/005392.png,4810
confidence/005393.png,4768
confidence/005394.png,4798
confidence/005395.png,4818
confidence/005396.png,4792
confidence/005397.png,4747
confidence/005398.png,4711
confidence/005399.png,4721
confidence/005400.png,4751
confidence/005401.png,4709
confidence/005402.png,4849
confidence/005403.png,4757
confidence/005404.png,4769
confidence/005405.png,4810
confidence/005406.png,4825
confidence/005407.png,4852
confidence/005408.png,4841
confidence/005409.png,4827
confidence/005410.png,4803
confidence/005411.png,4771
confidence/005412.png,4773
confidence/005413.png,4717
confidence/005414.png,4820
confidence/005415.png,4729
confidence/005416.png,4745
confidence/005417.png,4760
confidence/005418.png,4802
confidence/005419.png,4790
confidence/005420.png,4808
confidence/005421.png,4876
confidence/005422.png,4860
confidence/005423.png,4854
confidence/005424.png,4953
confidence/005425.png,4825
confidence/005426.png,4868
confidence/005427.png,4741
confidence/005428.png,4757
confidence/005429.png,4774
confidence/005430.png,4781
confidence/005431.png,4860
confidence/005432.png,4865
confidence/005433.png,4814
confidence/005434.png,4827
confidence/005435.png,4716
confidence/005436.png,4725
confidence/005437.png,4665
confidence/005438.png,4675
confidence/005439.png,4695
confidence/005440.png,4726
confidence/005441.png,4608
confidence/005442.png,4813
confidence/005443.png,4758
confidence/005444.png,4637
confidence/005445.png,4587
confidence/005446.png,4619
confidence/005447.png,4567
confidence/005448.png,4445
confidence/005449.png,4566
confidence/005450.png,4488
confidence/005451.png,4611
confidence/005452.png,4603
confidence/005453.png,4582
confidence/005454.png,4573
confidence/005455.png,4517
confidence/005456.png,4429
confidence/005457.png,4499
confidence/005458.png,4422
confidence/005459.png,4391
confidence/005460.png,4425
confidence/005461.png,4440
confidence/005462.png,4468
confidence/005463.png,4433
confidence/005464.png,4453
confidence/005465.png,4379
confidence/005466.png,4353
confidence/005467.png,4364
confidence/005468.png,4395
confidence/005469.png,4388
confidence/005470.png,4344
confidence/005471.png,4351
confidence/005472.png,4342
confidence/005473.png,4367
confidence/005474.png,4397
confidence/005475.png,4376
confidence/005476.png,4396
confidence/005477.png,4460
confidence/005478.png,4448
confidence/005479.png,4426
confidence/005480.png,4436
confidence/005481.png,4402
confidence/005482.png,4381
confidence/005483.png,4407
confidence/005484.png,4376
confidence/005485.png,4417
confidence/005486.png,4379
confidence/005487.png,4367
confidence/005488.png,4287
confidence/005489.png,4206
confidence/005490.png,4122
confidence/005491.png,4074
confidence/005492.png,3999
confidence/005493.png,4018
confidence/005494.png,4011
confidence/005495.png,4004
confidence/005496.png,4021
confidence/005497.png,3828
confidence/005498.png,4026
confidence/005499.png,3998
confidence/005500.png,4024
confidence/005501.png,4059
confidence/005502.png,4026
confidence/005503.png,4072
confidence/005504.png,4022
confidence/005505.png,4086
confidence/005506.png,4129
confidence/005507.png,4187
confidence/005508.png,4187
confidence/005509.png,4377
confidence/005510.png,4422
confidence/005511.png,4384
confidence/005512.png,4416
confidence/005513.png,4491
confidence/005514.png,4483
confidence/005515.png,4501
confidence/005516.png,4640
confidence/005517.png,4549
confidence/005518.png,4625
confidence/005519.png,4653
confidence/005520.png,4654
confidence/005521.png,4618
confidence/005522.png,4681
confidence/005523.png,4817
confidence/005524.png,4701
confidence/005525.png,4777
confidence/005526.png,4749
confidence/005527.png,5007
confidence/005528.png,5064
confidence/005529.png,5378
confidence/005530.png,5284
confidence/005531.png,5288
confidence/005532.png,5361
confidence/005533.png,5525
confidence/005534.png,5620
confidence/005535.png,5536
confidence/005536.png,5598
confidence/005537.png,5427
confidence/005538.png,5418
confidence/005539.png,5540
confidence/005540.png,5546
confidence/005541.png,5588
confidence/005542.png,5471
confidence/005543.png,5563
confidence/005544.png,5612
confidence/005545.png,5586
confidence/005546.png,5683
confidence/005547.png,5680
confidence/005548.png,5674
confidence/005549.png,5724
confidence/005550.png,5713
confidence/005551.png,5671
confidence/005552.png,5649
confidence/005553.png,5568
confidence/005554.png,5625
confidence/005555.png,5615
confidence/005556.png,5519
confidence/005557.png,5733
confidence/005558.png,5704
confidence/005559.png,5652
confidence/005560.png,5570
confidence/005561.png,5508
confidence/005562.png,5589
confidence/005563.png,5649
confidence/005564.png,5554
confidence/005565.png,5648
confidence/005566.png,5684
confidence/005567.png,5612
confidence/005568.png,5833
confidence/005569.png,5891
confidence/005570.png,5691
confidence/005571.png,5680
confidence/005572.png,5659
confidence/005573.png,5778
confidence/005574.png,5755
confidence/005575.png,5578
confidence/005576.png,5656
confidence/005577.png,5605
confidence/005578.png,5610
confidence/005579.png,5653
confidence/005580.png,5549
confidence/005581.png,5727
confidence/005582.png,5877
confidence/005583.png,5714
confidence/005584.png,5698
confidence/005585.png,5820
confidence/005586.png,5663
confidence/005587.png,5765
confidence/005588.png,5801
confidence/005589.png,5839
confidence/005590.png,5801
confidence/005591.png,5766
confidence/005592.png,5746
confidence/005593.png,5778
confidence/005594.png,5760
confidence/005595.png,5552
confidence/005596.png,5633
confidence/005597.png,5466
confidence/005598.png,5516
confidence/005599.png,5570
confidence/005600.png,5451
confidence/005601.png,5654
confidence/005602.png,5540
confidence/005603.png,5555
confidence/005604.png,5566
confidence/005605.png,5525
confidence/005606.png,5481
confidence/005607.png,5520
confidence/005608.png,5380
confidence/005609.png,5312
confidence/005610.png,5465
confidence/005611.png,5539
confidence/005612.png,5538
confidence/005613.png,5424
confidence/005614.png,5521
confidence/005615.png,5506
confidence/005616.png,5228
confidence/005617.png,5286
confidence/005618.png,5445
confidence/005619.png,5464
confidence/005620.png,5410
confidence/005621.png,5401
confidence/005622.png,5304
confidence/005623.png,5439
confidence/005624.png,5342
confidence/005625.png,5396
confidence/005626.png,5320
confidence/005627.png,5265
confidence/005628.png,5373
confidence/005629.png,5248
confidence/005630.png,5318
confidence/005631.png,5355
confidence/005632.png,5337
confidence/005633.png,5460
confidence/005634.png,5391
confidence/005635.png,5335
confidence/005636.png,5504
confidence/005637.png,5435
confidence/005638.png,5447
confidence/005639.png,5527
confidence/005640.png,5318
confidence/005641.png,5437
confidence/005642.png,5466
confidence/005643.png,5488
confidence/005644.png,5276
confidence/005645.png,5388
confidence/005646.png,5180
confidence/005647.png,5337
confidence/005648.png,5274
confidence/005649.png,5108
confidence/005650.png,5153
confidence/005651.png,5210
confidence/005652.png,5096
confidence/005653.png,5045
confidence/005654.png,4924
confidence/005655.png,4931
confidence/005656.png,4857
confidence/005657.png,4828
confidence/005658.png,4910
confidence/005659.png,4670
confidence/005660.png,4749
confidence/005661.png,4560
confidence/005662.png,4659
confidence/005663.png,4796
confidence/005664.png,4785
confidence/005665.png,4900
confidence/005666.png,4790
confidence/005667.png,4945
confidence/005668.png,4961
confidence/005669.png,4833
confidence/005670.png,4776
confidence/005671.png,4747
confidence/005672.png,4700
confidence/005673.png,4619
confidence/005674.png,4577
confidence/005675.png,4627
confidence/005676.png,4665
confidence/005677.png,4655
confidence/005678.png,4518
confidence/005679.png,4639
confidence/005680.png,4574
confidence/005681.png,4634
confidence/005682.png,4698
confidence/005683.png,4663
confidence/005684.png,4597
confidence/005685.png,4602
confidence/005686.png,4639
confidence/005687.png,4413
confidence/005688.png,4416
confidence/005689.png,4330
confidence/005690.png,4336
confidence/005691.png,4413
confidence/005692.png,4448
confidence/005693.png,4421
confidence/005694.png,4399
confidence/005695.png,4710
confidence/005696.png,4359
confidence/005697.png,4425
confidence/005698.png,4459
confidence/005699.png,4570
confidence/005700.png,4473
confidence/005701.png,4546
confidence/005702.png,4539
confidence/005703.png,4738
confidence/005704.png,4681
confidence/005705.png,4793
confidence/005706.png,4942
confidence/005707.png,4867
confidence/005708.png,4916
confidence/005709.png,4955
confidence/005710.png,5050
confidence/005711.png,5044
confidence/005712.png,5231
confidence/005713.png,5319
confidence/005714.png,5418
confidence/005715.png,5340
confidence/005716.png,5460
confidence/005717.png,5342
confidence/005718.png,5523
confidence/005719.png,5281
confidence/005720.png,5390
confidence/005721.png,5541
confidence/005722.png,5506
confidence/005723.png,5584
confidence/005724.png,5717
confidence/005725.png,5714
confidence/005726.png,5784
confidence/005727.png,5813
confidence/005728.png,6168
confidence/005729.png,6444
confidence/005730.png,6509
confidence/005731.png,6283
confidence/005732.png,6226
confidence/005733.png,6420
confidence/005734.png,6334
confidence/005735.png,6363
confidence/005736.png,6388
confidence/005737.png,6254
confidence/005738.png,6352
confidence/005739.png,6304
confidence/005740.png,6367
confidence/005741.png,6464
confidence/005742.png,6561
confidence/005743.png,6585
confidence/005744.png,6489
confidence/005745.png,6473
confidence/005746.png,6692
confidence/005747.png,6696
confidence/005748.png,6705
confidence/005749.png,6780
confidence/005750.png,6956
confidence/005751.png,6779
confidence/005752.png,6752
confidence/005753.png,6741
confidence/005754.png,6638
confidence/005755.png,6701
confidence/005756.png,6574
confidence/005757.png,6629
confidence/005758.png,6688
confidence/005759.png,6678
confidence/005760.png,6886
confidence/005761.png,6547
confidence/005762.png,6630
confidence/005763.png,6728
confidence/005764.png,6713
confidence/005765.png,6823
confidence/005766.png,6821
confidence/005767.png,6989
confidence/005768.png,7022
confidence/005769.png,6924
confidence/005770.png,7042
confidence/005771.png,7101
confidence/005772.png,7142
confidence/005773.png,7061
confidence/005774.png,7082
confidence/005775.png,7169
confidence/005776.png,7312
confidence/005777.png,7356
confidence/005778.png,7366
confidence/005779.png,7131
confidence/005780.png,6959
confidence/005781.png,7311
confidence/005782.png,7102
confidence/005783.png,7164
confidence/005784.png,7365
confidence/005785.png,7181
confidence/005786.png,7104
confidence/005787.png,7218
confidence/005788.png,6997
confidence/005789.png,6968
confidence/005790.png,7116
confidence/005791.png,7162
confidence/005792.png,6954
confidence/005793.png,6855
confidence/005794.png,6949
confidence/005795.png,6927
confidence/005796.png,6863
confidence/005797.png,6807
confidence/005798.png,6921
confidence/005799.png,6948
confidence/005800.png,6820
confidence/005801.png,6885
confidence/005802.png,6829
confidence/005803.png,6825
confidence/005804.png,6887
confidence/005805.png,6872
confidence/005806.png,6933
confidence/005807.png,6694
confidence/005808.png,6896
confidence/005809.png,6390
confidence/005810.png,6524
confidence/005811.png,6656
confidence/005812.png,6522
confidence/005813.png,6358
confidence/005814.png,6493
confidence/005815.png,6490
confidence/005816.png,6495
confidence/005817.png,6199
confidence/005818.png,6296
confidence/005819.png,6323
confidence/005820.png,6207
confidence/005821.png,6312
confidence/005822.png,6280
confidence/005823.png,6130
confidence/005824.png,5928
confidence/005825.png,5732
confidence/005826.png,5934
confidence/005827.png,5841
confidence/005828.png,5772
confidence/005829.png,5581
confidence/005830.png,5460
confidence/005831.png,5367
confidence/005832.png,5350
confidence/005833.png,5504
confidence/005834.png,5287
confidence/005835.png,5216
confidence/005836.png,5333
confidence/005837.png,4899
confidence/005838.png,5137
confidence/005839.png,5053
confidence/005840.png,5039
confidence/005841.png,4859
confidence/005842.png,4836
confidence/005843.png,4941
confidence/005844.png,4867
confidence/005845.png,4821
confidence/005846.png,4797
confidence/005847.png,4747
confidence/005848.png,4588
confidence/005849.png,4540
confidence/005850.png,4443
confidence/005851.png,4480
confidence/005852.png,4305
confidence/005853.png,4310
confidence/005854.png,4428
confidence/005855.png,4484
confidence/005856.png,4511
confidence/005857.png,4549
confidence/005858.png,4418
confidence/005859.png,4345
confidence/005860.png,4300
confidence/005861.png,4368
confidence/005862.png,4339
confidence/005863.png,4510
confidence/005864.png,4372
confidence/005865.png,4357
confidence/005866.png,4304
confidence/005867.png,4327
confidence/005868.png,4372
confidence/005869.png,4343
confidence/005870.png,4624
confidence/005871.png,4505
confidence/005872.png,4458
confidence/005873.png,4396
confidence/005874.png,4406
confidence/005875.png,4350
confidence/005876.png,4464
confidence/005877.png,4424
confidence/005878.png,4397
confidence/005879.png,4306
confidence/005880.png,4406
confidence/005881.png,4358
confidence/005882.png,4411
confidence/005883.png,4421
confidence/005884.png,4418
confidence/005885.png,4484
confidence/005886.png,4421
confidence/005887.png,4562
confidence/005888.png,4383
confidence/005889.png,4500
confidence/005890.png,4520
confidence/005891.png,4466
confidence/005892.png,4470
confidence/005893.png,4574
confidence/005894.png,4451
confidence/005895.png,4389
confidence/005896.png,4404
confidence/005897.png,4424
confidence/005898.png,4525
confidence/005899.png,4452
confidence/005900.png,4338
confidence/005901.png,4565
confidence/005902.png,4463
confidence/005903.png,4370
confidence/005904.png,4436
confidence/005905.png,4421
confidence/005906.png,4511
confidence/005907.png,4555
confidence/005908.png,4607
confidence/005909.png,4715
confidence/005910.png,4606
confidence/005911.png,4643
confidence/005912.png,4636
confidence/005913.png,4664
confidence/005914.png,4754
confidence/005915.png,4603
confidence/005916.png,4571
confidence/005917.png,4575
confidence/005918.png,4650
confidence/005919.png,4712
confidence/005920.png,4671
confidence/005921.png,4663
confidence/005922.png,4548
confidence/005923.png,4575
confidence/005924.png,4642
confidence/005925.png,4631
confidence/005926.png,4703
confidence/005927.png,4564
confidence/005928.png,4615
confidence/005929.png,4740
confidence/005930.png,4651
confidence/005931.png,4605
confidence/005932.png,4718
confidence/005933.png,4668
confidence/005934.png,4655
confidence/005935.png,4659
confidence/005936.png,4589
confidence/005937.png,4733
confidence/005938.png,4496
confidence/005939.png,4666
confidence/005940.png,4752
confidence/005941.png,4788
confidence/005942.png,4926
confidence/005943.png,4658
confidence/005944.png,4753
confidence/005945.png,4949
confidence/005946.png,4899
confidence/005947.png,4880
confidence/005948.png,4733
confidence/005949.png,4838
confidence/005950.png,5238
confidence/005951.png,5057
confidence/005952.png,5201
confidence/005953.png,5580
confidence/005954.png,5550
confidence/005955.png,5677
confidence/005956.png,5361
confidence/005957.png,6077
confidence/005958.png,5852
confidence/005959.png,6377
confidence/005960.png,6038
confidence/005961.png,6028
confidence/005962.png,6210
confidence/005963.png,6380
confidence/005964.png,6204
confidence/005965.png,5987
confidence/005966.png,6376
confidence/005967.png,6154
confidence/005968.png,6268
confidence/005969.png,6037
confidence/005970.png,6051
confidence/005971.png,5904
confidence/005972.png,6053
confidence/005973.png,6028
confidence/005974.png,6052
confidence/005975.png,5829
confidence/005976.png,5857
confidence/005977.png,5919
confidence/005978.png,5699
confidence/005979.png,5582
confidence/005980.png,5766
confidence/005981.png,5833
confidence/005982.png,5757
confidence/005983.png,5838
confidence/005984.png,5687
confidence/005985.png,5864
confidence/005986.png,5555
confidence/005987.png,5522
confidence/005988.png,5410
confidence/005989.png,5505
confidence/005990.png,5616
confidence/005991.png,5803
confidence/005992.png,5794
confidence/005993.png,5755
confidence/005994.png,5437
confidence/005995.png,5521
confidence/005996.png,5403
confidence/005997.png,5358
confidence/005998.png,5463
confidence/005999.png,5483
confidence/006000.png,5481
confidence/006001.png,5498
confidence/006002.png,5478
confidence/006003.png,5506
confidence/006004.png,5490
confidence/006005.png,5464
confidence/006006.png,5469
confidence/006007.png,5413
confidence/006008.png,5430
confidence/006009.png,5424
confidence/006010.png,5585
confidence/006011.png,5422
confidence/006012.png,5447
confidence/006013.png,5615
confidence/006014.png,5548
confidence/006015.png,5536
confidence/006016.png,5469
confidence/006017.png,5397
confidence/006018.png,5580
confidence/006019.png,5496
confidence/006020.png,5452
confidence/006021.png,5374
confidence/006022.png,5406
confidence/006023.png,5333
confidence/006024.png,5347
confidence/006025.png,5429
confidence/006026.png,5374
confidence/006027.png,5301
confidence/006028.png,5370
confidence/006029.png,5318
confidence/006030.png,5276
confidence/006031.png,5164
confidence/006032.png,5098
confidence/006033.png,5075
confidence/006034.png,5042
confidence/006035.png,5038
confidence/006036.png,4866
confidence/006037.png,4786
confidence/006038.png,4842
confidence/006039.png,5005
confidence/006040.png,4816
confidence/006041.png,4793
confidence/006042.png,4671
confidence/006043.png,4675
confidence/006044.png,4852
confidence/006045.png,4728
confidence/006046.png,4742
confidence/006047.png,4827
confidence/006048.png,4705
confidence/006049.png,4636
confidence/006050.png,4710
confidence/006051.png,4709
confidence/006052.png,4729
confidence/006053.png,4805
confidence/006054.png,4653
confidence/006055.png,4700
confidence/006056.png,4792
confidence/006057.png,4559
confidence/006058.png,4613
confidence/006059.png,4651
confidence/006060.png,4751
confidence/006061.png,4488
confidence/006062.png,4466
confidence/006063.png,4412
confidence/006064.png,4432
confidence/006065.png,4383
confidence/006066.png,4317
confidence/006067.png,4309
confidence/006068.png,4280
confidence/006069.png,4228
confidence/006070.png,4400
confidence/006071.png,4446
confidence/006072.png,4557
confidence/006073.png,4431
confidence/006074.png,4438
confidence/006075.png,4445
confidence/006076.png,4526
confidence/006077.png,4546
confidence/006078.png,4573
confidence/006079.png,4634
confidence/006080.png,4561
confidence/006081.png,4581
confidence/006082.png,4498
confidence/006083.png,4453
confidence/006084.png,4405
confidence/006085.png,4435
confidence/006086.png,4602
confidence/006087.png,4518
confidence/006088.png,4411
confidence/006089.png,4637
confidence/006090.png,4724
confidence/006091.png,4669
confidence/006092.png,4596
confidence/006093.png,4559
confidence/006094.png,4601
confidence/006095.png,4608
confidence/006096.png,4666
confidence/006097.png,4644
confidence/006098.png,4537
confidence/006099.png,4577
confidence/006100.png,4620
confidence/006101.png,4602
confidence/006102.png,4608
confidence/006103.png,4606
confidence/006104.png,4567
confidence/006105.png,4671
confidence/006106.png,4558
confidence/006107.png,4572
confidence/006108.png,4706
confidence/006109.png,4581
confidence/006110.png,4681
confidence/006111.png,4357
confidence/006112.png,4273
confidence/006113.png,4331
confidence/006114.png,4422
confidence/006115.png,4254
confidence/006116.png,4420
confidence/006117.png,4514
confidence/006118.png,4484
confidence/006119.png,4444
confidence/006120.png,4439
confidence/006121.png,4319
confidence/006122.png,4349
confidence/006123.png,4394
confidence/006124.png,4340
confidence/006125.png,4521
confidence/006126.png,4513
confidence/006127.png,4414
confidence/006128.png,4347
confidence/006129.png,4399
confidence/006130.png,4545
confidence/006131.png,4447
confidence/006132.png,4412
confidence/006133.png,4484
confidence/006134.png,4373
confidence/006135.png,4441
confidence/006136.png,4544
confidence/006137.png,4738
confidence/006138.png,4677
confidence/006139.png,4510
confidence/006140.png,4566
confidence/006141.png,4540
confidence/006142.png,4678
confidence/006143.png,4591
confidence/006144.png,4605
confidence/006145.png,4688
confidence/006146.png,4613
confidence/006147.png,4666
confidence/006148.png,4852
confidence/006149.png,4784
confidence/006150.png,4806
confidence/006151.png,4880
confidence/006152.png,4757
confidence/006153.png,4733
confidence/006154.png,4888
confidence/006155.png,4896
confidence/006156.png,4816
confidence/006157.png,4882
confidence/006158.png,4938
confidence/006159.png,4898
confidence/006160.png,4968
confidence/006161.png,4831
confidence/006162.png,4963
confidence/006163.png,5051
confidence/006164.png,5106
confidence/006165.png,5124
confidence/006166.png,5067
confidence/006167.png,5133
confidence/006168.png,5216
confidence/006169.png,5393
confidence/006170.png,5173
confidence/006171.png,5228
confidence/006172.png,5227
confidence/006173.png,5267
confidence/006174.png,5233
confidence/006175.png,5292
confidence/006176.png,5579
confidence/006177.png,5560
confidence/006178.png,5372
confidence/006179.png,5471
confidence/006180.png,5452
confidence/006181.png,5577
confidence/006182.png,5458
confidence/006183.png,5612
confidence/006184.png,5821
confidence/006185.png,5800
confidence/006186.png,5658
confidence/006187.png,5482
confidence/006188.png,5546
confidence/006189.png,5347
confidence/006190.png,5398
confidence/006191.png,5295
confidence/006192.png,5372
confidence/006193.png,5304
confidence/006194.png,5268
confidence/006195.png,5317
confidence/006196.png,5310
confidence/006197.png,5222
confidence/006198.png,5258
confidence/006199.png,5147
confidence/006200.png,5167
confidence/006201.png,5163
confidence/006202.png,5197
confidence/006203.png,5291
confidence/006204.png,5260
confidence/006205.png,5196
confidence/006206.png,5274
confidence/006207.png,5307
confidence/006208.png,5230
confidence/006209.png,5176
confidence/006210.png,5131
confidence/006211.png,5210
confidence/006212.png,5229
confidence/006213.png,5211
confidence/006214.png,5212
confidence/006215.png,5215
confidence/006216.png,5238
confidence/006217.png,5248
confidence/006218.png,5253
confidence/006219.png,5250
confidence/006220.png,5122
confidence/006221.png,5095
confidence/006222.png,5156
confidence/006223.png,5110
confidence/006224.png,5080
confidence/006225.png,5023
confidence/006226.png,4962
confidence/006227.png,4995
confidence/006228.png,4945
confidence/006229.png,5045
confidence/006230.png,4933
confidence/006231.png,4868
confidence/006232.png,4882
confidence/006233.png,4960
confidence/006234.png,4907
confidence/006235.png,4843
confidence/006236.png,4868
confidence/006237.png,4791
confidence/006238.png,4745
confidence/006239.png,4805
confidence/006240.png,4809
confidence/006241.png,4710
confidence/006242.png,4856
confidence/006243.png,4877
confidence/006244.png,4829
confidence/006245.png,4851
confidence/006246.png,4765
confidence/006247.png,4805
confidence/006248.png,4758
confidence/006249.png,4832
confidence/006250.png,4825
confidence/006251.png,4873
confidence/006252.png,4879
confidence/006253.png,5021
confidence/006254.png,5005
confidence/006255.png,5057
confidence/006256.png,5005
confidence/006257.png,4982
confidence/006258.png,4919
confidence/006259.png,4836
confidence/006260.png,4762
confidence/006261.png,4949
confidence/006262.png,4873
confidence/006263.png,5055
confidence/006264.png,4994
confidence/006265.png,4980
confidence/006266.png,4891
confidence/006267.png,4886
confidence/006268.png,4839
confidence/006269.png,4943
confidence/006270.png,4905
confidence/006271.png,4933
confidence/006272.png,4866
confidence/006273.png,4912
confidence/006274.png,4758
confidence/006275.png,4718
confidence/006276.png,4646
confidence/006277.png,4702
confidence/006278.png,4666
confidence/006279.png,4701
confidence/006280.png,4634
confidence/006281.png,4587
confidence/006282.png,4596
confidence/006283.png,4557
confidence/006284.png,4487
confidence/006285.png,4456
confidence/006286.png,4477
confidence/006287.png,4464
confidence/006288.png,4364
confidence/006289.png,4438
confidence/006290.png,4392
confidence/006291.png,4383
confidence/006292.png,4233
confidence/006293.png,4228
confidence/006294.png,4114
confidence/006295.png,4127
confidence/006296.png,4124
confidence/006297.png,4104
confidence/006298.png,4118
confidence/006299.png,4234
confidence/006300.png,4117
confidence/006301.png,4184
confidence/006302.png,4342
confidence/006303.png,4187
confidence/006304.png,4149
confidence/006305.png,4158
confidence/006306.png,4133
confidence/006307.png,4168
confidence/006308.png,4168
confidence/006309.png,4245
confidence/006310.png,4295
confidence/006311.png,4215
confidence/006312.png,4189
confidence/006313.png,4198
confidence/006314.png,4169
confidence/006315.png,4132
confidence/006316.png,4267
confidence/006317.png,4055
confidence/006318.png,4131
confidence/006319.png,4162
confidence/006320.png,4122
confidence/006321.png,4140
confidence/006322.png,4098
confidence/006323.png,4057
confidence/006324.png,4067
confidence/006325.png,4068
confidence/006326.png,4033
confidence/006327.png,4133
confidence/006328.png,4099
confidence/006329.png,4185
confidence/006330.png,4179
confidence/006331.png,4146
confidence/006332.png,4169
confidence/006333.png,4260
confidence/006334.png,4184
confidence/006335.png,4318
confidence/006336.png,4316
confidence/006337.png,4224
confidence/006338.png,4311
confidence/006339.png,4334
confidence/006340.png,4388
confidence/006341.png,4338
confidence/006342.png,4415
confidence/006343.png,4422
confidence/006344.png,4437
confidence/006345.png,4478
confidence/006346.png,4426
confidence/006347.png,4465
confidence/006348.png,4409
confidence/006349.png,4474
confidence/006350.png,4370
confidence/006351.png,4355
confidence/006352.png,4420
confidence/006353.png,4438
confidence/006354.png,4420
confidence/006355.png,4395
confidence/006356.png,4430
confidence/006357.png,4374
confidence/006358.png,4426
confidence/006359.png,4371
confidence/006360.png,4437
confidence/006361.png,4414
confidence/006362.png,4426
confidence/006363.png,4531
confidence/006364.png,4523
confidence/006365.png,4455
confidence/006366.png,4490
confidence/006367.png,4506
confidence/006368.png,4450
confidence/006369.png,4501
confidence/006370.png,4530
confidence/006371.png,4503
confidence/006372.png,4526
confidence/006373.png,4452
confidence/006374.png,4463
confidence/006375.png,4456
confidence/006376.png,4496
confidence/006377.png,4555
confidence/006378.png,4498
confidence/006379.png,4484
confidence/006380.png,4443
confidence/006381.png,4493
confidence/006382.png,4513
confidence/006383.png,4554
confidence/006384.png,4527
confidence/006385.png,4522
confidence/006386.png,4618
confidence/006387.png,4608
confidence/006388.png,4657
confidence/006389.png,4618
confidence/006390.png,4685
confidence/006391.png,4658
confidence/006392.png,4683
confidence/006393.png,4663
confidence/006394.png,4753
confidence/006395.png,4783
confidence/006396.png,4898
confidence/006397.png,4769
confidence/006398.png,4891
confidence/006399.png,5083
confidence/006400.png,5116
confidence/006401.png,5313
confidence/006402.png,5239
confidence/006403.png,5431
confidence/006404.png,5282
confidence/006405.png,5279
confidence/006406.png,5575
confidence/006407.png,5671
confidence/006408.png,5492
confidence/006409.png,5758
confidence/006410.png,5817
confidence/006411.png,5711
confidence/006412.png,5722
confidence/006413.png,5779
confidence/006414.png,5683
confidence/006415.png,5667
confidence/006416.png,5734
confidence/006417.png,5775
confidence/006418.png,5805
confidence/006419.png,5759
confidence/006420.png,5703
confidence/006421.png,6202
confidence/006422.png,5918
confidence/006423.png,5953
confidence/006424.png,5748
confidence/006425.png,5646
confidence/006426.png,5653
confidence/006427.png,5895
confidence/006428.png,5630
confidence/006429.png,5585
confidence/006430.png,5578
confidence/006431.png,5596
confidence/006432.png,5593
confidence/006433.png,5577
confidence/006434.png,5565
confidence/006435.png,5566
confidence/006436.png,5611
confidence/006437.png,5513
confidence/006438.png,5515
confidence/006439.png,5428
confidence/006440.png,5315
confidence/006441.png,5448
confidence/006442.png,5301
confidence/006443.png,5354
confidence/006444.png,5382
confidence/006445.png,5178
confidence/006446.png,5253
confidence/006447.png,5342
confidence/006448.png,5313
confidence/006449.png,5229
confidence/006450.png,4859
confidence/006451.png,4834
confidence/006452.png,4871
confidence/006453.png,4790
confidence/006454.png,4880
confidence/006455.png,4842
confidence/006456.png,4763
confidence/006457.png,4652
confidence/006458.png,4717
confidence/006459.png,4734
confidence/006460.png,4733
confidence/006461.png,4767
confidence/006462.png,4688
confidence/006463.png,4920
confidence/006464.png,5098
confidence/006465.png,5200
confidence/006466.png,5080
confidence/006467.png,4983
confidence/006468.png,5079
confidence/006469.png,5321
confidence/006470.png,5134
confidence/006471.png,5420
confidence/006472.png,5405
confidence/006473.png,5228
confidence/006474.png,5250
confidence/006475.png,5362
confidence/006476.png,5328
confidence/006477.png,5354
confidence/006478.png,5455
confidence/006479.png,5566
confidence/006480.png,5450
confidence/006481.png,5405
confidence/006482.png,5365
confidence/006483.png,5310
confidence/006484.png,5448
confidence/006485.png,5516
confidence/006486.png,5558
confidence/006487.png,5580
confidence/006488.png,5639
confidence/006489.png,5662
confidence/006490.png,5543
confidence/006491.png,5529
confidence/006492.png,5577
confidence/006493.png,5703
confidence/006494.png,5722
confidence/006495.png,5709
confidence/006496.png,5727
confidence/006497.png,5707
confidence/006498.png,5758
confidence/006499.png,5832
confidence/006500.png,5814
confidence/006501.png,5791
confidence/006502.png,5634
confidence/006503.png,5671
confidence/006504.png,5901
confidence/006505.png,6160
confidence/006506.png,6374
confidence/006507.png,6230
confidence/006508.png,6243
confidence/006509.png,6272
confidence/006510.png,6329
confidence/006511.png,6143
confidence/006512.png,6219
confidence/006513.png,6077
confidence/006514.png,6184
confidence/006515.png,6181
confidence/006516.png,6082
confidence/006517.png,6078
confidence/006518.png,6312
confidence/006519.png,6121
confidence/006520.png,6091
confidence/006521.png,5732
confidence/006522.png,5790
confidence/006523.png,5628
confidence/006524.png,5601
confidence/006525.png,5549
confidence/006526.png,5602
confidence/006527.png,5756
confidence/006528.png,5755
confidence/006529.png,5664
confidence/006530.png,5422
confidence/006531.png,5462
confidence/006532.png,5519
confidence/006533.png,5196
confidence/006534.png,5036
confidence/006535.png,5002
confidence/006536.png,4947
confidence/006537.png,4930
confidence/006538.png,4927
confidence/006539.png,5093
confidence/006540.png,4864
confidence/006541.png,4870
confidence/006542.png,4725
confidence/006543.png,4701
confidence/006544.png,4770
confidence/006545.png,4816
confidence/006546.png,4847
confidence/006547.png,4768
confidence/006548.png,4723
confidence/006549.png,4844
confidence/006550.png,4684
confidence/006551.png,4895
confidence/006552.png,4871
confidence/006553.png,4758
confidence/006554.png,4823
confidence/006555.png,4773
confidence/006556.png,4658
confidence/006557.png,4832
confidence/006558.png,4787
confidence/006559.png,4724
confidence/006560.png,4848
confidence/006561.png,4686
confidence/006562.png,4736
confidence/006563.png,4550
confidence/006564.png,4560
confidence/006565.png,4519
confidence/006566.png,4554
confidence/006567.png,4552
confidence/006568.png,4733
confidence/006569.png,4711
confidence/006570.png,4622
confidence/006571.png,4616
confidence/006572.png,4702
confidence/006573.png,4829
confidence/006574.png,4786
confidence/006575.png,4779
confidence/006576.png,4764
confidence/006577.png,4783
confidence/006578.png,4785
confidence/006579.png,4741
confidence/006580.png,4736
confidence/006581.png,4752
confidence/006582.png,4730
confidence/006583.png,4750
confidence/006584.png,4826
confidence/006585.png,4766
confidence/006586.png,4725
confidence/006587.png,4745
confidence/006588.png,4728
confidence/006589.png,4735
confidence/006590.png,4749
confidence/006591.png,4801
confidence/006592.png,4763
confidence/006593.png,4708
confidence/006594.png,4714
confidence/006595.png,4658
confidence/006596.png,4682
confidence/006597.png,4714
confidence/006598.png,4733
confidence/006599.png,4706
confidence/006600.png,4707
confidence/006601.png,4738
confidence/006602.png,4713
confidence/006603.png,4599
confidence/006604.png,4620
confidence/006605.png,4620
confidence/006606.png,4669
confidence/006607.png,4657
confidence/006608.png,4529
confidence/006609.png,4545
confidence/006610.png,4556
confidence/006611.png,4571
confidence/006612.png,4572
confidence/006613.png,4560
confidence/006614.png,4542
confidence/006615.png,4635
confidence/006616.png,4622
confidence/006617.png,4592
confidence/006618.png,4571
confidence/006619.png,4510
confidence/006620.png,4582
confidence/006621.png,4545
confidence/006622.png,4594
confidence/006623.png,4508
confidence/006624.png,4494
confidence/006625.png,4496
confidence/006626.png,4544
confidence/006627.png,4554
confidence/006628.png,4467
confidence/006629.png,4473
confidence/006630.png,4496
confidence/006631.png,4503
confidence/006632.png,4541
confidence/006633.png,4557
confidence/006634.png,4561
confidence/006635.png,4539
confidence/006636.png,4541
confidence/006637.png,4512
confidence/006638.png,4485
confidence/006639.png,4524
confidence/006640.png,4493
confidence/006641.png,4479
confidence/006642.png,4482
confidence/006643.png,4452
confidence/006644.png,4434
confidence/006645.png,4384
confidence/006646.png,4492
confidence/006647.png,4513
confidence/006648.png,4508
confidence/006649.png,4483
confidence/006650.png,4495
confidence/006651.png,4517
confidence/006652.png,4487
confidence/006653.png,4524
confidence/006654.png,4549
confidence/006655.png,4467
confidence/006656.png,4451
confidence/006657.png,4481
confidence/006658.png,4529
confidence/006659.png,4520
confidence/006660.png,4596
confidence/006661.png,4609
confidence/006662.png,4650
confidence/006663.png,4675
confidence/006664.png,4590
confidence/006665.png,4505
confidence/006666.png,4628
confidence/006667.png,4551
confidence/006668.png,4552
confidence/006669.png,4478
confidence/006670.png,4580
confidence/006671.png,4487
confidence/006672.png,4380
confidence/006673.png,4423
confidence/006674.png,4404
confidence/006675.png,4657
confidence/006676.png,4656
confidence/006677.png,4604
confidence/006678.png,4596
confidence/006679.png,4528
confidence/006680.png,4539
confidence/006681.png,4583
confidence/006682.png,4597
confidence/006683.png,4540
confidence/006684.png,4464
confidence/006685.png,4505
confidence/006686.png,4547
confidence/006687.png,4515
confidence/006688.png,4547
confidence/006689.png,4638
confidence/006690.png,4605
confidence/006691.png,4564
confidence/006692.png,4488
confidence/006693.png,4528
confidence/006694.png,4461
confidence/006695.png,4380
confidence/006696.png,4512
confidence/006697.png,4541
confidence/006698.png,4523
confidence/006699.png,4526
confidence/006700.png,4583
confidence/006701.png,4534
confidence/006702.png,4577
confidence/006703.png,4530
confidence/006704.png,4515
confidence/006705.png,4550
confidence/006706.png,4561
confidence/006707.png,4527
confidence/006708.png,4568
confidence/006709.png,4384
confidence/006710.png,4404
confidence/006711.png,4421
confidence/006712.png,4390
confidence/006713.png,4390
confidence/006714.png,4370
confidence/006715.png,4503
confidence/006716.png,4545
confidence/006717.png,4534
confidence/006718.png,4520
confidence/006719.png,4581
confidence/006720.png,4615
confidence/006721.png,4606
confidence/006722.png,4646
confidence/006723.png,4590
confidence/006724.png,4618
confidence/006725.png,4522
confidence/006726.png,4591
confidence/006727.png,4555
confidence/006728.png,4564
confidence/006729.png,4533
confidence/006730.png,4527
confidence/006731.png,4546
confidence/006732.png,4468
confidence/006733.png,4442
confidence/006734.png,4507
confidence/006735.png,4483
confidence/006736.png,4453
confidence/006737.png,4559
confidence/006738.png,4627
confidence/006739.png,4593
confidence/006740.png,4665
confidence/006741.png,4574
confidence/006742.png,4553
confidence/006743.png,4657
confidence/006744.png,4638
confidence/006745.png,4616
confidence/006746.png,4587
confidence/006747.png,4664
confidence/006748.png,4576
confidence/006749.png,4628
confidence/006750.png,4634
confidence/006751.png,4675
confidence/006752.png,4705
confidence/006753.png,4905
confidence/006754.png,4654
confidence/006755.png,4800
confidence/006756.png,4709
confidence/006757.png,4686
confidence/006758.png,4643
confidence/006759.png,4657
confidence/006760.png,4599
confidence/006761.png,4567
confidence/006762.png,4588
confidence/006763.png,4539
confidence/006764.png,4557
confidence/006765.png,4606
confidence/006766.png,4599
confidence/006767.png,4640
confidence/006768.png,4632
confidence/006769.png,4597
confidence/006770.png,4631
confidence/006771.png,4580
confidence/006772.png,4491
confidence/006773.png,4505
confidence/006774.png,4520
confidence/006775.png,4651
confidence/006776.png,4474
confidence/006777.png,4385
confidence/006778.png,4505
confidence/006779.png,4290
confidence/006780.png,4308
confidence/006781.png,4315
confidence/006782.png,4158
confidence/006783.png,4395
confidence/006784.png,4492
confidence/006785.png,4318
confidence/006786.png,4699
confidence/006787.png,4826
confidence/006788.png,4548
confidence/006789.png,4727
confidence/006790.png,4934
confidence/006791.png,5052
confidence/006792.png,5056
confidence/006793.png,5109
confidence/006794.png,5021
confidence/006795.png,5307
confidence/006796.png,5361
confidence/006797.png,5356
confidence/006798.png,5347
confidence/006799.png,5462
confidence/006800.png,5295
confidence/006801.png,5163
confidence/006802.png,5502
confidence/006803.png,5475
confidence/006804.png,5804
confidence/006805.png,5620
confidence/006806.png,5545
confidence/006807.png,5462
confidence/006808.png,5578
confidence/006809.png,5436
confidence/006810.png,5622
confidence/006811.png,5952
confidence/006812.png,5623
confidence/006813.png,5582
confidence/006814.png,5321
confidence/006815.png,5238
confidence/006816.png,5365
confidence/006817.png,5515
confidence/006818.png,5389
confidence/006819.png,5460
confidence/006820.png,5277
confidence/006821.png,5223
confidence/006822.png,5065
confidence/006823.png,5015
confidence/006824.png,4953
confidence/006825.png,5008
confidence/006826.png,4956
confidence/006827.png,4876
confidence/006828.png,4857
confidence/006829.png,4892
confidence/006830.png,4795
confidence/006831.png,4743
confidence/006832.png,4725
confidence/006833.png,4642
confidence/006834.png,4613
confidence/006835.png,4597
confidence/006836.png,4523
confidence/006837.png,4501
confidence/006838.png,4436
confidence/006839.png,4483
confidence/006840.png,4442
confidence/006841.png,4428
confidence/006842.png,4406
confidence/006843.png,4433
confidence/006844.png,4391
confidence/006845.png,4350
confidence/006846.png,4347
confidence/006847.png,4393
confidence/006848.png,4447
confidence/006849.png,4378
confidence/006850.png,4339
confidence/006851.png,4271
confidence/006852.png,4232
confidence/006853.png,4305
confidence/006854.png,4288
confidence/006855.png,4131
confidence/006856.png,4260
confidence/006857.png,4179
confidence/006858.png,4199
confidence/006859.png,4234
confidence/006860.png,4015
confidence/006861.png,4149
confidence/006862.png,4198
confidence/006863.png,4059
confidence/006864.png,4086
confidence/006865.png,4067
confidence/006866.png,4090
confidence/006867.png,4037
confidence/006868.png,4047
confidence/006869.png,4041
confidence/006870.png,4049
confidence/006871.png,4065
confidence/006872.png,4054
confidence/006873.png,4000
confidence/006874.png,4027
confidence/006875.png,4004
confidence/006876.png,4223
confidence/006877.png,4116
confidence/006878.png,4027
confidence/006879.png,4045
confidence/006880.png,4086
confidence/006881.png,4016
confidence/006882.png,4085
confidence/006883.png,4198
confidence/006884.png,4206
confidence/006885.png,4060
confidence/006886.png,4054
confidence/006887.png,4061
confidence/006888.png,4005
confidence/006889.png,4067
confidence/006890.png,4051
confidence/006891.png,4021
confidence/006892.png,4063
confidence/006893.png,4050
confidence/006894.png,4062
confidence/006895.png,4013
confidence/006896.png,4038
confidence/006897.png,4113
confidence/006898.png,4025
confidence/006899.png,4056
confidence/006900.png,4012
confidence/006901.png,4017
confidence/006902.png,4076
confidence/006903.png,4033
confidence/006904.png,4064
confidence/006905.png,4056
confidence/006906.png,4053
confidence/006907.png,4052
confidence/006908.png,4074
confidence/006909.png,4049
confidence/006910.png,4046
confidence/006911.png,4053
confidence/006912.png,4049
confidence/006913.png,4049
confidence/006914.png,4066
confidence/006915.png,4030
confidence/006916.png,4057
confidence/006917.png,4064
confidence/006918.png,4065
confidence/006919.png,4061
confidence/006920.png,4075
confidence/006921.png,4075
confidence/006922.png,4073
confidence/006923.png,4069
confidence/006924.png,4059
confidence/006925.png,4076
confidence/006926.png,4068
confidence/006927.png,4069
confidence/006928.png,4107
confidence/006929.png,4083
confidence/006930.png,4059
confidence/006931.png,4105
confidence/006932.png,4065
confidence/006933.png,4066
confidence/006934.png,4087
confidence/006935.png,4013
confidence/006936.png,4075
confidence/006937.png,4066
confidence/006938.png,4064
confidence/006939.png,4091
confidence/006940.png,4058
confidence/006941.png,4040
confidence/006942.png,4059
confidence/006943.png,4073
confidence/006944.png,4076
confidence/006945.png,4051
confidence/006946.png,4063
confidence/006947.png,4083
confidence/006948.png,4075
confidence/006949.png,4063
confidence/006950.png,4091
confidence/006951.png,4054
confidence/006952.png,4064
confidence/006953.png,4103
confidence/006954.png,4062
confidence/006955.png,4065
confidence/006956.png,4031
confidence/006957.png,4034
confidence/006958.png,4066
confidence/006959.png,4053
confidence/006960.png,4056
confidence/006961.png,4047
confidence/006962.png,4064
confidence/006963.png,4057
confidence/006964.png,4054
confidence/006965.png,4061
confidence/006966.png,4045
confidence/006967.png,4066
confidence/006968.png,4052
confidence/006969.png,4073
confidence/006970.png,4067
confidence/006971.png,3994
confidence/006972.png,4049
confidence/006973.png,4053
confidence/006974.png,4060
confidence/006975.png,4056
confidence/006976.png,4059
confidence/006977.png,4061
confidence/006978.png,4067
confidence/006979.png,4069
confidence/006980.png,4053
confidence/006981.png,4053
confidence/006982.png,4058
confidence/006983.png,4057
confidence/006984.png,4053
confidence/006985.png,4056
confidence/006986.png,4062
confidence/006987.png,4058
confidence/006988.png,4055
confidence/006989.png,4062
confidence/006990.png,4044
confidence/006991.png,4055
confidence/006992.png,4058
confidence/006993.png,4045
confidence/006994.png,4003
confidence/006995.png,4051
confidence/006996.png,4052
confidence/006997.png,4056
confidence/006998.png,4051
confidence/006999.png,4060
confidence/007000.png,4064
confidence/007001.png,4050
confidence/007002.png,4058
confidence/007003.png,4058
confidence/007004.png,4048
confidence/007005.png,4053
confidence/007006.png,4051
confidence/007007.png,4049
confidence/007008.png,4049
confidence/007009.png,4046
confidence/007010.png,4045
confidence/007011.png,4056
confidence/007012.png,4047
confidence/007013.png,4047
confidence/007014.png,4026
confidence/007015.png,4084
confidence/007016.png,4046
confidence/007017.png,4085
confidence/007018.png,4106
confidence/007019.png,4026
confidence/007020.png,4019
confidence/007021.png,4029
confidence/007022.png,4056
confidence/007023.png,4019
confidence/007024.png,4063
confidence/007025.png,3935
confidence/007026.png,4043
confidence/007027.png,4052
confidence/007028.png,4024
confidence/007029.png,4049
confidence/007030.png,4037
confidence/007031.png,4023
confidence/007032.png,4068
confidence/007033.png,4062
confidence/007034.png,4030
confidence/007035.png,4027
confidence/007036.png,4076
confidence/007037.png,4038
confidence/007038.png,4093
confidence/007039.png,4025
confidence/007040.png,4052
confidence/007041.png,4063
confidence/007042.png,4082
confidence/007043.png,4150
confidence/007044.png,4056
confidence/007045.png,4046
confidence/007046.png,4141
confidence/007047.png,4299
confidence/007048.png,4295
confidence/007049.png,4509
confidence/007050.png,4193
confidence/007051.png,4299
confidence/007052.png,4396
confidence/007053.png,4226
confidence/007054.png,4259
confidence/007055.png,4272
confidence/007056.png,4231
confidence/007057.png,4204
confidence/007058.png,4079
confidence/007059.png,4220
confidence/007060.png,4147
confidence/007061.png,4174
confidence/007062.png,4169
confidence/007063.png,4215
confidence/007064.png,4172
confidence/007065.png,4196
confidence/007066.png,4184
confidence/007067.png,4143
confidence/007068.png,4222
confidence/007069.png,4222
confidence/007070.png,4201
confidence/007071.png,4237
confidence/007072.png,4214
confidence/007073.png,4184
confidence/007074.png,4233
confidence/007075.png,4248
confidence/007076.png,4221
confidence/007077.png,4274
confidence/007078.png,4232
confidence/007079.png,4264
confidence/007080.png,4245
confidence/007081.png,4213
confidence/007082.png,4236
confidence/007083.png,4271
confidence/007084.png,4234
confidence/007085.png,4209
confidence/007086.png,4227
confidence/007087.png,4220
confidence/007088.png,4216
confidence/007089.png,4237
confidence/007090.png,4215
confidence/007091.png,4262
confidence/007092.png,4231
confidence/007093.png,4226
confidence/007094.png,4221
confidence/007095.png,4251
confidence/007096.png,4234
confidence/007097.png,4289
confidence/007098.png,4208
confidence/007099.png,4246
confidence/007100.png,4247
confidence/007101.png,4258
confidence/007102.png,4259
confidence/007103.png,4265
confidence/007104.png,4296
confidence/007105.png,4293
confidence/007106.png,4277
confidence/007107.png,4246
confidence/007108.png,4291
confidence/007109.png,4286
confidence/007110.png,4267
confidence/007111.png,4280
confidence/007112.png,4291
confidence/007113.png,4278
confidence/007114.png,4285
confidence/007115.png,4267
confidence/007116.png,4337
confidence/007117.png,4290
confidence/007118.png,4335
confidence/007119.png,4264
confidence/007120.png,4286
confidence/007121.png,4298
confidence/007122.png,4312
confidence/007123.png,4349
confidence/007124.png,4325
confidence/007125.png,4342
confidence/007126.png,4334
confidence/007127.png,4418
confidence/007128.png,4377
confidence/007129.png,4432
confidence/007130.png,4468
confidence/007131.png,4429
confidence/007132.png,4507
confidence/007133.png,4521
confidence/007134.png,4592
confidence/007135.png,4603
confidence/007136.png,4620
confidence/007137.png,4609
confidence/007138.png,4621
confidence/007139.png,4647
confidence/007140.png,4693
confidence/007141.png,4721
confidence/007142.png,4686
confidence/007143.png,4715
confidence/007144.png,4714
confidence/007145.png,4677
confidence/007146.png,4685
confidence/007147.png,4613
confidence/007148.png,4664
confidence/007149.png,4659
confidence/007150.png,4643
confidence/007151.png,4662
confidence/007152.png,4677
confidence/007153.png,4644
confidence/007154.png,4746
confidence/007155.png,4663
confidence/007156.png,4585
confidence/007157.png,4614
confidence/007158.png,4606
confidence/007159.png,4610
confidence/007160.png,4599
confidence/007161.png,4647
confidence/007162.png,4506
confidence/007163.png,4655
confidence/007164.png,4608
confidence/007165.png,4509
confidence/007166.png,4471
confidence/007167.png,4437
confidence/007168.png,4403
confidence/007169.png,4469
confidence/007170.png,4545
confidence/007171.png,4462
confidence/007172.png,4435
confidence/007173.png,4398
confidence/007174.png,4325
confidence/007175.png,4301
confidence/007176.png,4334
confidence/007177.png,4324
confidence/007178.png,4384
confidence/007179.png,4396
confidence/007180.png,4307
confidence/007181.png,4288
confidence/007182.png,4442
confidence/007183.png,4423
confidence/007184.png,4335
confidence/007185.png,4257
confidence/007186.png,4300
confidence/007187.png,4323
confidence/007188.png,4260
confidence/007189.png,4293
confidence/007190.png,4339
confidence/007191.png,4360
confidence/007192.png,4406
confidence/007193.png,4451
confidence/007194.png,4402
confidence/007195.png,4405
confidence/007196.png,4442
confidence/007197.png,4438
confidence/007198.png,4488
confidence/007199.png,4467
confidence/007200.png,4575
confidence/007201.png,4576
confidence/007202.png,4583
confidence/007203.png,4567
confidence/007204.png,4540
confidence/007205.png,4497
confidence/007206.png,4414
confidence/007207.png,4319
confidence/007208.png,4323
confidence/007209.png,4405
confidence/007210.png,4355
confidence/007211.png,4291
confidence/007212.png,4276
confidence/007213.png,4331
confidence/007214.png,4241
confidence/007215.png,4229
confidence/007216.png,4240
confidence/007217.png,4340
confidence/007218.png,4235
confidence/007219.png,4236
confidence/007220.png,4238
confidence/007221.png,4262
confidence/007222.png,4250
confidence/007223.png,4243
confidence/007224.png,4273
confidence/007225.png,4204
confidence/007226.png,4156
confidence/007227.png,4142
confidence/007228.png,4203
confidence/007229.png,4150
confidence/007230.png,4162
confidence/007231.png,4189
confidence/007232.png,4199
confidence/007233.png,4148
confidence/007234.png,4239
confidence/007235.png,4311
confidence/007236.png,4663
confidence/007237.png,4603
confidence/007238.png,4709
confidence/007239.png,4705
confidence/007240.png,4666
confidence/007241.png,4499
confidence/007242.png,4574
confidence/007243.png,4543
confidence/007244.png,4514
confidence/007245.png,4658
confidence/007246.png,4610
confidence/007247.png,4641
confidence/007248.png,4640
confidence/007249.png,4624
confidence/007250.png,4670
confidence/007251.png,4653
confidence/007252.png,4758
confidence/007253.png,4586
confidence/007254.png,4669
confidence/007255.png,4674
confidence/007256.png,4556
confidence/007257.png,4634
confidence/007258.png,4632
confidence/007259.png,4597
confidence/007260.png,4613
confidence/007261.png,4561
confidence/007262.png,4520
confidence/007263.png,4453
confidence/007264.png,4570
confidence/007265.png,4610
confidence/007266.png,4554
confidence/007267.png,4564
confidence/007268.png,4568
confidence/007269.png,4639
confidence/007270.png,4638
confidence/007271.png,4685
confidence/007272.png,4850
confidence/007273.png,4854
confidence/007274.png,4847
confidence/007275.png,4710
confidence/007276.png,4704
confidence/007277.png,4663
confidence/007278.png,4657
confidence/007279.png,4620
confidence/007280.png,4714
confidence/007281.png,4841
confidence/007282.png,4937
confidence/007283.png,4797
confidence/007284.png,4834
confidence/007285.png,4850
confidence/007286.png,4775
confidence/007287.png,4958
confidence/007288.png,4862
confidence/007289.png,5069
confidence/007290.png,4949
confidence/007291.png,4922
confidence/007292.png,4876
confidence/007293.png,4811
confidence/007294.png,4824
confidence/007295.png,5005
confidence/007296.png,5220
confidence/007297.png,5505
confidence/007298.png,5499
confidence/007299.png,5321
confidence/007300.png,5375
confidence/007301.png,5508
confidence/007302.png,5443
confidence/007303.png,5521
confidence/007304.png,5384
confidence/007305.png,5521
confidence/007306.png,5575
confidence/007307.png,5460
confidence/007308.png,5402
confidence/007309.png,5486
confidence/007310.png,5580
confidence/007311.png,5682
confidence/007312.png,5446
confidence/007313.png,5770
confidence/007314.png,5775
confidence/007315.png,5700
confidence/007316.png,5570
confidence/007317.png,5517
confidence/007318.png,5162
confidence/007319.png,5506
confidence/007320.png,5644
confidence/007321.png,5535
confidence/007322.png,5777
confidence/007323.png,5786
confidence/007324.png,5753
confidence/007325.png,5633
confidence/007326.png,5669
confidence/007327.png,5647
confidence/007328.png,5800
confidence/007329.png,5791
confidence/007330.png,5884
confidence/007331.png,5520
confidence/007332.png,5663
confidence/007333.png,5541
confidence/007334.png,5655
confidence/007335.png,5680
confidence/007336.png,5547
confidence/007337.png,5451
confidence/007338.png,5448
confidence/007339.png,5374
confidence/007340.png,5259
confidence/007341.png,5263
confidence/007342.png,5343
confidence/007343.png,5173
confidence/007344.png,5181
confidence/007345.png,5002
confidence/007346.png,5154
confidence/007347.png,5185
confidence/007348.png,5265
confidence/007349.png,5134
confidence/007350.png,4857
confidence/007351.png,4964
confidence/007352.png,5065
confidence/007353.png,5005
confidence/007354.png,5128
confidence/007355.png,4990
confidence/007356.png,4905
confidence/007357.png,4684
confidence/007358.png,4684
confidence/007359.png,4707
confidence/007360.png,4818
confidence/007361.png,4798
confidence/007362.png,4823
confidence/007363.png,4595
confidence/007364.png,4614
confidence/007365.png,4664
confidence/007366.png,4663
confidence/007367.png,4526
confidence/007368.png,4395
confidence/007369.png,4288
confidence/007370.png,4508
confidence/007371.png,4603
confidence/007372.png,4653
confidence/007373.png,4527
confidence/007374.png,4355
confidence/007375.png,4512
confidence/007376.png,4580
confidence/007377.png,4502
confidence/007378.png,4472
confidence/007379.png,4327
confidence/007380.png,4466
confidence/007381.png,4420
confidence/007382.png,4422
confidence/007383.png,4383
confidence/007384.png,4436
confidence/007385.png,4359
confidence/007386.png,4491
confidence/007387.png,4436
confidence/007388.png,4397
confidence/007389.png,4384
confidence/007390.png,4391
confidence/007391.png,4360
confidence/007392.png,4325
confidence/007393.png,4341
confidence/007394.png,4413
confidence/007395.png,4425
confidence/007396.png,4406
confidence/007397.png,4435
confidence/007398.png,4427
confidence/007399.png,4457
confidence/007400.png,4473
confidence/007401.png,4474
confidence/007402.png,4462
confidence/007403.png,4447
confidence/007404.png,4520
confidence/007405.png,4528
confidence/007406.png,4466
confidence/007407.png,4554
confidence/007408.png,4458
confidence/007409.png,4467
confidence/007410.png,4545
confidence/007411.png,4531
confidence/007412.png,4500
confidence/007413.png,4579
confidence/007414.png,4528
confidence/007415.png,4490
confidence/007416.png,4529
confidence/007417.png,4492
confidence/007418.png,4607
confidence/007419.png,4587
confidence/007420.png,4629
confidence/007421.png,4616
confidence/007422.png,4692
confidence/007423.png,4707
confidence/007424.png,4715
confidence/007425.png,4606
confidence/007426.png,4728
confidence/007427.png,4701
confidence/007428.png,4728
confidence/007429.png,4770
confidence/007430.png,4763
confidence/007431.png,4651
confidence/007432.png,4726
confidence/007433.png,4679
confidence/007434.png,4687
confidence/007435.png,4684
confidence/007436.png,4713
confidence/007437.png,4750
confidence/007438.png,4686
confidence/007439.png,4625
confidence/007440.png,4700
confidence/007441.png,4689
confidence/007442.png,4679
confidence/007443.png,4732
confidence/007444.png,4661
confidence/007445.png,4697
confidence/007446.png,4712
confidence/007447.png,4673
confidence/007448.png,4924
confidence/007449.png,4880
confidence/007450.png,4853
confidence/007451.png,4882
confidence/007452.png,4864
confidence/007453.png,4842
confidence/007454.png,4800
confidence/007455.png,4587
confidence/007456.png,4604
confidence/007457.png,4607
confidence/007458.png,4605
confidence/007459.png,4580
confidence/007460.png,4606
confidence/007461.png,4576
confidence/007462.png,4531
confidence/007463.png,4600
confidence/007464.png,4556
confidence/007465.png,4616
confidence/007466.png,4534
confidence/007467.png,4594
confidence/007468.png,4536
confidence/007469.png,4533
confidence/007470.png,4483
confidence/007471.png,4497
confidence/007472.png,4471
confidence/007473.png,4469
confidence/007474.png,4468
confidence/007475.png,4418
confidence/007476.png,4425
confidence/007477.png,4319
confidence/007478.png,4333
confidence/007479.png,4368
confidence/007480.png,4375
confidence/007481.png,4384
confidence/007482.png,4330
confidence/007483.png,4317
confidence/007484.png,4329
confidence/007485.png,4343
confidence/007486.png,4329
confidence/007487.png,4336
confidence/007488.png,4317
confidence/007489.png,4387
confidence/007490.png,4382
confidence/007491.png,4314
confidence/007492.png,4409
confidence/007493.png,4356
confidence/007494.png,4383
confidence/007495.png,4431
confidence/007496.png,4421
confidence/007497.png,4430
confidence/007498.png,4455
confidence/007499.png,4557
confidence/007500.png,4531
confidence/007501.png,4596
confidence/007502.png,4541
confidence/007503.png,4612
confidence/007504.png,4514
confidence/007505.png,4547
confidence/007506.png,4515
confidence/007507.png,4619
confidence/007508.png,4545
confidence/007509.png,4471
confidence/007510.png,4436
confidence/007511.png,4484
confidence/007512.png,4565
confidence/007513.png,4458
confidence/007514.png,4511
confidence/007515.png,4488
confidence/007516.png,4487
confidence/007517.png,4586
confidence/007518.png,4515
confidence/007519.png,4377
confidence/007520.png,4562
confidence/007521.png,4601
confidence/007522.png,4568
confidence/007523.png,4350
confidence/007524.png,4349
confidence/007525.png,4331
confidence/007526.png,4594
confidence/007527.png,4551
confidence/007528.png,4345
confidence/007529.png,4301
confidence/007530.png,4282
confidence/007531.png,4309
confidence/007532.png,4234
confidence/007533.png,4124
confidence/007534.png,4135
confidence/007535.png,4244
confidence/007536.png,4222
confidence/007537.png,4237
confidence/007538.png,4072
confidence/007539.png,4038
confidence/007540.png,4019
confidence/007541.png,4003
confidence/007542.png,3970
confidence/007543.png,4129
confidence/007544.png,4118
confidence/007545.png,4217
confidence/007546.png,4321
confidence/007547.png,4282
confidence/007548.png,4342
confidence/007549.png,4240
confidence/007550.png,4336
confidence/007551.png,4392
confidence/007552.png,4478
confidence/007553.png,4522
confidence/007554.png,4608
confidence/007555.png,4543
confidence/007556.png,4574
confidence/007557.png,4654
confidence/007558.png,4801
confidence/007559.png,4842
confidence/007560.png,4834
confidence/007561.png,4772
confidence/007562.png,4690
confidence/007563.png,4871
confidence/007564.png,4940
confidence/007565.png,5171
confidence/007566.png,5374
confidence/007567.png,5398
confidence/007568.png,5265
confidence/007569.png,5164
confidence/007570.png,5212
confidence/007571.png,5417
confidence/007572.png,5070
confidence/007573.png,5199
confidence/007574.png,5220
confidence/007575.png,5219
confidence/007576.png,5305
confidence/007577.png,5413
confidence/007578.png,5349
confidence/007579.png,5231
confidence/007580.png,5138
confidence/007581.png,5240
confidence/007582.png,5144
confidence/007583.png,5172
confidence/007584.png,5106
confidence/007585.png,5310
confidence/007586.png,5180
confidence/007587.png,4997
confidence/007588.png,4811
confidence/007589.png,5148
confidence/007590.png,5174
confidence/007591.png,5116
confidence/007592.png,5069
confidence/007593.png,4852
confidence/007594.png,4876
confidence/007595.png,4798
confidence/007596.png,4811
confidence/007597.png,4825
confidence/007598.png,4926
confidence/007599.png,4960
confidence/007600.png,4921
confidence/007601.png,5064
confidence/007602.png,4947
confidence/007603.png,5115
confidence/007604.png,5081
confidence/007605.png,5065
confidence/007606.png,5151
confidence/007607.png,4780
confidence/007608.png,4672
confidence/007609.png,4612
confidence/007610.png,4763
confidence/007611.png,4475
confidence/007612.png,4338
confidence/007613.png,4567
confidence/007614.png,4489
confidence/007615.png,4590
confidence/007616.png,4375
confidence/007617.png,4501
confidence/007618.png,4424
confidence/007619.png,4380
confidence/007620.png,4298
confidence/007621.png,4496
confidence/007622.png,4242
confidence/007623.png,4315
confidence/007624.png,4469
confidence/007625.png,4625
confidence/007626.png,4587
confidence/007627.png,4826
confidence/007628.png,4978
confidence/007629.png,5221
confidence/007630.png,5378
confidence/007631.png,5257
confidence/007632.png,5404
confidence/007633.png,5490
confidence/007634.png,5488
confidence/007635.png,5558
confidence/007636.png,5750
confidence/007637.png,5725
confidence/007638.png,6102
confidence/007639.png,5848
confidence/007640.png,5802
confidence/007641.png,5468
confidence/007642.png,5399
confidence/007643.png,5343
confidence/007644.png,5253
confidence/007645.png,5284
confidence/007646.png,5213
confidence/007647.png,5365
confidence/007648.png,5440
confidence/007649.png,5412
confidence/007650.png,5579
confidence/007651.png,5355
confidence/007652.png,5024
confidence/007653.png,4965
confidence/007654.png,4938
confidence/007655.png,4965
confidence/007656.png,4905
confidence/007657.png,4887
confidence/007658.png,4734
confidence/007659.png,4591
confidence/007660.png,4499
confidence/007661.png,4435
confidence/007662.png,4278
confidence/007663.png,4294
confidence/007664.png,4227
confidence/007665.png,4121
confidence/007666.png,4030
confidence/007667.png,4030
confidence/007668.png,4027
confidence/007669.png,4040
confidence/007670.png,4036
confidence/007671.png,4027
confidence/007672.png,4051
confidence/007673.png,4022
confidence/007674.png,4030
confidence/007675.png,4028
confidence/007676.png,4019
confidence/007677.png,4034
confidence/007678.png,4017
confidence/007679.png,4029
confidence/007680.png,4042
confidence/007681.png,4033
confidence/007682.png,4026
confidence/007683.png,4021
confidence/007684.png,4019
confidence/007685.png,4017
confidence/007686.png,4028
confidence/007687.png,4025
confidence/007688.png,4019
confidence/007689.png,4032
confidence/007690.png,4032
confidence/007691.png,3954
confidence/007692.png,4026
confidence/007693.png,3952
confidence/007694.png,3952
confidence/007695.png,3952
confidence/007696.png,4050
confidence/007697.png,3952
confidence/007698.png,3955
confidence/007699.png,3954
confidence/007700.png,3955
confidence/007701.png,4015
confidence/007702.png,4071
confidence/007703.png,4055
confidence/007704.png,4184
confidence/007705.png,4060
confidence/007706.png,4047
confidence/007707.png,4033
confidence/007708.png,4002
confidence/007709.png,3988
confidence/007710.png,3971
confidence/007711.png,3881
confidence/007712.png,4111
confidence/007713.png,4038
confidence/007714.png,4066
confidence/007715.png,4152
confidence/007716.png,3985
confidence/007717.png,4127
confidence/007718.png,4299
confidence/007719.png,4400
confidence/007720.png,4403
confidence/007721.png,4500
confidence/007722.png,4455
confidence/007723.png,4604
confidence/007724.png,4762
confidence/007725.png,4623
confidence/007726.png,4882
confidence/007727.png,5050
confidence/007728.png,5005
confidence/007729.png,4896
confidence/007730.png,4966
confidence/007731.png,4988
confidence/007732.png,4963
confidence/007733.png,5067
confidence/007734.png,5083
confidence/007735.png,5104
confidence/007736.png,5040
confidence/007737.png,5304
confidence/007738.png,5293
confidence/007739.png,5417
confidence/007740.png,5456
confidence/007741.png,5368
confidence/007742.png,5415
confidence/007743.png,5419
confidence/007744.png,5391
confidence/007745.png,5435
confidence/007746.png,5345
confidence/007747.png,5225
confidence/007748.png,5295
confidence/007749.png,5319
confidence/007750.png,5355
confidence/007751.png,5391
confidence/007752.png,5533
confidence/007753.png,5308
confidence/007754.png,5412
confidence/007755.png,5313
confidence/007756.png,5360
confidence/007757.png,5284
confidence/007758.png,5341
confidence/007759.png,5342
confidence/007760.png,5347
confidence/007761.png,5364
confidence/007762.png,5327
confidence/007763.png,5384
confidence/007764.png,5389
confidence/007765.png,5388
confidence/007766.png,5393
confidence/007767.png,5383
confidence/007768.png,5451
confidence/007769.png,5458
confidence/007770.png,5475
confidence/007771.png,5581
confidence/007772.png,5517
confidence/007773.png,5501
confidence/007774.png,5443
confidence/007775.png,5400
confidence/007776.png,5363
confidence/007777.png,5378
confidence/007778.png,5227
confidence/007779.png,5222
confidence/007780.png,5197
confidence/007781.png,5190
confidence/007782.png,5270
confidence/007783.png,5266
confidence/007784.png,5332
confidence/007785.png,5345
confidence/007786.png,5286
confidence/007787.png,5385
confidence/007788.png,5378
confidence/007789.png,5424
confidence/007790.png,5486
confidence/007791.png,5409
confidence/007792.png,5468
confidence/007793.png,5342
confidence/007794.png,5335
confidence/007795.png,5384
confidence/007796.png,5416
confidence/007797.png,5317
confidence/007798.png,5392
confidence/007799.png,5396
confidence/007800.png,5409
confidence/007801.png,5335
confidence/007802.png,5496
confidence/007803.png,5510
confidence/007804.png,5485
confidence/007805.png,5355
confidence/007806.png,5299
confidence/007807.png,5205
confidence/007808.png,5100
confidence/007809.png,4955
confidence/007810.png,5095
confidence/007811.png,5149
confidence/007812.png,5346
confidence/007813.png,5340
confidence/007814.png,5366
confidence/007815.png,5446
confidence/007816.png,5384
confidence/007817.png,5320
confidence/007818.png,5429
confidence/007819.png,5347
confidence/007820.png,5299
confidence/007821.png,5278
confidence/007822.png,5221
confidence/007823.png,5220
confidence/007824.png,5287
confidence/007825.png,5318
confidence/007826.png,5275
confidence/007827.png,5212
confidence/007828.png,5330
confidence/007829.png,5316
confidence/007830.png,5265
confidence/007831.png,5257
confidence/007832.png,5275
confidence/007833.png,5236
confidence/007834.png,5156
confidence/007835.png,5232
confidence/007836.png,5138
confidence/007837.png,5081
confidence/007838.png,5173
confidence/007839.png,5129
confidence/007840.png,5144
confidence/007841.png,5196
confidence/007842.png,5185
confidence/007843.png,5139
confidence/007844.png,5201
confidence/007845.png,5237
confidence/007846.png,5266
confidence/007847.png,5279
confidence/007848.png,5238
confidence/007849.png,5326
confidence/007850.png,5227
confidence/007851.png,5293
confidence/007852.png,5207
confidence/007853.png,5237
confidence/007854.png,5078
confidence/007855.png,5194
confidence/007856.png,5234
confidence/007857.png,5259
confidence/007858.png,5262
confidence/007859.png,5265
confidence/007860.png,5270
confidence/007861.png,5240
confidence/007862.png,5271
confidence/007863.png,5299
confidence/007864.png,5170
confidence/007865.png,5105
confidence/007866.png,5050
confidence/007867.png,5114
confidence/007868.png,5187
confidence/007869.png,5095
confidence/007870.png,5007
confidence/007871.png,4982
confidence/007872.png,4997
confidence/007873.png,4955
confidence/007874.png,4899
confidence/007875.png,4950
confidence/007876.png,4977
confidence/007877.png,4909
confidence/007878.png,4900
confidence/007879.png,4867
confidence/007880.png,4930
confidence/007881.png,4995
confidence/007882.png,5034
confidence/007883.png,4957
confidence/007884.png,5034
confidence/007885.png,5012
confidence/007886.png,4888
confidence/007887.png,4841
confidence/007888.png,4804
confidence/007889.png,4889
confidence/007890.png,4930
confidence/007891.png,4889
confidence/007892.png,4870
confidence/007893.png,4874
confidence/007894.png,4869
confidence/007895.png,4861
confidence/007896.png,4939
confidence/007897.png,4866
confidence/007898.png,4894
confidence/007899.png,4904
confidence/007900.png,4878
confidence/007901.png,4831
confidence/007902.png,4839
confidence/007903.png,4885
confidence/007904.png,4912
confidence/007905.png,4880
confidence/007906.png,4902
confidence/007907.png,4898
confidence/007908.png,4871
confidence/007909.png,4841
confidence/007910.png,4879
confidence/007911.png,4848
confidence/007912.png,4845
confidence/007913.png,4838
confidence/007914.png,4829
confidence/007915.png,4806
confidence/007916.png,4934
confidence/007917.png,4919
confidence/007918.png,4973
confidence/007919.png,5039
confidence/007920.png,4984
confidence/007921.png,4958
confidence/007922.png,4888
confidence/007923.png,4941
confidence/007924.png,4902
confidence/007925.png,4903
confidence/007926.png,4935
confidence/007927.png,4965
confidence/007928.png,4914
confidence/007929.png,4889
confidence/007930.png,4924
confidence/007931.png,4853
confidence/007932.png,4926
confidence/007933.png,4897
confidence/007934.png,4881
confidence/007935.png,4880
confidence/007936.png,4818
confidence/007937.png,4886
confidence/007938.png,4857
confidence/007939.png,4826
confidence/007940.png,4802
confidence/007941.png,4866
confidence/007942.png,5002
confidence/007943.png,4938
confidence/007944.png,4791
confidence/007945.png,4732
confidence/007946.png,4779
confidence/007947.png,4768
confidence/007948.png,4758
confidence/007949.png,4678
confidence/007950.png,4780
confidence/007951.png,4731
confidence/007952.png,4783
confidence/007953.png,4644
confidence/007954.png,4657
confidence/007955.png,4743
confidence/007956.png,4771
confidence/007957.png,4702
confidence/007958.png,4718
confidence/007959.png,4727
confidence/007960.png,4687
confidence/007961.png,4641
confidence/007962.png,4646
confidence/007963.png,4739
confidence/007964.png,4699
confidence/007965.png,4722
confidence/007966.png,4706
confidence/007967.png,4675
confidence/007968.png,4667
confidence/007969.png,4652
confidence/007970.png,4655
confidence/007971.png,4653
confidence/007972.png,4680
confidence/007973.png,4616
confidence/007974.png,4705
confidence/007975.png,4693
confidence/007976.png,4698
confidence/007977.png,4711
confidence/007978.png,4693
confidence/007979.png,4789
confidence/007980.png,4853
confidence/007981.png,4802
confidence/007982.png,4700
confidence/007983.png,4732
confidence/007984.png,4754
confidence/007985.png,4761
confidence/007986.png,4794
confidence/007987.png,4850
confidence/007988.png,4846
confidence/007989.png,4869
confidence/007990.png,4864
confidence/007991.png,4806
confidence/007992.png,4845
confidence/007993.png,4857
confidence/007994.png,4887
confidence/007995.png,4877
confidence/007996.png,4951
confidence/007997.png,5095
confidence/007998.png,5099
confidence/007999.png,5139
confidence/008000.png,5076
confidence/008001.png,5137
confidence/008002.png,5097
confidence/008003.png,5147
confidence/008004.png,5140
confidence/008005.png,5222
confidence/008006.png,5079
confidence/008007.png,5082
confidence/008008.png,5099
confidence/008009.png,5143
confidence/008010.png,5143
confidence/008011.png,5070
confidence/008012.png,5134
confidence/008013.png,5088
confidence/008014.png,5017
confidence/008015.png,5043
confidence/008016.png,5103
confidence/008017.png,5104
confidence/008018.png,5160
confidence/008019.png,5144
confidence/008020.png,5298
confidence/008021.png,5125
confidence/008022.png,5073
confidence/008023.png,5109
confidence/008024.png,5077
confidence/008025.png,5099
confidence/008026.png,5108
confidence/008027.png,5188
confidence/008028.png,5237
confidence/008029.png,5410
confidence/008030.png,5341
confidence/008031.png,5411
confidence/008032.png,5551
confidence/008033.png,5414
confidence/008034.png,5451
confidence/008035.png,5424
confidence/008036.png,5383
confidence/008037.png,5464
confidence/008038.png,5426
confidence/008039.png,5405
confidence/008040.png,5484
confidence/008041.png,5276
confidence/008042.png,5448
confidence/008043.png,5535
confidence/008044.png,5447
confidence/008045.png,5373
confidence/008046.png,5354
confidence/008047.png,5265
confidence/008048.png,5171
confidence/008049.png,5120
confidence/008050.png,5170
confidence/008051.png,5110
confidence/008052.png,5168
confidence/008053.png,5092
confidence/008054.png,5090
confidence/008055.png,5060
confidence/008056.png,5143
confidence/008057.png,5094
confidence/008058.png,5016
confidence/008059.png,5096
confidence/008060.png,5158
confidence/008061.png,5074
confidence/008062.png,5041
confidence/008063.png,5103
confidence/008064.png,5092
confidence/008065.png,5102
confidence/008066.png,5175
confidence/008067.png,5076
confidence/008068.png,5076
confidence/008069.png,5196
confidence/008070.png,5248
confidence/008071.png,5179
confidence/008072.png,5332
confidence/008073.png,5205
confidence/008074.png,5318
confidence/008075.png,5470
confidence/008076.png,5307
confidence/008077.png,5378
confidence/008078.png,5321
confidence/008079.png,5219
confidence/008080.png,5200
confidence/008081.png,5118
confidence/008082.png,5318
confidence/008083.png,5253
confidence/008084.png,5211
confidence/008085.png,5087
confidence/008086.png,5116
confidence/008087.png,5129
confidence/008088.png,4974
confidence/008089.png,4956
confidence/008090.png,5120
confidence/008091.png,5120
confidence/008092.png,5258
confidence/008093.png,5233
confidence/008094.png,5199
confidence/008095.png,5154
confidence/008096.png,5148
confidence/008097.png,5196
confidence/008098.png,5183
confidence/008099.png,5198
confidence/008100.png,5153
confidence/008101.png,5177
confidence/008102.png,5058
confidence/008103.png,5033
confidence/008104.png,5098
confidence/008105.png,5245
confidence/008106.png,5115
confidence/008107.png,5047
confidence/008108.png,5099
confidence/008109.png,5169
confidence/008110.png,5224
confidence/008111.png,5080
confidence/008112.png,5257
confidence/008113.png,5146
confidence/008114.png,5023
confidence/008115.png,5010
confidence/008116.png,4965
confidence/008117.png,4984
confidence/008118.png,4930
confidence/008119.png,4955
confidence/008120.png,4926
confidence/008121.png,4953
confidence/008122.png,4932
confidence/008123.png,4998
confidence/008124.png,4950
confidence/008125.png,4963
confidence/008126.png,5018
confidence/008127.png,4950
confidence/008128.png,4967
confidence/008129.png,5030
confidence/008130.png,5029
confidence/008131.png,4993
confidence/008132.png,5075
confidence/008133.png,4986
confidence/008134.png,4947
confidence/008135.png,4989
confidence/008136.png,4885
confidence/008137.png,4915
confidence/008138.png,4973
confidence/008139.png,4942
confidence/008140.png,5014
confidence/008141.png,4952
confidence/008142.png,4838
confidence/008143.png,4865
confidence/008144.png,4831
confidence/008145.png,4869
confidence/008146.png,4709
confidence/008147.png,4790
confidence/008148.png,4727
confidence/008149.png,4698
confidence/008150.png,4609
confidence/008151.png,4557
confidence/008152.png,4496
confidence/008153.png,4634
confidence/008154.png,4549
confidence/008155.png,4593
confidence/008156.png,4565
confidence/008157.png,4560
confidence/008158.png,4498
confidence/008159.png,4458
confidence/008160.png,4495
confidence/008161.png,4438
confidence/008162.png,4436
confidence/008163.png,4495
confidence/008164.png,4469
confidence/008165.png,4478
confidence/008166.png,4433
confidence/008167.png,4440
confidence/008168.png,4462
confidence/008169.png,4366
confidence/008170.png,4384
confidence/008171.png,4402
confidence/008172.png,4276
confidence/008173.png,4255
confidence/008174.png,4242
confidence/008175.png,4260
confidence/008176.png,4202
confidence/008177.png,4218
confidence/008178.png,4231
confidence/008179.png,4201
confidence/008180.png,4207
confidence/008181.png,4265
confidence/008182.png,4249
confidence/008183.png,4276
confidence/008184.png,4320
confidence/008185.png,4303
confidence/008186.png,4278
confidence/008187.png,4312
confidence/008188.png,4281
confidence/008189.png,4267
confidence/008190.png,4300
confidence/008191.png,4375
confidence/008192.png,4482
confidence/008193.png,4371
confidence/008194.png,4358
confidence/008195.png,4393
confidence/008196.png,4378
confidence/008197.png,4375
confidence/008198.png,4376
confidence/008199.png,4348
confidence/008200.png,4418
confidence/008201.png,4249
confidence/008202.png,4147
confidence/008203.png,4207
confidence/008204.png,4211
confidence/008205.png,4324
confidence/008206.png,4295
confidence/008207.png,4258
confidence/008208.png,4293
confidence/008209.png,4288
confidence/008210.png,4270
confidence/008211.png,4348
confidence/008212.png,4243
confidence/008213.png,4251
confidence/008214.png,4285
confidence/008215.png,4283
confidence/008216.png,4217
confidence/008217.png,4234
confidence/008218.png,4149
confidence/008219.png,4103
confidence/008220.png,4127
confidence/008221.png,4154
confidence/008222.png,4169
confidence/008223.png,4166
confidence/008224.png,4142
confidence/008225.png,4143
confidence/008226.png,4160
confidence/008227.png,4126
confidence/008228.png,4132
confidence/008229.png,4106
confidence/008230.png,4112
confidence/008231.png,4091
confidence/008232.png,4006
confidence/008233.png,4098
confidence/008234.png,4069
confidence/008235.png,4095
confidence/008236.png,4112
confidence/008237.png,4134
confidence/008238.png,4098
confidence/008239.png,4064
confidence/008240.png,4035
confidence/008241.png,4062
confidence/008242.png,3995
confidence/008243.png,4059
confidence/008244.png,4021
confidence/008245.png,4011
confidence/008246.png,4047
confidence/008247.png,4032
confidence/008248.png,4008
confidence/008249.png,4030
confidence/008250.png,4012
confidence/008251.png,4031
confidence/008252.png,4032
confidence/008253.png,4034
confidence/008254.png,4030
confidence/008255.png,4028
confidence/008256.png,4031
confidence/008257.png,4014
confidence/008258.png,4027
confidence/008259.png,4028
confidence/008260.png,4028
confidence/008261.png,4013
confidence/008262.png,4020
confidence/008263.png,4221
confidence/008264.png,4235
confidence/008265.png,4347
confidence/008266.png,4207
confidence/008267.png,4174
confidence/008268.png,4039
confidence/008269.png,4040
confidence/008270.png,4056
confidence/008271.png,4047
confidence/008272.png,4029
confidence/008273.png,4055
confidence/008274.png,4053
confidence/008275.png,4035
confidence/008276.png,4071
confidence/008277.png,4063
confidence/008278.png,4049
confidence/008279.png,4081
confidence/008280.png,4044
confidence/008281.png,4046
confidence/008282.png,4056
confidence/008283.png,4066
confidence/008284.png,4066
confidence/008285.png,4065
confidence/008286.png,4047
confidence/008287.png,4061
confidence/008288.png,4147
confidence/008289.png,4041
confidence/008290.png,4027
confidence/008291.png,4034
confidence/008292.png,4025
confidence/008293.png,4044
confidence/008294.png,4065
confidence/008295.png,4058
confidence/008296.png,4047
confidence/008297.png,4138
confidence/008298.png,4029
confidence/008299.png,4031
confidence/008300.png,4043
confidence/008301.png,4042
confidence/008302.png,4020
confidence/008303.png,4025
confidence/008304.png,4021
confidence/008305.png,4072
confidence/008306.png,4027
confidence/008307.png,4022
confidence/008308.png,4026
confidence/008309.png,4025
confidence/008310.png,4026
confidence/008311.png,4049
confidence/008312.png,4041
confidence/008313.png,4025
confidence/008314.png,4044
confidence/008315.png,3988
confidence/008316.png,4047
confidence/008317.png,4047
confidence/008318.png,4054
confidence/008319.png,4041
confidence/008320.png,4052
confidence/008321.png,4043
confidence/008322.png,4048
confidence/008323.png,4047
confidence/008324.png,4052
confidence/008325.png,4044
confidence/008326.png,4039
confidence/008327.png,4040
confidence/008328.png,4119
confidence/008329.png,4104
confidence/008330.png,4062
confidence/008331.png,4047
confidence/008332.png,4126
confidence/008333.png,4049
confidence/008334.png,4063
confidence/008335.png,4075
confidence/008336.png,4052
confidence/008337.png,4050
confidence/008338.png,4055
confidence/008339.png,4045
confidence/008340.png,4046
confidence/008341.png,4052
confidence/008342.png,4046
confidence/008343.png,4044
confidence/008344.png,4046
confidence/008345.png,4046
confidence/008346.png,4048
confidence/008347.png,4045
confidence/008348.png,4049
confidence/008349.png,4049
confidence/008350.png,4012
confidence/008351.png,4040
confidence/008352.png,4038
confidence/008353.png,4045
confidence/008354.png,4047
confidence/008355.png,4027
confidence/008356.png,3999
confidence/008357.png,4045
confidence/008358.png,4041
confidence/008359.png,4044
confidence/008360.png,4016
confidence/008361.png,4002
confidence/008362.png,4006
confidence/008363.png,4039
confidence/008364.png,4042
confidence/008365.png,4025
confidence/008366.png,4034
confidence/008367.png,3984
confidence/008368.png,3990
confidence/008369.png,4010
confidence/008370.png,3986
confidence/008371.png,4029
confidence/008372.png,4031
confidence/008373.png,3989
confidence/008374.png,4030
confidence/008375.png,3995
confidence/008376.png,3984
confidence/008377.png,3979
confidence/008378.png,4037
confidence/008379.png,3994
confidence/008380.png,4032
confidence/008381.png,4036
confidence/008382.png,4026
confidence/008383.png,4031
confidence/008384.png,4032
confidence/008385.png,4026
confidence/008386.png,4034
confidence/008387.png,4041
confidence/008388.png,4033
confidence/008389.png,4034
confidence/008390.png,4025
confidence/008391.png,4033
confidence/008392.png,4035
confidence/008393.png,4040
confidence/008394.png,4026
confidence/008395.png,4034
confidence/008396.png,4030
confidence/008397.png,4032
confidence/008398.png,4030
confidence/008399.png,4037
confidence/008400.png,4026
confidence/008401.png,4041
confidence/008402.png,4029
confidence/008403.png,4040
confidence/008404.png,3984
confidence/008405.png,4084
confidence/008406.png,4017
confidence/008407.png,4030
confidence/008408.png,4036
confidence/008409.png,4043
confidence/008410.png,4021
confidence/008411.png,4033
confidence/008412.png,4034
confidence/008413.png,4029
confidence/008414.png,4098
confidence/008415.png,3953
confidence/008416.png,4026
confidence/008417.png,4138
confidence/008418.png,3992
confidence/008419.png,3998
confidence/008420.png,4032
confidence/008421.png,3977
confidence/008422.png,4117
confidence/008423.png,4032
confidence/008424.png,4025
confidence/008425.png,4077
confidence/008426.png,4031
confidence/008427.png,4035
confidence/008428.png,3817
confidence/008429.png,3951
confidence/008430.png,3817
confidence/008431.png,3950
confidence/008432.png,3952
confidence/008433.png,4023
confidence/008434.png,3819
confidence/008435.png,3820
confidence/008436.png,4024
confidence/008437.png,3819
confidence/008438.png,3817
confidence/008439.png,4065
confidence/008440.png,3819
confidence/008441.png,3836
confidence/008442.png,4052
confidence/008443.png,4010
confidence/008444.png,4007
confidence/008445.png,4150
confidence/008446.png,4005
confidence/008447.png,4157
confidence/008448.png,4072
confidence/008449.png,4070
confidence/008450.png,4019
confidence/008451.png,4032
confidence/008452.png,4061
confidence/008453.png,4060
confidence/008454.png,4074
confidence/008455.png,4067
confidence/008456.png,3886
confidence/008457.png,4123
confidence/008458.png,4077
confidence/008459.png,4233
confidence/008460.png,4314
confidence/008461.png,4319
confidence/008462.png,4518
confidence/008463.png,4812
confidence/008464.png,4896
confidence/008465.png,4893
confidence/008466.png,5017
confidence/008467.png,5097
confidence/008468.png,4973
confidence/008469.png,5062
confidence/008470.png,4641
confidence/008471.png,4683
confidence/008472.png,4699
confidence/008473.png,4738
confidence/008474.png,5168
confidence/008475.png,5252
confidence/008476.png,5208
confidence/008477.png,5340
confidence/008478.png,5386
confidence/008479.png,5218
confidence/008480.png,5466
confidence/008481.png,5350
confidence/008482.png,5412
confidence/008483.png,5039
confidence/008484.png,5106
confidence/008485.png,5267
confidence/008486.png,5384
confidence/008487.png,5195
confidence/008488.png,5108
confidence/008489.png,5236
confidence/008490.png,5123
confidence/008491.png,5131
confidence/008492.png,5355
confidence/008493.png,5416
confidence/008494.png,5301
confidence/008495.png,5305
confidence/008496.png,5275
confidence/008497.png,5382
confidence/008498.png,5409
confidence/008499.png,5499
confidence/008500.png,5531
confidence/008501.png,5814
confidence/008502.png,5854
confidence/008503.png,5913
confidence/008504.png,6229
confidence/008505.png,6104
confidence/008506.png,6123
confidence/008507.png,6343
confidence/008508.png,6337
confidence/008509.png,6338
confidence/008510.png,6585
confidence/008511.png,6570
confidence/008512.png,6514
confidence/008513.png,6564
confidence/008514.png,6516
confidence/008515.png,6534
confidence/008516.png,6572
confidence/008517.png,6679
confidence/008518.png,6659
confidence/008519.png,6630
confidence/008520.png,6612
confidence/008521.png,6364
confidence/008522.png,6632
confidence/008523.png,6553
confidence/008524.png,6819
confidence/008525.png,6652
confidence/008526.png,6924
confidence/008527.png,6924
confidence/008528.png,6960
confidence/008529.png,6996
confidence/008530.png,7061
confidence/008531.png,6994
confidence/008532.png,7108
confidence/008533.png,7229
confidence/008534.png,7458
confidence/008535.png,7466
confidence/008536.png,7536
confidence/008537.png,7357
confidence/008538.png,7287
confidence/008539.png,7255
confidence/008540.png,7096
confidence/008541.png,7230
confidence/008542.png,7256
confidence/008543.png,7336
confidence/008544.png,6914
confidence/008545.png,6985
confidence/008546.png,6820
confidence/008547.png,6702
confidence/008548.png,6471
confidence/008549.png,6504
confidence/008550.png,6697
confidence/008551.png,6568
confidence/008552.png,6426
confidence/008553.png,6189
confidence/008554.png,6333
confidence/008555.png,6210
confidence/008556.png,6225
confidence/008557.png,6174
confidence/008558.png,6121
confidence/008559.png,6138
confidence/008560.png,6046
confidence/008561.png,6210
confidence/008562.png,5921
confidence/008563.png,6072
confidence/008564.png,5955
confidence/008565.png,5742
confidence/008566.png,5710
confidence/008567.png,5407
confidence/008568.png,5432
confidence/008569.png,5318
confidence/008570.png,5314
confidence/008571.png,5195
confidence/008572.png,5214
confidence/008573.png,5048
confidence/008574.png,5032
confidence/008575.png,5013
confidence/008576.png,5203
confidence/008577.png,5364
confidence/008578.png,5217
confidence/008579.png,5124
confidence/008580.png,5082
confidence/008581.png,5109
confidence/008582.png,5164
confidence/008583.png,5097
confidence/008584.png,5023
confidence/008585.png,5202
confidence/008586.png,5243
confidence/008587.png,5181
confidence/008588.png,5258
confidence/008589.png,5373
confidence/008590.png,5275
confidence/008591.png,5152
confidence/008592.png,5279
confidence/008593.png,5270
confidence/008594.png,5262
confidence/008595.png,5295
confidence/008596.png,5211
confidence/008597.png,5371
confidence/008598.png,5433
confidence/008599.png,5349
confidence/008600.png,5423
confidence/008601.png,5278
confidence/008602.png,5376
confidence/008603.png,5494
confidence/008604.png,5436
confidence/008605.png,5438
confidence/008606.png,5467
confidence/008607.png,5527
confidence/008608.png,5359
confidence/008609.png,5422
confidence/008610.png,5437
confidence/008611.png,5447
confidence/008612.png,5482
confidence/008613.png,5492
confidence/008614.png,5540
confidence/008615.png,5662
confidence/008616.png,5529
confidence/008617.png,5687
confidence/008618.png,5650
confidence/008619.png,5707
confidence/008620.png,5565
confidence/008621.png,5596
confidence/008622.png,5566
confidence/008623.png,5490
confidence/008624.png,5504
confidence/008625.png,5483
confidence/008626.png,5454
confidence/008627.png,5742
confidence/008628.png,5630
confidence/008629.png,5603
confidence/008630.png,5629
confidence/008631.png,5438
confidence/008632.png,5405
confidence/008633.png,5400
confidence/008634.png,5541
confidence/008635.png,5368
confidence/008636.png,5440
confidence/008637.png,5642
confidence/008638.png,5592
confidence/008639.png,5612
confidence/008640.png,5557
confidence/008641.png,5680
confidence/008642.png,5689
confidence/008643.png,5629
confidence/008644.png,5634
confidence/008645.png,5590
confidence/008646.png,5387
confidence/008647.png,5384
confidence/008648.png,5095
confidence/008649.png,5152
confidence/008650.png,5093
confidence/008651.png,5101
confidence/008652.png,5144
confidence/008653.png,5015
confidence/008654.png,5187
confidence/008655.png,5079
confidence/008656.png,5127
confidence/008657.png,5117
confidence/008658.png,5082
confidence/008659.png,4971
confidence/008660.png,4992
confidence/008661.png,5020
confidence/008662.png,5013
confidence/008663.png,4992
confidence/008664.png,4884
confidence/008665.png,4828
confidence/008666.png,4899
confidence/008667.png,4841
confidence/008668.png,4826
confidence/008669.png,4929
confidence/008670.png,4870
confidence/008671.png,4906
confidence/008672.png,4820
confidence/008673.png,4849
confidence/008674.png,4791
confidence/008675.png,4818
confidence/008676.png,5086
confidence/008677.png,4972
confidence/008678.png,4967
confidence/008679.png,4945
confidence/008680.png,4916
confidence/008681.png,4989
confidence/008682.png,4943
confidence/008683.png,4946
confidence/008684.png,4844
confidence/008685.png,4914
confidence/008686.png,5042
confidence/008687.png,5025
confidence/008688.png,4974
confidence/008689.png,4916
confidence/008690.png,4944
confidence/008691.png,5033
confidence/008692.png,5154
confidence/008693.png,5183
confidence/008694.png,5244
confidence/008695.png,5214
confidence/008696.png,5095
confidence/008697.png,4944
confidence/008698.png,5063
confidence/008699.png,5013
confidence/008700.png,5046
confidence/008701.png,4970
confidence/008702.png,4935
confidence/008703.png,4867
confidence/008704.png,4881
confidence/008705.png,4886
confidence/008706.png,4936
confidence/008707.png,5016
confidence/008708.png,4979
confidence/008709.png,5058
confidence/008710.png,4995
confidence/008711.png,4900
confidence/008712.png,4958
confidence/008713.png,4950
confidence/008714.png,5137
confidence/008715.png,5150
confidence/008716.png,5083
confidence/008717.png,5053
confidence/008718.png,5168
confidence/008719.png,5166
confidence/008720.png,5240
confidence/008721.png,5345
confidence/008722.png,5327
confidence/008723.png,5324
confidence/008724.png,5293
confidence/008725.png,5381
confidence/008726.png,5337
confidence/008727.png,5181
confidence/008728.png,5116
confidence/008729.png,5118
confidence/008730.png,5071
confidence/008731.png,5086
confidence/008732.png,5011
confidence/008733.png,4926
confidence/008734.png,4936
confidence/008735.png,4963
confidence/008736.png,4882
confidence/008737.png,5079
confidence/008738.png,5069
confidence/008739.png,5261
confidence/008740.png,5318
confidence/008741.png,5332
confidence/008742.png,5245
confidence/008743.png,5304
confidence/008744.png,5339
confidence/008745.png,5268
confidence/008746.png,5228
confidence/008747.png,5237
confidence/008748.png,5230
confidence/008749.png,5055
confidence/008750.png,5141
confidence/008751.png,5128
confidence/008752.png,5198
confidence/008753.png,5216
confidence/008754.png,5321
confidence/008755.png,5287
confidence/008756.png,5282
confidence/008757.png,5335
confidence/008758.png,5335
confidence/008759.png,5300
confidence/008760.png,5334
confidence/008761.png,5285
confidence/008762.png,5078
confidence/008763.png,5099
confidence/008764.png,5352
confidence/008765.png,5325
confidence/008766.png,5314
confidence/008767.png,5241
confidence/008768.png,5306
confidence/008769.png,5230
confidence/008770.png,5319
confidence/008771.png,5368
confidence/008772.png,5349
confidence/008773.png,5285
confidence/008774.png,5313
confidence/008775.png,5340
confidence/008776.png,5297
confidence/008777.png,5307
confidence/008778.png,5361
confidence/008779.png,5327
confidence/008780.png,5435
confidence/008781.png,5354
confidence/008782.png,5365
confidence/008783.png,5376
confidence/008784.png,5310
confidence/008785.png,5381
confidence/008786.png,5314
confidence/008787.png,5395
confidence/008788.png,5249
confidence/008789.png,5284
confidence/008790.png,5316
confidence/008791.png,5295
confidence/008792.png,5238
confidence/008793.png,5311
confidence/008794.png,5341
confidence/008795.png,5217
confidence/008796.png,5152
confidence/008797.png,5231
confidence/008798.png,5121
confidence/008799.png,5049
confidence/008800.png,5101
confidence/008801.png,5083
confidence/008802.png,5035
confidence/008803.png,5018
confidence/008804.png,4934
confidence/008805.png,4929
confidence/008806.png,4767
confidence/008807.png,4858
confidence/008808.png,4900
confidence/008809.png,4906
confidence/008810.png,4882
confidence/008811.png,4820
confidence/008812.png,4706
confidence/008813.png,4739
confidence/008814.png,4813
confidence/008815.png,4768
confidence/008816.png,4735
confidence/008817.png,4820
confidence/008818.png,4751
confidence/008819.png,4811
confidence/008820.png,4715
confidence/008821.png,4754
confidence/008822.png,4775
confidence/008823.png,4891
confidence/008824.png,4839
confidence/008825.png,4756
confidence/008826.png,4851
confidence/008827.png,4818
confidence/008828.png,4816
confidence/008829.png,4832
confidence/008830.png,4866
confidence/008831.png,4778
confidence/008832.png,4779
confidence/008833.png,4712
confidence/008834.png,4752
confidence/008835.png,4692
confidence/008836.png,4749
confidence/008837.png,4675
confidence/008838.png,4708
confidence/008839.png,4715
confidence/008840.png,4679
confidence/008841.png,4860
confidence/008842.png,4756
confidence/008843.png,4716
confidence/008844.png,4751
confidence/008845.png,4789
confidence/008846.png,4811
confidence/008847.png,4859
confidence/008848.png,4870
confidence/008849.png,4902
confidence/008850.png,4912
confidence/008851.png,4888
confidence/008852.png,4856
confidence/008853.png,4856
confidence/008854.png,4842
confidence/008855.png,4920
confidence/008856.png,4943
confidence/008857.png,4956
confidence/008858.png,4917
confidence/008859.png,5043
confidence/008860.png,5063
confidence/008861.png,4984
confidence/008862.png,4969
confidence/008863.png,4981
confidence/008864.png,4956
confidence/008865.png,5024
confidence/008866.png,5020
confidence/008867.png,5038
confidence/008868.png,5005
confidence/008869.png,4920
confidence/008870.png,4937
confidence/008871.png,4883
confidence/008872.png,4961
confidence/008873.png,4913
confidence/008874.png,4992
confidence/008875.png,4998
confidence/008876.png,4937
confidence/008877.png,4859
confidence/008878.png,4958
confidence/008879.png,4975
confidence/008880.png,4916
confidence/008881.png,4975
confidence/008882.png,5009
confidence/008883.png,5046
confidence/008884.png,5055
confidence/008885.png,5042
confidence/008886.png,4990
confidence/008887.png,5017
confidence/008888.png,4988
confidence/008889.png,4997
confidence/008890.png,4907
confidence/008891.png,4976
confidence/008892.png,4961
confidence/008893.png,4973
confidence/008894.png,4903
confidence/008895.png,4993
confidence/008896.png,5012
confidence/008897.png,4964
confidence/008898.png,4938
confidence/008899.png,4970
confidence/008900.png,4896
confidence/008901.png,4797
confidence/008902.png,4951
confidence/008903.png,4940
confidence/008904.png,4862
confidence/008905.png,4821
confidence/008906.png,4776
confidence/008907.png,4764
confidence/008908.png,4696
confidence/008909.png,4711
confidence/008910.png,4751
confidence/008911.png,4659
confidence/008912.png,4685
confidence/008913.png,4781
confidence/008914.png,4782
confidence/008915.png,4817
confidence/008916.png,4799
confidence/008917.png,4803
confidence/008918.png,4735
confidence/008919.png,4875
confidence/008920.png,5032
confidence/008921.png,4978
confidence/008922.png,4884
confidence/008923.png,4934
confidence/008924.png,4930
confidence/008925.png,5033
confidence/008926.png,4893
confidence/008927.png,5031
confidence/008928.png,5042
confidence/008929.png,5139
confidence/008930.png,5258
confidence/008931.png,5157
confidence/008932.png,5326
confidence/008933.png,5166
confidence/008934.png,5275
confidence/008935.png,5338
confidence/008936.png,5322
confidence/008937.png,5583
confidence/008938.png,5473
confidence/008939.png,5403
confidence/008940.png,5319
confidence/008941.png,5535
confidence/008942.png,5616
confidence/008943.png,5429
confidence/008944.png,5326
confidence/008945.png,5266
confidence/008946.png,5346
confidence/008947.png,5013
confidence/008948.png,5048
confidence/008949.png,4975
confidence/008950.png,5093
confidence/008951.png,4917
confidence/008952.png,4957
confidence/008953.png,5134
confidence/008954.png,5125
confidence/008955.png,5088
confidence/008956.png,5328
confidence/008957.png,5353
confidence/008958.png,5433
confidence/008959.png,5148
confidence/008960.png,5214
confidence/008961.png,5253
confidence/008962.png,5063
confidence/008963.png,5019
confidence/008964.png,5115
confidence/008965.png,4832
confidence/008966.png,4920
confidence/008967.png,4921
confidence/008968.png,4879
confidence/008969.png,5048
confidence/008970.png,5038
confidence/008971.png,4991
confidence/008972.png,4814
confidence/008973.png,4841
confidence/008974.png,4669
confidence/008975.png,4960
confidence/008976.png,4789
confidence/008977.png,4678
confidence/008978.png,4680
confidence/008979.png,4457
confidence/008980.png,4152
confidence/008981.png,4261
confidence/008982.png,5040
confidence/008983.png,4946
confidence/008984.png,4960
confidence/008985.png,4449
confidence/008986.png,4494
confidence/008987.png,4651
confidence/008988.png,4723
confidence/008989.png,4714
confidence/008990.png,4697
confidence/008991.png,4635
confidence/008992.png,4766
confidence/008993.png,4849
confidence/008994.png,4417
confidence/008995.png,4418
confidence/008996.png,4517
confidence/008997.png,4512
confidence/008998.png,4398
confidence/008999.png,4300
confidence/009000.png,4061
confidence/009001.png,4095
confidence/009002.png,4142
confidence/009003.png,4242
confidence/009004.png,4253
confidence/009005.png,4272
confidence/009006.png,4209
confidence/009007.png,4138
confidence/009008.png,4083
confidence/009009.png,4085
confidence/009010.png,4132
confidence/009011.png,4170
confidence/009012.png,4163
confidence/009013.png,4154
confidence/009014.png,4159
confidence/009015.png,4200
confidence/009016.png,4166
confidence/009017.png,4122
confidence/009018.png,4131
confidence/009019.png,4046
confidence/009020.png,4022
confidence/009021.png,4165
confidence/009022.png,4164
confidence/009023.png,4156
confidence/009024.png,4160
confidence/009025.png,4141
confidence/009026.png,4045
confidence/009027.png,4040
confidence/009028.png,4140
confidence/009029.png,4209
confidence/009030.png,4193
confidence/009031.png,4296
confidence/009032.png,4427
confidence/009033.png,4492
confidence/009034.png,4422
confidence/009035.png,4414
confidence/009036.png,4431
confidence/009037.png,4350
confidence/009038.png,4412
confidence/009039.png,4226
confidence/009040.png,4262
confidence/009041.png,4268
confidence/009042.png,4248
confidence/009043.png,4182
confidence/009044.png,4158
confidence/009045.png,4013
confidence/009046.png,4050
confidence/009047.png,4072
confidence/009048.png,4104
confidence/009049.png,4031
confidence/009050.png,4064
confidence/009051.png,4023
confidence/009052.png,4033
confidence/009053.png,4023
confidence/009054.png,4018
confidence/009055.png,4032
confidence/009056.png,4032
confidence/009057.png,4039
confidence/009058.png,4017
confidence/009059.png,4035
confidence/009060.png,4030
confidence/009061.png,4001
confidence/009062.png,4041
confidence/009063.png,4035
confidence/009064.png,4019
confidence/009065.png,4031
confidence/009066.png,4029
confidence/009067.png,4033
confidence/009068.png,4028
confidence/009069.png,4029
confidence/009070.png,4031
confidence/009071.png,4032
confidence/009072.png,4031
confidence/009073.png,4034
confidence/009074.png,4031
confidence/009075.png,3976
confidence/009076.png,4030
confidence/009077.png,4029
confidence/009078.png,4029
confidence/009079.png,4029
confidence/009080.png,4032
confidence/009081.png,4028
confidence/009082.png,3965
confidence/009083.png,4027
confidence/009084.png,3965
confidence/009085.png,4031
confidence/009086.png,3965
confidence/009087.png,3965
confidence/009088.png,3965
confidence/009089.png,3965
confidence/009090.png,3965
confidence/009091.png,3967
confidence/009092.png,3944
confidence/009093.png,4032
confidence/009094.png,3965
confidence/009095.png,3965
confidence/009096.png,3965
confidence/009097.png,3965
confidence/009098.png,3964
confidence/009099.png,3965
confidence/009100.png,3944
confidence/009101.png,3965
confidence/009102.png,3965
confidence/009103.png,3952
confidence/009104.png,4026
confidence/009105.png,3967
confidence/009106.png,3952
confidence/009107.png,4026
confidence/009108.png,4040
confidence/009109.png,3958
confidence/009110.png,4028
confidence/009111.png,3952
confidence/009112.png,4034
confidence/009113.png,4018
confidence/009114.png,3954
confidence/009115.png,4039
confidence/009116.png,4018
confidence/009117.png,3952
confidence/009118.png,4040
confidence/009119.png,4018
confidence/009120.png,3952
confidence/009121.png,4013
confidence/009122.png,4015
confidence/009123.png,4012
confidence/009124.png,4018
confidence/009125.png,4038
confidence/009126.png,4030
confidence/009127.png,4030
confidence/009128.png,4027
confidence/009129.png,4040
confidence/009130.png,4052
confidence/009131.png,4049
confidence/009132.png,4072
confidence/009133.png,4076
confidence/009134.png,4035
confidence/009135.png,4070
confidence/009136.png,4200
confidence/009137.png,4225
confidence/009138.png,4361
confidence/009139.png,4474
confidence/009140.png,4400
confidence/009141.png,4485
confidence/009142.png,4292
confidence/009143.png,4304
confidence/009144.png,4414
confidence/009145.png,4435
confidence/009146.png,4398
confidence/009147.png,4243
confidence/009148.png,4270
confidence/009149.png,4270
confidence/009150.png,4247
confidence/009151.png,4213
confidence/009152.png,4265
confidence/009153.png,4081
confidence/009154.png,4052
confidence/009155.png,4279
confidence/009156.png,4331
confidence/009157.png,4402
confidence/009158.png,4295
confidence/009159.png,4259
confidence/009160.png,4347
confidence/009161.png,4107
confidence/009162.png,4171
confidence/009163.png,4246
confidence/009164.png,4129
confidence/009165.png,4129
confidence/009166.png,4300
confidence/009167.png,4231
confidence/009168.png,4092
confidence/009169.png,4038
confidence/009170.png,3972
confidence/009171.png,4025
confidence/009172.png,4040
confidence/009173.png,4034
confidence/009174.png,4035
confidence/009175.png,4086
confidence/009176.png,4041
confidence/009177.png,4032
confidence/009178.png,4030
confidence/009179.png,4030
confidence/009180.png,4140
confidence/009181.png,4376
confidence/009182.png,4434
confidence/009183.png,4330
confidence/009184.png,4481
confidence/009185.png,4341
confidence/009186.png,4437
confidence/009187.png,4567
confidence/009188.png,4281
confidence/009189.png,4309
confidence/009190.png,4422
confidence/009191.png,4308
confidence/009192.png,4294
confidence/009193.png,4223
confidence/009194.png,4297
confidence/009195.png,4322
confidence/009196.png,4354
confidence/009197.png,4351
confidence/009198.png,4376
confidence/009199.png,4408
confidence/009200.png,4474
confidence/009201.png,4497
confidence/009202.png,4476
confidence/009203.png,4418
confidence/009204.png,4458
confidence/009205.png,4495
confidence/009206.png,4466
confidence/009207.png,4508
confidence/009208.png,4583
confidence/009209.png,4789
confidence/009210.png,4930
confidence/009211.png,4914
confidence/009212.png,4825
confidence/009213.png,4815
confidence/009214.png,4665
confidence/009215.png,4855
confidence/009216.png,4798
confidence/009217.png,4797
confidence/009218.png,4648
confidence/009219.png,4754
confidence/009220.png,4802
confidence/009221.png,4778
confidence/009222.png,4670
confidence/009223.png,4746
confidence/009224.png,4799
confidence/009225.png,4700
confidence/009226.png,4479
confidence/009227.png,4609
confidence/009228.png,4446
confidence/009229.png,4414
confidence/009230.png,4229
confidence/009231.png,4408
confidence/009232.png,4568
confidence/009233.png,4485
confidence/009234.png,4364
confidence/009235.png,4267
confidence/009236.png,4152
confidence/009237.png,4203
confidence/009238.png,4138
confidence/009239.png,4143
confidence/009240.png,4131
confidence/009241.png,4118
confidence/009242.png,4098
confidence/009243.png,4034
confidence/009244.png,4074
confidence/009245.png,4071
confidence/009246.png,3997
confidence/009247.png,4010
confidence/009248.png,4071
confidence/009249.png,4024
confidence/009250.png,4046
confidence/009251.png,4065
confidence/009252.png,4033
confidence/009253.png,3980
confidence/009254.png,4150
confidence/009255.png,4033
confidence/009256.png,4081
confidence/009257.png,4120
confidence/009258.png,4038
confidence/009259.png,4032
confidence/009260.png,4030
confidence/009261.png,4022
confidence/009262.png,4155
confidence/009263.png,4262
confidence/009264.png,4026
confidence/009265.png,4134
confidence/009266.png,4232
confidence/009267.png,4318
confidence/009268.png,4537
confidence/009269.png,4557
confidence/009270.png,4500
confidence/009271.png,4470
confidence/009272.png,4523
confidence/009273.png,4565
confidence/009274.png,4466
confidence/009275.png,4555
confidence/009276.png,4573
confidence/009277.png,4634
confidence/009278.png,4585
confidence/009279.png,4656
confidence/009280.png,4645
confidence/009281.png,4732
confidence/009282.png,4742
confidence/009283.png,4722
confidence/009284.png,4779
confidence/009285.png,4796
confidence/009286.png,4744
confidence/009287.png,4729
confidence/009288.png,4796
confidence/009289.png,4833
confidence/009290.png,4815
confidence/009291.png,4858
confidence/009292.png,4903
confidence/009293.png,4906
confidence/009294.png,4945
confidence/009295.png,4834
confidence/009296.png,4987
confidence/009297.png,4858
confidence/009298.png,4853
confidence/009299.png,4961
confidence/009300.png,4930
confidence/009301.png,4869
confidence/009302.png,4845
confidence/009303.png,4902
confidence/009304.png,4896
confidence/009305.png,4991
confidence/009306.png,5030
confidence/009307.png,4956
confidence/009308.png,5017
confidence/009309.png,5005
confidence/009310.png,5104
confidence/009311.png,5038
confidence/009312.png,5115
confidence/009313.png,4954
confidence/009314.png,5036
confidence/009315.png,5019
confidence/009316.png,4990
confidence/009317.png,5169
confidence/009318.png,5200
confidence/009319.png,5219
confidence/009320.png,5292
confidence/009321.png,5257
confidence/009322.png,5382
confidence/009323.png,5426
confidence/009324.png,5295
confidence/009325.png,5345
confidence/009326.png,5414
confidence/009327.png,5355
confidence/009328.png,5247
confidence/009329.png,5278
confidence/009330.png,5316
confidence/009331.png,5239
confidence/009332.png,5298
confidence/009333.png,5256
confidence/009334.png,5320
confidence/009335.png,5352
confidence/009336.png,5417
confidence/009337.png,5434
confidence/009338.png,5613
confidence/009339.png,5695
confidence/009340.png,5759
confidence/009341.png,5603
confidence/009342.png,5744
confidence/009343.png,5873
confidence/009344.png,5960
confidence/009345.png,5895
confidence/009346.png,5715
confidence/009347.png,5843
confidence/009348.png,5940
confidence/009349.png,5905
confidence/009350.png,5740
confidence/009351.png,6030
confidence/009352.png,5885
confidence/009353.png,5862
confidence/009354.png,5959
confidence/009355.png,5968
confidence/009356.png,6215
confidence/009357.png,6081
confidence/009358.png,6017
confidence/009359.png,5799
confidence/009360.png,5790
confidence/009361.png,5723
confidence/009362.png,5846
confidence/009363.png,5819
confidence/009364.png,5972
confidence/009365.png,5974
confidence/009366.png,5954
confidence/009367.png,5787
confidence/009368.png,5821
confidence/009369.png,5761
confidence/009370.png,5832
confidence/009371.png,5624
confidence/009372.png,5898
confidence/009373.png,5942
confidence/009374.png,5702
confidence/009375.png,5835
confidence/009376.png,6005
confidence/009377.png,5800
confidence/009378.png,5828
confidence/009379.png,5822
confidence/009380.png,5741
confidence/009381.png,5752
confidence/009382.png,5475
confidence/009383.png,5389
confidence/009384.png,5579
confidence/009385.png,5432
confidence/009386.png,5281
confidence/009387.png,5196
confidence/009388.png,5359
confidence/009389.png,5396
confidence/009390.png,5327
confidence/009391.png,5457
confidence/009392.png,5446
confidence/009393.png,5427
confidence/009394.png,5362
confidence/009395.png,5602
confidence/009396.png,5731
confidence/009397.png,5642
confidence/009398.png,5765
confidence/009399.png,5733
confidence/009400.png,5666
confidence/009401.png,5584
confidence/009402.png,5633
confidence/009403.png,5660
confidence/009404.png,5643
confidence/009405.png,5922
confidence/009406.png,5929
confidence/009407.png,5762
confidence/009408.png,5895
confidence/009409.png,5949
confidence/009410.png,5890
confidence/009411.png,5899
confidence/009412.png,5684
confidence/009413.png,5719
confidence/009414.png,5782
confidence/009415.png,6204
confidence/009416.png,6143
confidence/009417.png,5843
confidence/009418.png,5661
confidence/009419.png,5642
confidence/009420.png,5502
confidence/009421.png,5759
confidence/009422.png,5690
confidence/009423.png,5609
confidence/009424.png,5786
confidence/009425.png,5780
confidence/009426.png,5807
confidence/009427.png,5600
confidence/009428.png,5605
confidence/009429.png,5578
confidence/009430.png,5462
confidence/009431.png,5372
confidence/009432.png,5521
confidence/009433.png,5513
confidence/009434.png,5416
confidence/009435.png,5209
confidence/009436.png,5057
confidence/009437.png,5219
confidence/009438.png,5289
confidence/009439.png,5298
confidence/009440.png,5209
confidence/009441.png,5213
confidence/009442.png,5088
confidence/009443.png,5064
confidence/009444.png,5049
confidence/009445.png,5014
confidence/009446.png,4985
confidence/009447.png,4862
confidence/009448.png,4772
confidence/009449.png,4787
confidence/009450.png,4571
confidence/009451.png,4467
confidence/009452.png,4437
confidence/009453.png,4301
confidence/009454.png,4315
confidence/009455.png,4170
confidence/009456.png,4168
confidence/009457.png,4205
confidence/009458.png,4241
confidence/009459.png,4280
confidence/009460.png,4281
confidence/009461.png,4213
confidence/009462.png,4173
confidence/009463.png,4173
confidence/009464.png,4206
confidence/009465.png,4056
confidence/009466.png,4234
confidence/009467.png,4250
confidence/009468.png,4250
confidence/009469.png,4285
confidence/009470.png,4379
confidence/009471.png,4337
confidence/009472.png,4454
confidence/009473.png,4497
confidence/009474.png,4427
confidence/009475.png,4438
confidence/009476.png,4503
confidence/009477.png,4473
confidence/009478.png,4440
confidence/009479.png,4331
confidence/009480.png,4265
confidence/009481.png,4362
confidence/009482.png,4230
confidence/009483.png,4315
confidence/009484.png,4123
confidence/009485.png,4000
confidence/009486.png,4145
confidence/009487.png,4033
confidence/009488.png,4117
confidence/009489.png,4097
confidence/009490.png,3944
confidence/009491.png,3920
confidence/009492.png,4008
confidence/009493.png,3860
confidence/009494.png,3864
confidence/009495.png,3873
confidence/009496.png,4094
confidence/009497.png,4030
confidence/009498.png,3850
confidence/009499.png,4066
confidence/009500.png,3839
confidence/009501.png,4057
confidence/009502.png,4059
confidence/009503.png,4022
confidence/009504.png,4020
confidence/009505.png,4027
confidence/009506.png,4048
confidence/009507.png,4072
confidence/009508.png,4010
confidence/009509.png,4122
confidence/009510.png,4059
confidence/009511.png,4129
confidence/009512.png,4089
confidence/009513.png,4062
confidence/009514.png,4033
confidence/009515.png,4118
confidence/009516.png,4082
confidence/009517.png,4011
confidence/009518.png,4038
confidence/009519.png,4038
confidence/009520.png,4005
confidence/009521.png,4056
confidence/009522.png,4061
confidence/009523.png,4035
confidence/009524.png,4032
confidence/009525.png,4079
confidence/009526.png,4062
confidence/009527.png,4073
confidence/009528.png,4053
confidence/009529.png,4037
confidence/009530.png,4094
confidence/009531.png,4031
confidence/009532.png,4092
confidence/009533.png,4039
confidence/009534.png,4090
confidence/009535.png,4060
confidence/009536.png,4106
confidence/009537.png,4105
confidence/009538.png,4109
confidence/009539.png,4088
confidence/009540.png,4128
confidence/009541.png,4225
confidence/009542.png,4134
confidence/009543.png,4098
confidence/009544.png,4015
confidence/009545.png,4061
confidence/009546.png,4060
confidence/009547.png,4048
confidence/009548.png,4068
confidence/009549.png,4083
confidence/009550.png,4077
confidence/009551.png,4042
confidence/009552.png,4107
confidence/009553.png,4025
confidence/009554.png,4097
confidence/009555.png,4055
confidence/009556.png,4032
confidence/009557.png,4036
confidence/009558.png,4078
confidence/009559.png,4055
confidence/009560.png,4082
confidence/009561.png,4083
confidence/009562.png,4079
confidence/009563.png,4078
confidence/009564.png,4079
confidence/009565.png,4072
confidence/009566.png,4029
confidence/009567.png,4039
confidence/009568.png,4038
confidence/009569.png,4043
confidence/009570.png,4055
confidence/009571.png,4036
confidence/009572.png,4077
confidence/009573.png,4083
confidence/009574.png,4072
confidence/009575.png,4057
confidence/009576.png,4060
confidence/009577.png,4085
confidence/009578.png,4083
confidence/009579.png,4059
confidence/009580.png,4056
confidence/009581.png,4046
confidence/009582.png,4045
confidence/009583.png,4070
confidence/009584.png,4039
confidence/009585.png,4020
confidence/009586.png,4032
confidence/009587.png,4084
confidence/009588.png,3813
confidence/009589.png,4068
confidence/009590.png,4016
confidence/009591.png,4021
confidence/009592.png,4037
confidence/009593.png,4036
confidence/009594.png,4072
confidence/009595.png,4084
confidence/009596.png,4068
confidence/009597.png,4059
confidence/009598.png,4024
confidence/009599.png,4048
confidence/009600.png,4113
confidence/009601.png,4120
confidence/009602.png,4080
confidence/009603.png,4115
confidence/009604.png,4123
confidence/009605.png,4100
confidence/009606.png,4130
confidence/009607.png,4102
confidence/009608.png,4112
confidence/009609.png,4154
confidence/009610.png,4152
confidence/009611.png,4156
confidence/009612.png,4146
confidence/009613.png,4148
confidence/009614.png,4141
confidence/009615.png,4112
confidence/009616.png,4131
confidence/009617.png,4151
confidence/009618.png,4090
confidence/009619.png,4179
confidence/009620.png,4128
confidence/009621.png,4173
confidence/009622.png,4157
confidence/009623.png,4179
confidence/009624.png,4211
confidence/009625.png,4200
confidence/009626.png,4198
confidence/009627.png,4355
confidence/009628.png,4357
confidence/009629.png,4326
confidence/009630.png,4310
confidence/009631.png,4373
confidence/009632.png,4361
confidence/009633.png,4452
confidence/009634.png,4488
confidence/009635.png,4516
confidence/009636.png,4595
confidence/009637.png,4784
confidence/009638.png,4752
confidence/009639.png,4922
confidence/009640.png,4898
confidence/009641.png,4933
confidence/009642.png,5072
confidence/009643.png,4992
confidence/009644.png,5090
confidence/009645.png,5166
confidence/009646.png,5165
confidence/009647.png,5310
confidence/009648.png,5404
confidence/009649.png,5282
confidence/009650.png,5376
confidence/009651.png,5521
confidence/009652.png,5443
confidence/009653.png,5587
confidence/009654.png,5477
confidence/009655.png,5645
confidence/009656.png,5782
confidence/009657.png,5772
confidence/009658.png,6001
confidence/009659.png,5786
confidence/009660.png,5652
confidence/009661.png,5617
confidence/009662.png,5783
confidence/009663.png,5691
confidence/009664.png,5870
confidence/009665.png,5981
confidence/009666.png,6099
confidence/009667.png,6030
confidence/009668.png,6134
confidence/009669.png,6162
confidence/009670.png,6290
confidence/009671.png,6226
confidence/009672.png,6390
confidence/009673.png,6265
confidence/009674.png,6416
confidence/009675.png,6274
confidence/009676.png,6464
confidence/009677.png,6626
confidence/009678.png,6602
confidence/009679.png,6693
confidence/009680.png,6938
confidence/009681.png,6910
confidence/009682.png,6844
confidence/009683.png,6922
confidence/009684.png,6895
confidence/009685.png,6966
confidence/009686.png,6942
confidence/009687.png,6771
confidence/009688.png,6816
confidence/009689.png,6926
confidence/009690.png,6857
confidence/009691.png,6955
confidence/009692.png,6936
confidence/009693.png,6873
confidence/009694.png,6827
confidence/009695.png,6900
confidence/009696.png,6837
confidence/009697.png,6572
confidence/009698.png,6629
confidence/009699.png,6721
confidence/009700.png,6808
confidence/009701.png,6722
confidence/009702.png,6604
confidence/009703.png,6388
confidence/009704.png,6366
confidence/009705.png,6188
confidence/009706.png,6075
confidence/009707.png,5958
confidence/009708.png,6007
confidence/009709.png,5982
confidence/009710.png,5806
confidence/009711.png,5817
confidence/009712.png,5867
confidence/009713.png,5653
confidence/009714.png,5666
confidence/009715.png,5514
confidence/009716.png,5536
confidence/009717.png,5373
confidence/009718.png,5285
confidence/009719.png,4975
confidence/009720.png,4888
confidence/009721.png,4852
confidence/009722.png,4498
confidence/009723.png,4539
confidence/009724.png,4442
confidence/009725.png,4410
confidence/009726.png,4427
confidence/009727.png,4445
confidence/009728.png,4448
confidence/009729.png,4370
confidence/009730.png,4395
confidence/009731.png,4414
confidence/009732.png,4380
confidence/009733.png,4417
confidence/009734.png,4354
confidence/009735.png,4369
confidence/009736.png,4353
confidence/009737.png,4250
confidence/009738.png,4319
confidence/009739.png,4300
confidence/009740.png,4298
confidence/009741.png,4270
confidence/009742.png,4265
confidence/009743.png,4288
confidence/009744.png,4279
depth/000000.png,20577
depth/000001.png,20520
depth/000002.png,20265
depth/000003.png,20493
depth/000004.png,20629
depth/000005.png,21020
depth/000006.png,21348
depth/000007.png,21551
depth/000008.png,22396
depth/000009.png,22027
depth/000010.png,22515
depth/000011.png,22602
depth/000012.png,22771
depth/000013.png,23195
depth/000014.png,23266
depth/000015.png,22821
depth/000016.png,23402
depth/000017.png,23654
depth/000018.png,24097
depth/000019.png,24672
depth/000020.png,24577
depth/000021.png,24349
depth/000022.png,25000
depth/000023.png,25048
depth/000024.png,24797
depth/000025.png,24983
depth/000026.png,24998
depth/000027.png,25057
depth/000028.png,25628
depth/000029.png,25743
depth/000030.png,26838
depth/000031.png,26139
depth/000032.png,26277
depth/000033.png,26790
depth/000034.png,28009
depth/000035.png,27827
depth/000036.png,28092
depth/000037.png,27508
depth/000038.png,27475
depth/000039.png,27506
depth/000040.png,27479
depth/000041.png,27199
depth/000042.png,27822
depth/000043.png,26863
depth/000044.png,27160
depth/000045.png,27129
depth/000046.png,27655
depth/000047.png,27686
depth/000048.png,27731
depth/000049.png,28350
depth/000050.png,28577
depth/000051.png,29699
depth/000052.png,29557
depth/000053.png,30119
depth/000054.png,29355
depth/000055.png,30931
depth/000056.png,31625
depth/000057.png,32176
depth/000058.png,31790
depth/000059.png,31671
depth/000060.png,32294
depth/000061.png,31358
depth/000062.png,32823
depth/000063.png,33158
depth/000064.png,33755
depth/000065.png,33961
depth/000066.png,33394
depth/000067.png,34423
depth/000068.png,34378
depth/000069.png,34020
depth/000070.png,33992
depth/000071.png,34276
depth/000072.png,34138
depth/000073.png,34920
depth/000074.png,34670
depth/000075.png,35647
depth/000076.png,36086
depth/000077.png,34699
depth/000078.png,35701
depth/000079.png,35766
depth/000080.png,35473
depth/000081.png,35279
depth/000082.png,35278
depth/000083.png,35674
depth/000084.png,34963
depth/000085.png,35039
depth/000086.png,35592
depth/000087.png,34586
depth/000088.png,34557
depth/000089.png,35488
depth/000090.png,34576
depth/000091.png,33842
depth/000092.png,33491
depth/000093.png,33385
depth/000094.png,32280
depth/000095.png,32648
depth/000096.png,32744
depth/000097.png,30944
depth/000098.png,31158
depth/000099.png,32490
depth/000100.png,32838
depth/000101.png,31603
depth/000102.png,32288
depth/000103.png,32183
depth/000104.png,31066
depth/000105.png,31205
depth/000106.png,31342
depth/000107.png,31060
depth/000108.png,30886
depth/000109.png,31264
depth/000110.png,32144
depth/000111.png,32770
depth/000112.png,31773
depth/000113.png,32205
depth/000114.png,32553
depth/000115.png,31680
depth/000116.png,31396
depth/000117.png,31411
depth/000118.png,31162
depth/000119.png,31381
depth/000120.png,31044
depth/000121.png,31382
depth/000122.png,31390
depth/000123.png,31085
depth/000124.png,29874
depth/000125.png,30509
depth/000126.png,30348
depth/000127.png,30421
depth/000128.png,31496
depth/000129.png,28628
depth/000130.png,28709
depth/000131.png,29450
depth/000132.png,29370
depth/000133.png,29151
depth/000134.png,28539
depth/000135.png,28513
depth/000136.png,27747
depth/000137.png,27696
depth/000138.png,28368
depth/000139.png,28060
depth/000140.png,27428
depth/000141.png,27943
depth/000142.png,28534
depth/000143.png,27928
depth/000144.png,27232
depth/000145.png,27107
depth/000146.png,26402
depth/000147.png,26696
depth/000148.png,26387
depth/000149.png,26131
depth/000150.png,25943
depth/000151.png,25508
depth/000152.png,25123
depth/000153.png,23763
depth/000154.png,23442
depth/000155.png,22857
depth/000156.png,22752
depth/000157.png,22784
depth/000158.png,22052
depth/000159.png,21917
depth/000160.png,21339
depth/000161.png,21232
depth/000162.png,21877
depth/000163.png,21767
depth/000164.png,21348
depth/000165.png,20762
depth/000166.png,21428
depth/000167.png,21479
depth/000168.png,21741
depth/000169.png,21759
depth/000170.png,21347
depth/000171.png,21431
depth/000172.png,21522
depth/000173.png,21612
depth/000174.png,21162
depth/000175.png,21351
depth/000176.png,20874
depth/000177.png,20858
depth/000178.png,20815
depth/000179.png,20735
depth/000180.png,20741
depth/000181.png,20765
depth/000182.png,20711
depth/000183.png,20814
depth/000184.png,20587
depth/000185.png,20316
depth/000186.png,20163
depth/000187.png,20115
depth/000188.png,20370
depth/000189.png,19979
depth/000190.png,19468
depth/000191.png,18314
depth/000192.png,18002
depth/000193.png,18321
depth/000194.png,18788
depth/000195.png,18559
depth/000196.png,18364
depth/000197.png,17742
depth/000198.png,18140
depth/000199.png,19275
depth/000200.png,19038
depth/000201.png,19971
depth/000202.png,20297
depth/000203.png,21401
depth/000204.png,21680
depth/000205.png,21612
depth/000206.png,22305
depth/000207.png,23008
depth/000208.png,23521
depth/000209.png,24439
depth/000210.png,24816
depth/000211.png,25761
depth/000212.png,26081
depth/000213.png,26369
depth/000214.png,26636
depth/000215.png,27099
depth/000216.png,27726
depth/000217.png,27806
depth/000218.png,27378
depth/000219.png,27936
depth/000220.png,28402
depth/000221.png,28587
depth/000222.png,28909
depth/000223.png,29265
depth/000224.png,29083
depth/000225.png,29364
depth/000226.png,29764
depth/000227.png,29653
depth/000228.png,29408
depth/000229.png,29294
depth/000230.png,29016
depth/000231.png,28690
depth/000232.png,28181
depth/000233.png,28748
depth/000234.png,28598
depth/000235.png,28702
depth/000236.png,29489
depth/000237.png,29665
depth/000238.png,29467
depth/000239.png,29116
depth/000240.png,29212
depth/000241.png,28888
depth/000242.png,28178
depth/000243.png,28026
depth/000244.png,27977
depth/000245.png,27361
depth/000246.png,26507
depth/000247.png,26339
depth/000248.png,26070
depth/000249.png,25670
depth/000250.png,25695
depth/000251.png,25467
depth/000252.png,25337
depth/000253.png,25586
depth/000254.png,25148
depth/000255.png,25094
depth/000256.png,24694
depth/000257.png,24598
depth/000258.png,24157
depth/000259.png,24068
depth/000260.png,23871
depth/000261.png,23564
depth/000262.png,23491
depth/000263.png,23171
depth/000264.png,22823
depth/000265.png,22496
depth/000266.png,22576
depth/000267.png,22560
depth/000268.png,22520
depth/000269.png,22228
depth/000270.png,22098
depth/000271.png,22210
depth/000272.png,22102
depth/000273.png,22088
depth/000274.png,22045
depth/000275.png,21734
depth/000276.png,21901
depth/000277.png,21879
depth/000278.png,21651
depth/000279.png,21514
depth/000280.png,21349
depth/000281.png,21117
depth/000282.png,20993
depth/000283.png,21002
depth/000284.png,20841
depth/000285.png,20949
depth/000286.png,20738
depth/000287.png,20669
depth/000288.png,20547
depth/000289.png,20352
depth/000290.png,19997
depth/000291.png,20013
depth/000292.png,19657
depth/000293.png,19549
depth/000294.png,19447
depth/000295.png,19228
depth/000296.png,19157
depth/000297.png,18784
depth/000298.png,18418
depth/000299.png,18669
depth/000300.png,18896
depth/000301.png,18927
depth/000302.png,18872
depth/000303.png,19033
depth/000304.png,19513
depth/000305.png,19417
depth/000306.png,19807
depth/000307.png,19808
depth/000308.png,20126
depth/000309.png,20652
depth/000310.png,20772
depth/000311.png,21157
depth/000312.png,21182
depth/000313.png,21452
depth/000314.png,21373
depth/000315.png,21998
depth/000316.png,21973
depth/000317.png,22501
depth/000318.png,22730
depth/000319.png,22760
depth/000320.png,23071
depth/000321.png,23322
depth/000322.png,23405
depth/000323.png,23091
depth/000324.png,22616
depth/000325.png,22485
depth/000326.png,22444
depth/000327.png,22325
depth/000328.png,21926
depth/000329.png,21308
depth/000330.png,21361
depth/000331.png,21006
depth/000332.png,20846
depth/000333.png,20325
depth/000334.png,19560
depth/000335.png,19563
depth/000336.png,19839
depth/000337.png,19550
depth/000338.png,19530
depth/000339.png,19603
depth/000340.png,19157
depth/000341.png,18886
depth/000342.png,18816
depth/000343.png,19192
depth/000344.png,19032
depth/000345.png,19161
depth/000346.png,19074
depth/000347.png,19203
depth/000348.png,19264
depth/000349.png,19395
depth/000350.png,19372
depth/000351.png,19541
depth/000352.png,19325
depth/000353.png,19227
depth/000354.png,19204
depth/000355.png,19312
depth/000356.png,19338
depth/000357.png,19266
depth/000358.png,19503
depth/000359.png,18905
depth/000360.png,16622
depth/000361.png,15810
depth/000362.png,15240
depth/000363.png,15047
depth/000364.png,14761
depth/000365.png,14891
depth/000366.png,14638
depth/000367.png,14339
depth/000368.png,14276
depth/000369.png,14136
depth/000370.png,14080
depth/000371.png,13947
depth/000372.png,13768
depth/000373.png,13600
depth/000374.png,13189
depth/000375.png,12944
depth/000376.png,12480
depth/000377.png,12077
depth/000378.png,12278
depth/000379.png,12270
depth/000380.png,12513
depth/000381.png,12870
depth/000382.png,13391
depth/000383.png,13674
depth/000384.png,13709
depth/000385.png,14151
depth/000386.png,14086
depth/000387.png,14028
depth/000388.png,14043
depth/000389.png,14235
depth/000390.png,14603
depth/000391.png,14916
depth/000392.png,15153
depth/000393.png,15449
depth/000394.png,15462
depth/000395.png,15736
depth/000396.png,15700
depth/000397.png,15570
depth/000398.png,15536
depth/000399.png,15690
depth/000400.png,15810
depth/000401.png,16004
depth/000402.png,16000
depth/000403.png,15777
depth/000404.png,15683
depth/000405.png,15947
depth/000406.png,16136
depth/000407.png,16056
depth/000408.png,15833
depth/000409.png,15792
depth/000410.png,15976
depth/000411.png,16054
depth/000412.png,15847
depth/000413.png,16307
depth/000414.png,16278
depth/000415.png,16081
depth/000416.png,16175
depth/000417.png,15865
depth/000418.png,15372
depth/000419.png,15149
depth/000420.png,14995
depth/000421.png,14830
depth/000422.png,14207
depth/000423.png,13761
depth/000424.png,13586
depth/000425.png,13246
depth/000426.png,12529
depth/000427.png,12046
depth/000428.png,11820
depth/000429.png,11524
depth/000430.png,11023
depth/000431.png,11043
depth/000432.png,10546
depth/000433.png,10768
depth/000434.png,10804
depth/000435.png,10650
depth/000436.png,10163
depth/000437.png,10218
depth/000438.png,9652
depth/000439.png,9447
depth/000440.png,7911
depth/000441.png,7321
depth/000442.png,7581
depth/000443.png,8631
depth/000444.png,8960
depth/000445.png,9540
depth/000446.png,9789
depth/000447.png,10054
depth/000448.png,10055
depth/000449.png,10171
depth/000450.png,10432
depth/000451.png,11070
depth/000452.png,11398
depth/000453.png,12028
depth/000454.png,13220
depth/000455.png,13667
depth/000456.png,14225
depth/000457.png,14943
depth/000458.png,15198
depth/000459.png,15521
depth/000460.png,16215
depth/000461.png,16150
depth/000462.png,16356
depth/000463.png,16417
depth/000464.png,16499
depth/000465.png,16420
depth/000466.png,16822
depth/000467.png,16906
depth/000468.png,16543
depth/000469.png,17253
depth/000470.png,16812
depth/000471.png,16979
depth/000472.png,17042
depth/000473.png,17533
depth/000474.png,18065
depth/000475.png,18606
depth/000476.png,18825
depth/000477.png,18893
depth/000478.png,19350
depth/000479.png,18751
depth/000480.png,18384
depth/000481.png,18852
depth/000482.png,18501
depth/000483.png,19169
depth/000484.png,19253
depth/000485.png,19049
depth/000486.png,18825
depth/000487.png,19008
depth/000488.png,19954
depth/000489.png,21581
depth/000490.png,21939
depth/000491.png,22397
depth/000492.png,22618
depth/000493.png,23847
depth/000494.png,24090
depth/000495.png,24163
depth/000496.png,24818
depth/000497.png,24955
depth/000498.png,26237
depth/000499.png,26354
depth/000500.png,27077
depth/000501.png,26831
depth/000502.png,27755
depth/000503.png,27744
depth/000504.png,28050
depth/000505.png,27949
depth/000506.png,28101
depth/000507.png,28811
depth/000508.png,29349
depth/000509.png,29667
depth/000510.png,29897
depth/000511.png,29903
depth/000512.png,30017
depth/000513.png,29710
depth/000514.png,29962
depth/000515.png,29635
depth/000516.png,30443
depth/000517.png,30430
depth/000518.png,30180
depth/000519.png,30604
depth/000520.png,30556
depth/000521.png,30713
depth/000522.png,30392
depth/000523.png,30557
depth/000524.png,30978
depth/000525.png,30750
depth/000526.png,30988
depth/000527.png,30762
depth/000528.png,30336
depth/000529.png,30028
depth/000530.png,30206
depth/000531.png,30512
depth/000532.png,29849
depth/000533.png,30236
depth/000534.png,30293
depth/000535.png,29358
depth/000536.png,29463
depth/000537.png,29586
depth/000538.png,29227
depth/000539.png,29377
depth/000540.png,29079
depth/000541.png,28893
depth/000542.png,28994
depth/000543.png,28720
depth/000544.png,28687
depth/000545.png,29027
depth/000546.png,28282
depth/000547.png,28585
depth/000548.png,28492
depth/000549.png,27904
depth/000550.png,28282
depth/000551.png,27948
depth/000552.png,28005
depth/000553.png,27435
depth/000554.png,27400
depth/000555.png,27296
depth/000556.png,26979
depth/000557.png,26723
depth/000558.png,27370
depth/000559.png,26707
depth/000560.png,26913
depth/000561.png,26538
depth/000562.png,27201
depth/000563.png,27341
depth/000564.png,27104
depth/000565.png,26980
depth/000566.png,27149
depth/000567.png,27383
depth/000568.png,27201
depth/000569.png,27696
depth/000570.png,27554
depth/000571.png,27724
depth/000572.png,28145
depth/000573.png,28132
depth/000574.png,28400
depth/000575.png,28250
depth/000576.png,28055
depth/000577.png,28030
depth/000578.png,28120
depth/000579.png,28402
depth/000580.png,28503
depth/000581.png,28959
depth/000582.png,29151
depth/000583.png,29567
depth/000584.png,29635
depth/000585.png,29394
depth/000586.png,29366
depth/000587.png,29639
depth/000588.png,29138
depth/000589.png,28925
depth/000590.png,29120
depth/000591.png,28851
depth/000592.png,28578
depth/000593.png,28059
depth/000594.png,28262
depth/000595.png,28185
depth/000596.png,28343
depth/000597.png,28029
depth/000598.png,27887
depth/000599.png,28181
depth/000600.png,28094
depth/000601.png,28107
depth/000602.png,27973
depth/000603.png,27962
depth/000604.png,26970
depth/000605.png,26706
depth/000606.png,27161
depth/000607.png,26249
depth/000608.png,26220
depth/000609.png,25916
depth/000610.png,26158
depth/000611.png,25512
depth/000612.png,25400
depth/000613.png,25026
depth/000614.png,24300
depth/000615.png,24817
depth/000616.png,24546
depth/000617.png,24574
depth/000618.png,24125
depth/000619.png,24464
depth/000620.png,23825
depth/000621.png,23630
depth/000622.png,23856
depth/000623.png,23738
depth/000624.png,23675
depth/000625.png,23387
depth/000626.png,23547
depth/000627.png,23670
depth/000628.png,23488
depth/000629.png,23299
depth/000630.png,23275
depth/000631.png,23386
depth/000632.png,23571
depth/000633.png,23565
depth/000634.png,23496
depth/000635.png,23717
depth/000636.png,23466
depth/000637.png,23585
depth/000638.png,23698
depth/000639.png,23550
depth/000640.png,23514
depth/000641.png,23192
depth/000642.png,23123
depth/000643.png,23169
depth/000644.png,23086
depth/000645.png,22974
depth/000646.png,22860
depth/000647.png,22776
depth/000648.png,22670
depth/000649.png,22489
depth/000650.png,22470
depth/000651.png,22304
depth/000652.png,22282
depth/000653.png,22221
depth/000654.png,22559
depth/000655.png,22317
depth/000656.png,22657
depth/000657.png,22540
depth/000658.png,22630
depth/000659.png,22724
depth/000660.png,22229
depth/000661.png,22282
depth/000662.png,21885
depth/000663.png,21843
depth/000664.png,21486
depth/000665.png,21585
depth/000666.png,21383
depth/000667.png,21312
depth/000668.png,21163
depth/000669.png,21560
depth/000670.png,21287
depth/000671.png,21279
depth/000672.png,21724
depth/000673.png,21791
depth/000674.png,21950
depth/000675.png,22417
depth/000676.png,21587
depth/000677.png,21905
depth/000678.png,21683
depth/000679.png,21778
depth/000680.png,22509
depth/000681.png,22520
depth/000682.png,22562
depth/000683.png,22456
depth/000684.png,22501
depth/000685.png,22352
depth/000686.png,22307
depth/000687.png,22350
depth/000688.png,22546
depth/000689.png,22643
depth/000690.png,22083
depth/000691.png,22309
depth/000692.png,22586
depth/000693.png,22434
depth/000694.png,22908
depth/000695.png,22556
depth/000696.png,22796
depth/000697.png,22805
depth/000698.png,22968
depth/000699.png,23279
depth/000700.png,23094
depth/000701.png,23662
depth/000702.png,23224
depth/000703.png,23287
depth/000704.png,24390
depth/000705.png,24380
depth/000706.png,24186
depth/000707.png,24628
depth/000708.png,24983
depth/000709.png,24657
depth/000710.png,24891
depth/000711.png,26207
depth/000712.png,25852
depth/000713.png,25257
depth/000714.png,26805
depth/000715.png,27381
depth/000716.png,26929
depth/000717.png,27081
depth/000718.png,26926
depth/000719.png,27390
depth/000720.png,27830
depth/000721.png,28108
depth/000722.png,28315
depth/000723.png,28536
depth/000724.png,28170
depth/000725.png,28479
depth/000726.png,28640
depth/000727.png,29200
depth/000728.png,29697
depth/000729.png,29243
depth/000730.png,29733
depth/000731.png,29755
depth/000732.png,29674
depth/000733.png,30332
depth/000734.png,30783
depth/000735.png,30660
depth/000736.png,30672
depth/000737.png,30313
depth/000738.png,30663
depth/000739.png,30714
depth/000740.png,30421
depth/000741.png,30609
depth/000742.png,30472
depth/000743.png,30987
depth/000744.png,31463
depth/000745.png,31434
depth/000746.png,31602
depth/000747.png,31807
depth/000748.png,32198
depth/000749.png,32231
depth/000750.png,32298
depth/000751.png,32696
depth/000752.png,32612
depth/000753.png,32672
depth/000754.png,32831
depth/000755.png,33324
depth/000756.png,33349
depth/000757.png,32952
depth/000758.png,33494
depth/000759.png,33391
depth/000760.png,33825
depth/000761.png,33341
depth/000762.png,32723
depth/000763.png,32745
depth/000764.png,32936
depth/000765.png,32880
depth/000766.png,32533
depth/000767.png,32467
depth/000768.png,32321
depth/000769.png,32437
depth/000770.png,32556
depth/000771.png,32148
depth/000772.png,32217
depth/000773.png,32336
depth/000774.png,32608
depth/000775.png,32295
depth/000776.png,32354
depth/000777.png,31832
depth/000778.png,31548
depth/000779.png,31460
depth/000780.png,30953
depth/000781.png,30625
depth/000782.png,30398
depth/000783.png,30655
depth/000784.png,30303
depth/000785.png,30034
depth/000786.png,29862
depth/000787.png,29250
depth/000788.png,28607
depth/000789.png,28192
depth/000790.png,28141
depth/000791.png,28251
depth/000792.png,27622
depth/000793.png,28088
depth/000794.png,28282
depth/000795.png,27646
depth/000796.png,27636
depth/000797.png,27696
depth/000798.png,27810
depth/000799.png,27659
depth/000800.png,27200
depth/000801.png,26638
depth/000802.png,26109
depth/000803.png,25486
depth/000804.png,25373
depth/000805.png,24516
depth/000806.png,24219
depth/000807.png,24682
depth/000808.png,24593
depth/000809.png,24442
depth/000810.png,23823
depth/000811.png,22413
depth/000812.png,22117
depth/000813.png,22265
depth/000814.png,22793
depth/000815.png,22280
depth/000816.png,22414
depth/000817.png,22989
depth/000818.png,23104
depth/000819.png,22831
depth/000820.png,22914
depth/000821.png,22683
depth/000822.png,22366
depth/000823.png,21875
depth/000824.png,22227
depth/000825.png,21998
depth/000826.png,22142
depth/000827.png,21991
depth/000828.png,22224
depth/000829.png,22633
depth/000830.png,22896
depth/000831.png,22324
depth/000832.png,22529
depth/000833.png,21778
depth/000834.png,21476
depth/000835.png,21396
depth/000836.png,21417
depth/000837.png,20360
depth/000838.png,20153
depth/000839.png,20409
depth/000840.png,20931
depth/000841.png,21146
depth/000842.png,21112
depth/000843.png,20780
depth/000844.png,21097
depth/000845.png,21139
depth/000846.png,21488
depth/000847.png,21401
depth/000848.png,21061
depth/000849.png,21294
depth/000850.png,21343
depth/000851.png,21388
depth/000852.png,21535
depth/000853.png,21716
depth/000854.png,21991
depth/000855.png,21694
depth/000856.png,21326
depth/000857.png,21554
depth/000858.png,21311
depth/000859.png,21472
depth/000860.png,21460
depth/000861.png,21498
depth/000862.png,21724
depth/000863.png,21661
depth/000864.png,21665
depth/000865.png,21290
depth/000866.png,21456
depth/000867.png,21664
depth/000868.png,21353
depth/000869.png,21256
depth/000870.png,21635
depth/000871.png,21842
depth/000872.png,21710
depth/000873.png,22143
depth/000874.png,22003
depth/000875.png,21928
depth/000876.png,21753
depth/000877.png,21973
depth/000878.png,21749
depth/000879.png,21592
depth/000880.png,21438
depth/000881.png,21657
depth/000882.png,21465
depth/000883.png,21509
depth/000884.png,21405
depth/000885.png,21580
depth/000886.png,21004
depth/000887.png,21053
depth/000888.png,21146
depth/000889.png,21689
depth/000890.png,21856
depth/000891.png,21813
depth/000892.png,21613
depth/000893.png,21687
depth/000894.png,21783
depth/000895.png,21439
depth/000896.png,21727
depth/000897.png,22204
depth/000898.png,22260
depth/000899.png,22304
depth/000900.png,22466
depth/000901.png,22569
depth/000902.png,22600
depth/000903.png,22760
depth/000904.png,22627
depth/000905.png,22870
depth/000906.png,22588
depth/000907.png,22822
depth/000908.png,22860
depth/000909.png,22452
depth/000910.png,22654
depth/000911.png,23020
depth/000912.png,22832
depth/000913.png,22864
depth/000914.png,23240
depth/000915.png,23169
depth/000916.png,23394
depth/000917.png,23348
depth/000918.png,23246
depth/000919.png,23339
depth/000920.png,23256
depth/000921.png,23686
depth/000922.png,23450
depth/000923.png,23553
depth/000924.png,23825
depth/000925.png,23877
depth/000926.png,23769
depth/000927.png,23689
depth/000928.png,23691
depth/000929.png,23912
depth/000930.png,23395
depth/000931.png,23556
depth/000932.png,23630
depth/000933.png,23344
depth/000934.png,23420
depth/000935.png,23567
depth/000936.png,23557
depth/000937.png,23488
depth/000938.png,23585
depth/000939.png,23685
depth/000940.png,23479
depth/000941.png,23358
depth/000942.png,23551
depth/000943.png,23645
depth/000944.png,23693
depth/000945.png,23369
depth/000946.png,23313
depth/000947.png,23375
depth/000948.png,23221
depth/000949.png,23277
depth/000950.png,23385
depth/000951.png,23549
depth/000952.png,23565
depth/000953.png,23642
depth/000954.png,23613
depth/000955.png,23912
depth/000956.png,24194
depth/000957.png,24328
depth/000958.png,23428
depth/000959.png,23420
depth/000960.png,23810
depth/000961.png,23860
depth/000962.png,23927
depth/000963.png,23720
depth/000964.png,23709
depth/000965.png,23381
depth/000966.png,23523
depth/000967.png,23305
depth/000968.png,23489
depth/000969.png,23241
depth/000970.png,23216
depth/000971.png,23459
depth/000972.png,23242
depth/000973.png,23396
depth/000974.png,23502
depth/000975.png,23253
depth/000976.png,23415
depth/000977.png,23607
depth/000978.png,23409
depth/000979.png,23212
depth/000980.png,23140
depth/000981.png,23382
depth/000982.png,23266
depth/000983.png,23178
depth/000984.png,23332
depth/000985.png,23537
depth/000986.png,23231
depth/000987.png,23257
depth/000988.png,22291
depth/000989.png,22495
depth/000990.png,21969
depth/000991.png,22040
depth/000992.png,22240
depth/000993.png,21568
depth/000994.png,21529
depth/000995.png,21334
depth/000996.png,20818
depth/000997.png,20327
depth/000998.png,20434
depth/000999.png,19834
depth/001000.png,19833
depth/001001.png,19544
depth/001002.png,19236
depth/001003.png,19203
depth/001004.png,18917
depth/001005.png,18547
depth/001006.png,17950
depth/001007.png,17734
depth/001008.png,17663
depth/001009.png,17224
depth/001010.png,16954
depth/001011.png,16768
depth/001012.png,16644
depth/001013.png,16395
depth/001014.png,16252
depth/001015.png,16149
depth/001016.png,15718
depth/001017.png,15578
depth/001018.png,15735
depth/001019.png,16061
depth/001020.png,15958
depth/001021.png,16972
depth/001022.png,17177
depth/001023.png,17769
depth/001024.png,17471
depth/001025.png,17473
depth/001026.png,17413
depth/001027.png,17956
depth/001028.png,17858
depth/001029.png,17723
depth/001030.png,18361
depth/001031.png,17596
depth/001032.png,17782
depth/001033.png,18740
depth/001034.png,18286
depth/001035.png,18131
depth/001036.png,17246
depth/001037.png,16915
depth/001038.png,17026
depth/001039.png,16911
depth/001040.png,16236
depth/001041.png,16049
depth/001042.png,15744
depth/001043.png,15187
depth/001044.png,15007
depth/001045.png,15505
depth/001046.png,15926
depth/001047.png,16992
depth/001048.png,17222
depth/001049.png,17672
depth/001050.png,19165
depth/001051.png,19248
depth/001052.png,18691
depth/001053.png,19015
depth/001054.png,18760
depth/001055.png,18613
depth/001056.png,18895
depth/001057.png,19162
depth/001058.png,18993
depth/001059.png,18928
depth/001060.png,19404
depth/001061.png,18587
depth/001062.png,19619
depth/001063.png,19688
depth/001064.png,19859
depth/001065.png,20585
depth/001066.png,21159
depth/001067.png,21345
depth/001068.png,21852
depth/001069.png,22316
depth/001070.png,22215
depth/001071.png,22613
depth/001072.png,23288
depth/001073.png,23814
depth/001074.png,23476
depth/001075.png,23768
depth/001076.png,24545
depth/001077.png,24759
depth/001078.png,25520
depth/001079.png,26388
depth/001080.png,25797
depth/001081.png,25701
depth/001082.png,25565
depth/001083.png,26103
depth/001084.png,25924
depth/001085.png,25945
depth/001086.png,25405
depth/001087.png,25801
depth/001088.png,25202
depth/001089.png,25111
depth/001090.png,24760
depth/001091.png,24731
depth/001092.png,24597
depth/001093.png,24679
depth/001094.png,24486
depth/001095.png,23992
depth/001096.png,24327
depth/001097.png,23978
depth/001098.png,24253
depth/001099.png,23774
depth/001100.png,23564
depth/001101.png,22859
depth/001102.png,23511
depth/001103.png,23372
depth/001104.png,22623
depth/001105.png,22284
depth/001106.png,22325
depth/001107.png,22034
depth/001108.png,21151
depth/001109.png,21747
depth/001110.png,21392
depth/001111.png,21318
depth/001112.png,20878
depth/001113.png,21537
depth/001114.png,21328
depth/001115.png,21267
depth/001116.png,20546
depth/001117.png,20652
depth/001118.png,20844
depth/001119.png,20557
depth/001120.png,20431
depth/001121.png,20217
depth/001122.png,20537
depth/001123.png,20438
depth/001124.png,20523
depth/001125.png,20232
depth/001126.png,20125
depth/001127.png,20006
depth/001128.png,19918
depth/001129.png,20100
depth/001130.png,19826
depth/001131.png,19461
depth/001132.png,19329
depth/001133.png,19467
depth/001134.png,19465
depth/001135.png,19354
depth/001136.png,19299
depth/001137.png,18967
depth/001138.png,18700
depth/001139.png,18390
depth/001140.png,18107
depth/001141.png,17831
depth/001142.png,17785
depth/001143.png,17402
depth/001144.png,17332
depth/001145.png,16856
depth/001146.png,16768
depth/001147.png,16357
depth/001148.png,15976
depth/001149.png,15250
depth/001150.png,14598
depth/001151.png,13725
depth/001152.png,13482
depth/001153.png,13165
depth/001154.png,12463
depth/001155.png,12886
depth/001156.png,12880
depth/001157.png,12884
depth/001158.png,12713
depth/001159.png,12684
depth/001160.png,12653
depth/001161.png,12388
depth/001162.png,12508
depth/001163.png,12470
depth/001164.png,12030
depth/001165.png,11597
depth/001166.png,11541
depth/001167.png,11442
depth/001168.png,11333
depth/001169.png,11470
depth/001170.png,12141
depth/001171.png,12469
depth/001172.png,13181
depth/001173.png,13335
depth/001174.png,13062
depth/001175.png,13236
depth/001176.png,13640
depth/001177.png,13917
depth/001178.png,14067
depth/001179.png,14656
depth/001180.png,14980
depth/001181.png,15240
depth/001182.png,15940
depth/001183.png,16121
depth/001184.png,16406
depth/001185.png,16992
depth/001186.png,17148
depth/001187.png,17345
depth/001188.png,17486
depth/001189.png,17964
depth/001190.png,18071
depth/001191.png,18423
depth/001192.png,18606
depth/001193.png,18680
depth/001194.png,18809
depth/001195.png,18816
depth/001196.png,18579
depth/001197.png,18446
depth/001198.png,18166
depth/001199.png,18055
depth/001200.png,17988
depth/001201.png,17965
depth/001202.png,17739
depth/001203.png,17405
depth/001204.png,17415
depth/001205.png,17251
depth/001206.png,17084
depth/001207.png,17034
depth/001208.png,16841
depth/001209.png,16911
depth/001210.png,16846
depth/001211.png,16783
depth/001212.png,16806
depth/001213.png,16772
depth/001214.png,16747
depth/001215.png,16784
depth/001216.png,17042
depth/001217.png,16922
depth/001218.png,17033
depth/001219.png,17198
depth/001220.png,17190
depth/001221.png,17053
depth/001222.png,17281
depth/001223.png,17305
depth/001224.png,17440
depth/001225.png,17349
depth/001226.png,18121
depth/001227.png,17807
depth/001228.png,18076
depth/001229.png,18265
depth/001230.png,18126
depth/001231.png,18131
depth/001232.png,17911
depth/001233.png,18162
depth/001234.png,17791
depth/001235.png,17786
depth/001236.png,17283
depth/001237.png,17377
depth/001238.png,17039
depth/001239.png,17641
depth/001240.png,17672
depth/001241.png,17528
depth/001242.png,17221
depth/001243.png,17154
depth/001244.png,17005
depth/001245.png,17390
depth/001246.png,17593
depth/001247.png,17919
depth/001248.png,18035
depth/001249.png,18213
depth/001250.png,18303
depth/001251.png,17996
depth/001252.png,17863
depth/001253.png,18149
depth/001254.png,18145
depth/001255.png,18144
depth/001256.png,18239
depth/001257.png,18345
depth/001258.png,18345
depth/001259.png,18848
depth/001260.png,19051
depth/001261.png,19111
depth/001262.png,18853
depth/001263.png,18762
depth/001264.png,18671
depth/001265.png,18498
depth/001266.png,18151
depth/001267.png,18278
depth/001268.png,18208
depth/001269.png,17917
depth/001270.png,17799
depth/001271.png,17856
depth/001272.png,17587
depth/001273.png,17530
depth/001274.png,17437
depth/001275.png,17412
depth/001276.png,17276
depth/001277.png,17178
depth/001278.png,17305
depth/001279.png,16991
depth/001280.png,16784
depth/001281.png,16782
depth/001282.png,17194
depth/001283.png,16879
depth/001284.png,16860
depth/001285.png,16940
depth/001286.png,16718
depth/001287.png,16742
depth/001288.png,16769
depth/001289.png,16972
depth/001290.png,16877
depth/001291.png,16698
depth/001292.png,16687
depth/001293.png,16748
depth/001294.png,16626
depth/001295.png,16622
depth/001296.png,16521
depth/001297.png,16497
depth/001298.png,16550
depth/001299.png,16516
depth/001300.png,16479
depth/001301.png,16356
depth/001302.png,16394
depth/001303.png,16262
depth/001304.png,16410
depth/001305.png,16403
depth/001306.png,16309
depth/001307.png,16060
depth/001308.png,16432
depth/001309.png,16756
depth/001310.png,16724
depth/001311.png,16833
depth/001312.png,16772
depth/001313.png,16790
depth/001314.png,16908
depth/001315.png,16819
depth/001316.png,16860
depth/001317.png,16942
depth/001318.png,17305
depth/001319.png,16913
depth/001320.png,17004
depth/001321.png,17161
depth/001322.png,17272
depth/001323.png,17374
depth/001324.png,17295
depth/001325.png,17288
depth/001326.png,17325
depth/001327.png,17506
depth/001328.png,17349
depth/001329.png,17310
depth/001330.png,17148
depth/001331.png,17261
depth/001332.png,17177
depth/001333.png,17281
depth/001334.png,17150
depth/001335.png,17023
depth/001336.png,16879
depth/001337.png,16747
depth/001338.png,16751
depth/001339.png,16962
depth/001340.png,16729
depth/001341.png,16991
depth/001342.png,16896
depth/001343.png,16900
depth/001344.png,17027
depth/001345.png,16972
depth/001346.png,16944
depth/001347.png,16957
depth/001348.png,16907
depth/001349.png,16997
depth/001350.png,17210
depth/001351.png,17301
depth/001352.png,17527
depth/001353.png,17465
depth/001354.png,17505
depth/001355.png,17599
depth/001356.png,17624
depth/001357.png,17623
depth/001358.png,17684
depth/001359.png,17663
depth/001360.png,17629
depth/001361.png,17739
depth/001362.png,17715
depth/001363.png,17863
depth/001364.png,17770
depth/001365.png,17900
depth/001366.png,17976
depth/001367.png,17814
depth/001368.png,18042
depth/001369.png,18113
depth/001370.png,18236
depth/001371.png,18117
depth/001372.png,18088
depth/001373.png,18011
depth/001374.png,17946
depth/001375.png,17871
depth/001376.png,17600
depth/001377.png,17430
depth/001378.png,17467
depth/001379.png,17073
depth/001380.png,17125
depth/001381.png,16857
depth/001382.png,16907
depth/001383.png,16919
depth/001384.png,16918
depth/001385.png,17108
depth/001386.png,17170
depth/001387.png,17362
depth/001388.png,17472
depth/001389.png,17416
depth/001390.png,17467
depth/001391.png,17532
depth/001392.png,17586
depth/001393.png,17848
depth/001394.png,17807
depth/001395.png,17892
depth/001396.png,17945
depth/001397.png,18134
depth/001398.png,18036
depth/001399.png,18416
depth/001400.png,18618
depth/001401.png,18429
depth/001402.png,18532
depth/001403.png,19012
depth/001404.png,19127
depth/001405.png,18893
depth/001406.png,19743
depth/001407.png,19980
depth/001408.png,20265
depth/001409.png,20490
depth/001410.png,20976
depth/001411.png,20981
depth/001412.png,21427
depth/001413.png,21692
depth/001414.png,22171
depth/001415.png,22043
depth/001416.png,22084
depth/001417.png,22347
depth/001418.png,22379
depth/001419.png,22300
depth/001420.png,22130
depth/001421.png,22118
depth/001422.png,22319
depth/001423.png,22143
depth/001424.png,22325
depth/001425.png,22142
depth/001426.png,22360
depth/001427.png,22517
depth/001428.png,22678
depth/001429.png,22879
depth/001430.png,22704
depth/001431.png,22983
depth/001432.png,22886
depth/001433.png,23294
depth/001434.png,22894
depth/001435.png,22692
depth/001436.png,23212
depth/001437.png,22411
depth/001438.png,22477
depth/001439.png,22623
depth/001440.png,22801
depth/001441.png,23240
depth/001442.png,22907
depth/001443.png,21976
depth/001444.png,22076
depth/001445.png,22517
depth/001446.png,22653
depth/001447.png,22380
depth/001448.png,22169
depth/001449.png,22267
depth/001450.png,22539
depth/001451.png,22699
depth/001452.png,22613
depth/001453.png,22409
depth/001454.png,22009
depth/001455.png,21906
depth/001456.png,22075
depth/001457.png,22212
depth/001458.png,22306
depth/001459.png,22422
depth/001460.png,22431
depth/001461.png,21881
depth/001462.png,21533
depth/001463.png,21615
depth/001464.png,22284
depth/001465.png,21977
depth/001466.png,21968
depth/001467.png,20467
depth/001468.png,21472
depth/001469.png,21145
depth/001470.png,20642
depth/001471.png,19899
depth/001472.png,19428
depth/001473.png,18263
depth/001474.png,17459
depth/001475.png,17291
depth/001476.png,16593
depth/001477.png,16509
depth/001478.png,16527
depth/001479.png,16435
depth/001480.png,16596
depth/001481.png,16664
depth/001482.png,17016
depth/001483.png,17829
depth/001484.png,18047
depth/001485.png,18596
depth/001486.png,18696
depth/001487.png,19245
depth/001488.png,19387
depth/001489.png,19682
depth/001490.png,19953
depth/001491.png,20436
depth/001492.png,19628
depth/001493.png,19858
depth/001494.png,20110
depth/001495.png,20036
depth/001496.png,20064
depth/001497.png,20120
depth/001498.png,20587
depth/001499.png,20707
depth/001500.png,21609
depth/001501.png,21674
depth/001502.png,21999
depth/001503.png,21972
depth/001504.png,22215
depth/001505.png,22459
depth/001506.png,22722
depth/001507.png,23094
depth/001508.png,23316
depth/001509.png,23327
depth/001510.png,23908
depth/001511.png,23918
depth/001512.png,24245
depth/001513.png,24524
depth/001514.png,24673
depth/001515.png,25149
depth/001516.png,24968
depth/001517.png,25617
depth/001518.png,25989
depth/001519.png,26595
depth/001520.png,27167
depth/001521.png,27744
depth/001522.png,27299
depth/001523.png,27457
depth/001524.png,27907
depth/001525.png,27998
depth/001526.png,28042
depth/001527.png,28633
depth/001528.png,28833
depth/001529.png,28570
depth/001530.png,28607
depth/001531.png,28591
depth/001532.png,28350
depth/001533.png,28202
depth/001534.png,28563
depth/001535.png,28061
depth/001536.png,28349
depth/001537.png,27734
depth/001538.png,27536
depth/001539.png,27034
depth/001540.png,26820
depth/001541.png,26176
depth/001542.png,26502
depth/001543.png,26359
depth/001544.png,26344
depth/001545.png,26442
depth/001546.png,26128
depth/001547.png,26635
depth/001548.png,26133
depth/001549.png,25794
depth/001550.png,25362
depth/001551.png,25043
depth/001552.png,24836
depth/001553.png,24838
depth/001554.png,24597
depth/001555.png,24388
depth/001556.png,24211
depth/001557.png,24274
depth/001558.png,24554
depth/001559.png,24350
depth/001560.png,24220
depth/001561.png,23743
depth/001562.png,23013
depth/001563.png,23439
depth/001564.png,23268
depth/001565.png,23069
depth/001566.png,22362
depth/001567.png,22167
depth/001568.png,22055
depth/001569.png,21557
depth/001570.png,21775
depth/001571.png,21944
depth/001572.png,22120
depth/001573.png,21325
depth/001574.png,21284
depth/001575.png,21330
depth/001576.png,22122
depth/001577.png,22237
depth/001578.png,21678
depth/001579.png,21318
depth/001580.png,21254
depth/001581.png,21287
depth/001582.png,21261
depth/001583.png,21269
depth/001584.png,21160
depth/001585.png,21201
depth/001586.png,20843
depth/001587.png,21972
depth/001588.png,21854
depth/001589.png,22073
depth/001590.png,21796
depth/001591.png,22313
depth/001592.png,22685
depth/001593.png,23674
depth/001594.png,23784
depth/001595.png,23404
depth/001596.png,24290
depth/001597.png,23324
depth/001598.png,22902
depth/001599.png,23009
depth/001600.png,22997
depth/001601.png,22636
depth/001602.png,22900
depth/001603.png,22927
depth/001604.png,22907
depth/001605.png,22724
depth/001606.png,23680
depth/001607.png,23135
depth/001608.png,22834
depth/001609.png,23144
depth/001610.png,22700
depth/001611.png,22724
depth/001612.png,22610
depth/001613.png,23017
depth/001614.png,22407
depth/001615.png,21990
depth/001616.png,22103
depth/001617.png,22034
depth/001618.png,21684
depth/001619.png,21506
depth/001620.png,21314
depth/001621.png,21607
depth/001622.png,21123
depth/001623.png,21155
depth/001624.png,20829
depth/001625.png,20755
depth/001626.png,20206
depth/001627.png,19986
depth/001628.png,20034
depth/001629.png,19811
depth/001630.png,19657
depth/001631.png,19683
depth/001632.png,19454
depth/001633.png,19500
depth/001634.png,19619
depth/001635.png,19574
depth/001636.png,19458
depth/001637.png,19482
depth/001638.png,19629
depth/001639.png,19964
depth/001640.png,19838
depth/001641.png,20143
depth/001642.png,19975
depth/001643.png,19572
depth/001644.png,19709
depth/001645.png,19931
depth/001646.png,19753
depth/001647.png,19866
depth/001648.png,20039
depth/001649.png,19833
depth/001650.png,20021
depth/001651.png,19804
depth/001652.png,20287
depth/001653.png,20108
depth/001654.png,20016
depth/001655.png,19984
depth/001656.png,19919
depth/001657.png,19700
depth/001658.png,19510
depth/001659.png,19934
depth/001660.png,19524
depth/001661.png,19677
depth/001662.png,19545
depth/001663.png,19451
depth/001664.png,19413
depth/001665.png,19571
depth/001666.png,19740
depth/001667.png,19779
depth/001668.png,20096
depth/001669.png,19731
depth/001670.png,19802
depth/001671.png,20134
depth/001672.png,19820
depth/001673.png,19676
depth/001674.png,20175
depth/001675.png,19860
depth/001676.png,19921
depth/001677.png,19643
depth/001678.png,19603
depth/001679.png,19454
depth/001680.png,19643
depth/001681.png,19437
depth/001682.png,19706
depth/001683.png,19502
depth/001684.png,19391
depth/001685.png,19798
depth/001686.png,19303
depth/001687.png,19134
depth/001688.png,19302
depth/001689.png,19068
depth/001690.png,19123
depth/001691.png,19101
depth/001692.png,18936
depth/001693.png,19118
depth/001694.png,19237
depth/001695.png,19249
depth/001696.png,19247
depth/001697.png,19145
depth/001698.png,19185
depth/001699.png,19061
depth/001700.png,19437
depth/001701.png,19484
depth/001702.png,19278
depth/001703.png,19116
depth/001704.png,19176
depth/001705.png,19452
depth/001706.png,19283
depth/001707.png,19496
depth/001708.png,19595
depth/001709.png,19558
depth/001710.png,19357
depth/001711.png,19433
depth/001712.png,19299
depth/001713.png,19485
depth/001714.png,19480
depth/001715.png,19698
depth/001716.png,19506
depth/001717.png,19775
depth/001718.png,19536
depth/001719.png,20032
depth/001720.png,19865
depth/001721.png,20094
depth/001722.png,19847
depth/001723.png,19848
depth/001724.png,20119
depth/001725.png,20078
depth/001726.png,20275
depth/001727.png,20165
depth/001728.png,20109
depth/001729.png,20398
depth/001730.png,20273
depth/001731.png,20340
depth/001732.png,20674
depth/001733.png,20331
depth/001734.png,20739
depth/001735.png,20132
depth/001736.png,19833
depth/001737.png,19919
depth/001738.png,20086
depth/001739.png,20298
depth/001740.png,20079
depth/001741.png,20324
depth/001742.png,19917
depth/001743.png,20120
depth/001744.png,20224
depth/001745.png,19742
depth/001746.png,19180
depth/001747.png,19251
depth/001748.png,19329
depth/001749.png,18991
depth/001750.png,19095
depth/001751.png,19193
depth/001752.png,19928
depth/001753.png,19138
depth/001754.png,18534
depth/001755.png,18422
depth/001756.png,18396
depth/001757.png,18597
depth/001758.png,18949
depth/001759.png,18732
depth/001760.png,18810
depth/001761.png,17497
depth/001762.png,17446
depth/001763.png,17327
depth/001764.png,17409
depth/001765.png,17183
depth/001766.png,17518
depth/001767.png,17500
depth/001768.png,17835
depth/001769.png,17358
depth/001770.png,17911
depth/001771.png,17938
depth/001772.png,17023
depth/001773.png,17182
depth/001774.png,16891
depth/001775.png,17138
depth/001776.png,17106
depth/001777.png,17462
depth/001778.png,17294
depth/001779.png,17907
depth/001780.png,18170
depth/001781.png,18165
depth/001782.png,17933
depth/001783.png,17207
depth/001784.png,17324
depth/001785.png,17383
depth/001786.png,16505
depth/001787.png,16794
depth/001788.png,16917
depth/001789.png,17462
depth/001790.png,17162
depth/001791.png,16606
depth/001792.png,17229
depth/001793.png,16294
depth/001794.png,17306
depth/001795.png,17065
depth/001796.png,16591
depth/001797.png,16821
depth/001798.png,16035
depth/001799.png,16174
depth/001800.png,16752
depth/001801.png,16649
depth/001802.png,16239
depth/001803.png,16541
depth/001804.png,16436
depth/001805.png,15987
depth/001806.png,16194
depth/001807.png,16210
depth/001808.png,15886
depth/001809.png,15613
depth/001810.png,15728
depth/001811.png,15932
depth/001812.png,16085
depth/001813.png,15635
depth/001814.png,16235
depth/001815.png,15965
depth/001816.png,15591
depth/001817.png,16000
depth/001818.png,15839
depth/001819.png,15557
depth/001820.png,15516
depth/001821.png,15591
depth/001822.png,15513
depth/001823.png,15195
depth/001824.png,15335
depth/001825.png,15424
depth/001826.png,15257
depth/001827.png,15091
depth/001828.png,15433
depth/001829.png,15527
depth/001830.png,15192
depth/001831.png,15242
depth/001832.png,15390
depth/001833.png,15190
depth/001834.png,15112
depth/001835.png,15007
depth/001836.png,15389
depth/001837.png,15333
depth/001838.png,15534
depth/001839.png,15595
depth/001840.png,15931
depth/001841.png,16183
depth/001842.png,16415
depth/001843.png,16540
depth/001844.png,16623
depth/001845.png,16506
depth/001846.png,16648
depth/001847.png,16463
depth/001848.png,16721
depth/001849.png,16707
depth/001850.png,16766
depth/001851.png,16720
depth/001852.png,16685
depth/001853.png,16179
depth/001854.png,16539
depth/001855.png,16317
depth/001856.png,16656
depth/001857.png,16576
depth/001858.png,16735
depth/001859.png,16702
depth/001860.png,16760
depth/001861.png,16463
depth/001862.png,16374
depth/001863.png,16524
depth/001864.png,16245
depth/001865.png,16084
depth/001866.png,16377
depth/001867.png,16922
depth/001868.png,17104
depth/001869.png,17104
depth/001870.png,17055
depth/001871.png,16808
depth/001872.png,16696
depth/001873.png,16635
depth/001874.png,16960
depth/001875.png,16671
depth/001876.png,16445
depth/001877.png,16522
depth/001878.png,16315
depth/001879.png,16692
depth/001880.png,16440
depth/001881.png,16602
depth/001882.png,16817
depth/001883.png,17481
depth/001884.png,17171
depth/001885.png,17238
depth/001886.png,17599
depth/001887.png,17742
depth/001888.png,17794
depth/001889.png,17668
depth/001890.png,17873
depth/001891.png,17768
depth/001892.png,17878
depth/001893.png,17845
depth/001894.png,17581
depth/001895.png,17566
depth/001896.png,17502
depth/001897.png,17375
depth/001898.png,17518
depth/001899.png,17445
depth/001900.png,17435
depth/001901.png,17340
depth/001902.png,17485
depth/001903.png,17247
depth/001904.png,17402
depth/001905.png,17467
depth/001906.png,17299
depth/001907.png,17436
depth/001908.png,17263
depth/001909.png,17493
depth/001910.png,17253
depth/001911.png,17358
depth/001912.png,17380
depth/001913.png,17812
depth/001914.png,17796
depth/001915.png,17817
depth/001916.png,17802
depth/001917.png,18550
depth/001918.png,18131
depth/001919.png,18944
depth/001920.png,19006
depth/001921.png,19520
depth/001922.png,19461
depth/001923.png,20009
depth/001924.png,19949
depth/001925.png,20283
depth/001926.png,20367
depth/001927.png,20959
depth/001928.png,21244
depth/001929.png,21558
depth/001930.png,21921
depth/001931.png,21444
depth/001932.png,21426
depth/001933.png,20823
depth/001934.png,20679
depth/001935.png,20105
depth/001936.png,19992
depth/001937.png,20181
depth/001938.png,19824
depth/001939.png,18579
depth/001940.png,18791
depth/001941.png,19004
depth/001942.png,17976
depth/001943.png,18012
depth/001944.png,17897
depth/001945.png,16952
depth/001946.png,15881
depth/001947.png,15247
depth/001948.png,14267
depth/001949.png,13449
depth/001950.png,13154
depth/001951.png,13125
depth/001952.png,12721
depth/001953.png,11825
depth/001954.png,11887
depth/001955.png,11815
depth/001956.png,10399
depth/001957.png,10798
depth/001958.png,9831
depth/001959.png,10398
depth/001960.png,12060
depth/001961.png,11992
depth/001962.png,12500
depth/001963.png,12521
depth/001964.png,13219
depth/001965.png,14115
depth/001966.png,14373
depth/001967.png,14334
depth/001968.png,14790
depth/001969.png,14499
depth/001970.png,13227
depth/001971.png,13302
depth/001972.png,13946
depth/001973.png,15584
depth/001974.png,16737
depth/001975.png,18598
depth/001976.png,18125
depth/001977.png,18145
depth/001978.png,18279
depth/001979.png,17877
depth/001980.png,18323
depth/001981.png,18504
depth/001982.png,19612
depth/001983.png,19954
depth/001984.png,20105
depth/001985.png,21916
depth/001986.png,22092
depth/001987.png,22095
depth/001988.png,21722
depth/001989.png,21662
depth/001990.png,21592
depth/001991.png,21681
depth/001992.png,20868
depth/001993.png,20946
depth/001994.png,20709
depth/001995.png,20520
depth/001996.png,20554
depth/001997.png,20652
depth/001998.png,20190
depth/001999.png,20305
depth/002000.png,20273
depth/002001.png,19990
depth/002002.png,19681
depth/002003.png,19568
depth/002004.png,20021
depth/002005.png,19713
depth/002006.png,19784
depth/002007.png,19988
depth/002008.png,20132
depth/002009.png,20238
depth/002010.png,19976
depth/002011.png,19740
depth/002012.png,19814
depth/002013.png,20102
depth/002014.png,20198
depth/002015.png,20072
depth/002016.png,20057
depth/002017.png,19842
depth/002018.png,20231
depth/002019.png,20072
depth/002020.png,20059
depth/002021.png,19988
depth/002022.png,20374
depth/002023.png,20000
depth/002024.png,20070
depth/002025.png,19988
depth/002026.png,19082
depth/002027.png,19165
depth/002028.png,18896
depth/002029.png,18731
depth/002030.png,18575
depth/002031.png,18671
depth/002032.png,18624
depth/002033.png,20119
depth/002034.png,20439
depth/002035.png,20706
depth/002036.png,21274
depth/002037.png,22448
depth/002038.png,22822
depth/002039.png,23150
depth/002040.png,23401
depth/002041.png,23340
depth/002042.png,24037
depth/002043.png,24064
depth/002044.png,24655
depth/002045.png,25304
depth/002046.png,25411
depth/002047.png,25998
depth/002048.png,25809
depth/002049.png,25862
depth/002050.png,26175
depth/002051.png,26077
depth/002052.png,26432
depth/002053.png,26473
depth/002054.png,26386
depth/002055.png,26495
depth/002056.png,26317
depth/002057.png,26205
depth/002058.png,26227
depth/002059.png,26313
depth/002060.png,26050
depth/002061.png,26247
depth/002062.png,26459
depth/002063.png,26454
depth/002064.png,26462
depth/002065.png,26435
depth/002066.png,26383
depth/002067.png,26305
depth/002068.png,26674
depth/002069.png,26515
depth/002070.png,26584
depth/002071.png,26535
depth/002072.png,26062
depth/002073.png,26231
depth/002074.png,26185
depth/002075.png,25985
depth/002076.png,25909
depth/002077.png,25922
depth/002078.png,25751
depth/002079.png,25631
depth/002080.png,25520
depth/002081.png,25604
depth/002082.png,25505
depth/002083.png,25232
depth/002084.png,25338
depth/002085.png,25378
depth/002086.png,25299
depth/002087.png,25155
depth/002088.png,25280
depth/002089.png,25054
depth/002090.png,25265
depth/002091.png,25200
depth/002092.png,25005
depth/002093.png,24739
depth/002094.png,24704
depth/002095.png,24937
depth/002096.png,24671
depth/002097.png,24674
depth/002098.png,24683
depth/002099.png,24638
depth/002100.png,24598
depth/002101.png,24534
depth/002102.png,24259
depth/002103.png,24188
depth/002104.png,23727
depth/002105.png,23899
depth/002106.png,23784
depth/002107.png,23403
depth/002108.png,23143
depth/002109.png,23018
depth/002110.png,23069
depth/002111.png,23011
depth/002112.png,23207
depth/002113.png,23275
depth/002114.png,23699
depth/002115.png,23543
depth/002116.png,23423
depth/002117.png,23529
depth/002118.png,23113
depth/002119.png,23316
depth/002120.png,23662
depth/002121.png,23399
depth/002122.png,23300
depth/002123.png,23104
depth/002124.png,23008
depth/002125.png,23038
depth/002126.png,22816
depth/002127.png,22738
depth/002128.png,22666
depth/002129.png,22593
depth/002130.png,22663
depth/002131.png,22717
depth/002132.png,22607
depth/002133.png,22445
depth/002134.png,22235
depth/002135.png,22244
depth/002136.png,22304
depth/002137.png,22455
depth/002138.png,22410
depth/002139.png,22500
depth/002140.png,22314
depth/002141.png,22206
depth/002142.png,22361
depth/002143.png,22299
depth/002144.png,22008
depth/002145.png,22350
depth/002146.png,22159
depth/002147.png,22363
depth/002148.png,22310
depth/002149.png,22332
depth/002150.png,22542
depth/002151.png,22283
depth/002152.png,22298
depth/002153.png,22648
depth/002154.png,22651
depth/002155.png,22694
depth/002156.png,22615
depth/002157.png,22525
depth/002158.png,22522
depth/002159.png,22666
depth/002160.png,22549
depth/002161.png,22318
depth/002162.png,22273
depth/002163.png,22423
depth/002164.png,22191
depth/002165.png,22180
depth/002166.png,22098
depth/002167.png,21918
depth/002168.png,21750
depth/002169.png,21782
depth/002170.png,21825
depth/002171.png,21512
depth/002172.png,21584
depth/002173.png,21518
depth/002174.png,21443
depth/002175.png,21558
depth/002176.png,21598
depth/002177.png,21706
depth/002178.png,21481
depth/002179.png,21376
depth/002180.png,21286
depth/002181.png,21177
depth/002182.png,20981
depth/002183.png,21002
depth/002184.png,20868
depth/002185.png,20869
depth/002186.png,20978
depth/002187.png,20952
depth/002188.png,20921
depth/002189.png,20836
depth/002190.png,20796
depth/002191.png,20679
depth/002192.png,20797
depth/002193.png,20647
depth/002194.png,20542
depth/002195.png,20378
depth/002196.png,20388
depth/002197.png,20246
depth/002198.png,20381
depth/002199.png,20126
depth/002200.png,20233
depth/002201.png,19971
depth/002202.png,19889
depth/002203.png,19651
depth/002204.png,19595
depth/002205.png,19454
depth/002206.png,19460
depth/002207.png,19213
depth/002208.png,19310
depth/002209.png,19251
depth/002210.png,19234
depth/002211.png,18949
depth/002212.png,18942
depth/002213.png,18923
depth/002214.png,18826
depth/002215.png,18604
depth/002216.png,18333
depth/002217.png,18468
depth/002218.png,18386
depth/002219.png,18201
depth/002220.png,18123
depth/002221.png,17826
depth/002222.png,18061
depth/002223.png,18279
depth/002224.png,18249
depth/002225.png,18159
depth/002226.png,18120
depth/002227.png,18074
depth/002228.png,18190
depth/002229.png,18064
depth/002230.png,18024
depth/002231.png,18083
depth/002232.png,18116
depth/002233.png,18197
depth/002234.png,18116
depth/002235.png,18025
depth/002236.png,18183
depth/002237.png,17896
depth/002238.png,17947
depth/002239.png,17898
depth/002240.png,17987
depth/002241.png,18035
depth/002242.png,17927
depth/002243.png,17990
depth/002244.png,17940
depth/002245.png,17880
depth/002246.png,17700
depth/002247.png,17440
depth/002248.png,17518
depth/002249.png,17423
depth/002250.png,17239
depth/002251.png,17311
depth/002252.png,16903
depth/002253.png,16742
depth/002254.png,16438
depth/002255.png,16312
depth/002256.png,15436
depth/002257.png,14746
depth/002258.png,14574
depth/002259.png,14335
depth/002260.png,13648
depth/002261.png,13072
depth/002262.png,12873
depth/002263.png,11648
depth/002264.png,10840
depth/002265.png,11233
depth/002266.png,10220
depth/002267.png,9959
depth/002268.png,10506
depth/002269.png,10358
depth/002270.png,10061
depth/002271.png,10263
depth/002272.png,9917
depth/002273.png,9569
depth/002274.png,9852
depth/002275.png,8866
depth/002276.png,8074
depth/002277.png,8290
depth/002278.png,7097
depth/002279.png,7654
depth/002280.png,9390
depth/002281.png,10691
depth/002282.png,9677
depth/002283.png,9719
depth/002284.png,10755
depth/002285.png,10482
depth/002286.png,10574
depth/002287.png,11340
depth/002288.png,12293
depth/002289.png,13096
depth/002290.png,13902
depth/002291.png,13766
depth/002292.png,13623
depth/002293.png,14094
depth/002294.png,15405
depth/002295.png,16173
depth/002296.png,16490
depth/002297.png,16637
depth/002298.png,17520
depth/002299.png,18943
depth/002300.png,19707
depth/002301.png,19338
depth/002302.png,19282
depth/002303.png,19578
depth/002304.png,19174
depth/002305.png,19088
depth/002306.png,19081
depth/002307.png,18926
depth/002308.png,18490
depth/002309.png,18678
depth/002310.png,18333
depth/002311.png,18480
depth/002312.png,18316
depth/002313.png,18596
depth/002314.png,18335
depth/002315.png,18329
depth/002316.png,18373
depth/002317.png,18833
depth/002318.png,18792
depth/002319.png,18896
depth/002320.png,19099
depth/002321.png,19166
depth/002322.png,19530
depth/002323.png,19975
depth/002324.png,19940
depth/002325.png,19403
depth/002326.png,19251
depth/002327.png,20406
depth/002328.png,20629
depth/002329.png,20592
depth/002330.png,20245
depth/002331.png,20904
depth/002332.png,20910
depth/002333.png,20684
depth/002334.png,20751
depth/002335.png,20764
depth/002336.png,20878
depth/002337.png,20791
depth/002338.png,20987
depth/002339.png,21068
depth/002340.png,21173
depth/002341.png,21258
depth/002342.png,21354
depth/002343.png,21468
depth/002344.png,21425
depth/002345.png,21494
depth/002346.png,21391
depth/002347.png,21550
depth/002348.png,21436
depth/002349.png,21572
depth/002350.png,21723
depth/002351.png,21564
depth/002352.png,21557
depth/002353.png,21210
depth/002354.png,21234
depth/002355.png,21197
depth/002356.png,21058
depth/002357.png,21158
depth/002358.png,21002
depth/002359.png,20994
depth/002360.png,21184
depth/002361.png,20694
depth/002362.png,20917
depth/002363.png,20832
depth/002364.png,20819
depth/002365.png,20915
depth/002366.png,20658
depth/002367.png,20800
depth/002368.png,20403
depth/002369.png,20550
depth/002370.png,20409
depth/002371.png,20165
depth/002372.png,19787
depth/002373.png,19873
depth/002374.png,19958
depth/002375.png,19899
depth/002376.png,19325
depth/002377.png,19278
depth/002378.png,19208
depth/002379.png,19075
depth/002380.png,19335
depth/002381.png,19355
depth/002382.png,19515
depth/002383.png,19489
depth/002384.png,20011
depth/002385.png,19841
depth/002386.png,20237
depth/002387.png,19660
depth/002388.png,19865
depth/002389.png,19817
depth/002390.png,19869
depth/002391.png,20162
depth/002392.png,20253
depth/002393.png,20329
depth/002394.png,20138
depth/002395.png,20013
depth/002396.png,20113
depth/002397.png,20165
depth/002398.png,20137
depth/002399.png,20004
depth/002400.png,19774
depth/002401.png,20092
depth/002402.png,20337
depth/002403.png,20217
depth/002404.png,20377
depth/002405.png,20443
depth/002406.png,20539
depth/002407.png,20543
depth/002408.png,20574
depth/002409.png,20857
depth/002410.png,21108
depth/002411.png,21220
depth/002412.png,21325
depth/002413.png,21220
depth/002414.png,21273
depth/002415.png,21412
depth/002416.png,21787
depth/002417.png,22087
depth/002418.png,22674
depth/002419.png,22492
depth/002420.png,22693
depth/002421.png,22834
depth/002422.png,22865
depth/002423.png,22931
depth/002424.png,22680
depth/002425.png,22311
depth/002426.png,21985
depth/002427.png,21534
depth/002428.png,21416
depth/002429.png,20769
depth/002430.png,20615
depth/002431.png,20789
depth/002432.png,20664
depth/002433.png,20741
depth/002434.png,20172
depth/002435.png,20742
depth/002436.png,20876
depth/002437.png,20524
depth/002438.png,20487
depth/002439.png,20198
depth/002440.png,20158
depth/002441.png,20066
depth/002442.png,20376
depth/002443.png,20379
depth/002444.png,20220
depth/002445.png,20135
depth/002446.png,19794
depth/002447.png,19848
depth/002448.png,19719
depth/002449.png,19538
depth/002450.png,19408
depth/002451.png,19137
depth/002452.png,19410
depth/002453.png,19130
depth/002454.png,19050
depth/002455.png,18889
depth/002456.png,18850
depth/002457.png,18988
depth/002458.png,18960
depth/002459.png,18990
depth/002460.png,19208
depth/002461.png,19012
depth/002462.png,19087
depth/002463.png,19363
depth/002464.png,19308
depth/002465.png,19366
depth/002466.png,19661
depth/002467.png,19818
depth/002468.png,20040
depth/002469.png,20025
depth/002470.png,20323
depth/002471.png,20435
depth/002472.png,20324
depth/002473.png,20160
depth/002474.png,20209
depth/002475.png,19886
depth/002476.png,19823
depth/002477.png,19590
depth/002478.png,19617
depth/002479.png,20050
depth/002480.png,19700
depth/002481.png,19774
depth/002482.png,19682
depth/002483.png,19175
depth/002484.png,18820
depth/002485.png,18447
depth/002486.png,18177
depth/002487.png,17597
depth/002488.png,17833
depth/002489.png,17238
depth/002490.png,16874
depth/002491.png,17028
depth/002492.png,16035
depth/002493.png,17060
depth/002494.png,17241
depth/002495.png,17969
depth/002496.png,18543
depth/002497.png,18040
depth/002498.png,18538
depth/002499.png,19108
depth/002500.png,19580
depth/002501.png,20060
depth/002502.png,19600
depth/002503.png,19509
depth/002504.png,20006
depth/002505.png,19482
depth/002506.png,19550
depth/002507.png,20530
depth/002508.png,20307
depth/002509.png,21260
depth/002510.png,20490
depth/002511.png,21224
depth/002512.png,21934
depth/002513.png,21837
depth/002514.png,22275
depth/002515.png,23438
depth/002516.png,24021
depth/002517.png,24496
depth/002518.png,26022
depth/002519.png,26095
depth/002520.png,25302
depth/002521.png,25643
depth/002522.png,25370
depth/002523.png,25140
depth/002524.png,25531
depth/002525.png,25374
depth/002526.png,25717
depth/002527.png,26390
depth/002528.png,26767
depth/002529.png,27146
depth/002530.png,27524
depth/002531.png,27722
depth/002532.png,27156
depth/002533.png,26974
depth/002534.png,27799
depth/002535.png,28261
depth/002536.png,27699
depth/002537.png,27825
depth/002538.png,27358
depth/002539.png,27255
depth/002540.png,28352
depth/002541.png,28072
depth/002542.png,27789
depth/002543.png,28181
depth/002544.png,28799
depth/002545.png,28275
depth/002546.png,28813
depth/002547.png,29372
depth/002548.png,28643
depth/002549.png,28613
depth/002550.png,28260
depth/002551.png,28647
depth/002552.png,29262
depth/002553.png,29197
depth/002554.png,29156
depth/002555.png,27949
depth/002556.png,29621
depth/002557.png,29728
depth/002558.png,29598
depth/002559.png,28797
depth/002560.png,27452
depth/002561.png,28778
depth/002562.png,29519
depth/002563.png,28894
depth/002564.png,28483
depth/002565.png,27666
depth/002566.png,26967
depth/002567.png,27799
depth/002568.png,27622
depth/002569.png,26707
depth/002570.png,28269
depth/002571.png,28175
depth/002572.png,27134
depth/002573.png,26138
depth/002574.png,26696
depth/002575.png,26451
depth/002576.png,26655
depth/002577.png,26878
depth/002578.png,27136
depth/002579.png,26706
depth/002580.png,27089
depth/002581.png,26611
depth/002582.png,27203
depth/002583.png,27266
depth/002584.png,26668
depth/002585.png,26551
depth/002586.png,25729
depth/002587.png,26668
depth/002588.png,26694
depth/002589.png,26796
depth/002590.png,25984
depth/002591.png,25815
depth/002592.png,26097
depth/002593.png,26630
depth/002594.png,26037
depth/002595.png,26297
depth/002596.png,25817
depth/002597.png,25391
depth/002598.png,22996
depth/002599.png,23128
depth/002600.png,23026
depth/002601.png,22750
depth/002602.png,22556
depth/002603.png,23386
depth/002604.png,22562
depth/002605.png,22012
depth/002606.png,21595
depth/002607.png,21439
depth/002608.png,20849
depth/002609.png,20644
depth/002610.png,20681
depth/002611.png,20273
depth/002612.png,20076
depth/002613.png,20298
depth/002614.png,20315
depth/002615.png,20077
depth/002616.png,19787
depth/002617.png,19683
depth/002618.png,19815
depth/002619.png,19801
depth/002620.png,19605
depth/002621.png,19763
depth/002622.png,19904
depth/002623.png,19860
depth/002624.png,19978
depth/002625.png,20160
depth/002626.png,20066
depth/002627.png,19974
depth/002628.png,20136
depth/002629.png,19998
depth/002630.png,20111
depth/002631.png,20229
depth/002632.png,20477
depth/002633.png,20561
depth/002634.png,20721
depth/002635.png,20801
depth/002636.png,21003
depth/002637.png,21120
depth/002638.png,21323
depth/002639.png,21220
depth/002640.png,21253
depth/002641.png,21404
depth/002642.png,21368
depth/002643.png,21524
depth/002644.png,21618
depth/002645.png,21485
depth/002646.png,21618
depth/002647.png,21610
depth/002648.png,22060
depth/002649.png,22013
depth/002650.png,21981
depth/002651.png,22220
depth/002652.png,22214
depth/002653.png,22490
depth/002654.png,22607
depth/002655.png,22676
depth/002656.png,22952
depth/002657.png,23014
depth/002658.png,23250
depth/002659.png,23652
depth/002660.png,24011
depth/002661.png,24170
depth/002662.png,23992
depth/002663.png,23717
depth/002664.png,23599
depth/002665.png,23728
depth/002666.png,24165
depth/002667.png,24446
depth/002668.png,23754
depth/002669.png,23853
depth/002670.png,23868
depth/002671.png,24494
depth/002672.png,24907
depth/002673.png,24387
depth/002674.png,25240
depth/002675.png,24682
depth/002676.png,23779
depth/002677.png,23870
depth/002678.png,23874
depth/002679.png,23865
depth/002680.png,23900
depth/002681.png,23735
depth/002682.png,24079
depth/002683.png,24046
depth/002684.png,24011
depth/002685.png,23894
depth/002686.png,23975
depth/002687.png,24144
depth/002688.png,24261
depth/002689.png,24460
depth/002690.png,24493
depth/002691.png,24479
depth/002692.png,24322
depth/002693.png,23899
depth/002694.png,23904
depth/002695.png,23889
depth/002696.png,23516
depth/002697.png,23018
depth/002698.png,23028
depth/002699.png,22924
depth/002700.png,22757
depth/002701.png,22705
depth/002702.png,21896
depth/002703.png,22068
depth/002704.png,21546
depth/002705.png,21607
depth/002706.png,21763
depth/002707.png,22028
depth/002708.png,21797
depth/002709.png,21329
depth/002710.png,21170
depth/002711.png,20949
depth/002712.png,20664
depth/002713.png,20698
depth/002714.png,20338
depth/002715.png,20162
depth/002716.png,19990
depth/002717.png,20116
depth/002718.png,19634
depth/002719.png,19657
depth/002720.png,19449
depth/002721.png,19267
depth/002722.png,19298
depth/002723.png,19659
depth/002724.png,19529
depth/002725.png,19311
depth/002726.png,19417
depth/002727.png,19173
depth/002728.png,19131
depth/002729.png,18976
depth/002730.png,19248
depth/002731.png,19230
depth/002732.png,18976
depth/002733.png,19336
depth/002734.png,18503
depth/002735.png,18504
depth/002736.png,18764
depth/002737.png,19376
depth/002738.png,19649
depth/002739.png,19684
depth/002740.png,19873
depth/002741.png,20360
depth/002742.png,20537
depth/002743.png,20665
depth/002744.png,20386
depth/002745.png,20422
depth/002746.png,20987
depth/002747.png,21221
depth/002748.png,20597
depth/002749.png,20499
depth/002750.png,20496
depth/002751.png,20458
depth/002752.png,20698
depth/002753.png,20786
depth/002754.png,21025
depth/002755.png,21021
depth/002756.png,21056
depth/002757.png,20830
depth/002758.png,20848
depth/002759.png,20566
depth/002760.png,20412
depth/002761.png,20639
depth/002762.png,20487
depth/002763.png,19939
depth/002764.png,20207
depth/002765.png,20137
depth/002766.png,20130
depth/002767.png,19780
depth/002768.png,19697
depth/002769.png,19299
depth/002770.png,19265
depth/002771.png,19358
depth/002772.png,19111
depth/002773.png,19074
depth/002774.png,18826
depth/002775.png,19160
depth/002776.png,18908
depth/002777.png,18369
depth/002778.png,17898
depth/002779.png,17843
depth/002780.png,17663
depth/002781.png,17683
depth/002782.png,17751
depth/002783.png,17636
depth/002784.png,17465
depth/002785.png,17320
depth/002786.png,16945
depth/002787.png,16945
depth/002788.png,16787
depth/002789.png,17121
depth/002790.png,16961
depth/002791.png,16949
depth/002792.png,16612
depth/002793.png,16421
depth/002794.png,16593
depth/002795.png,16481
depth/002796.png,16606
depth/002797.png,16570
depth/002798.png,16600
depth/002799.png,16504
depth/002800.png,16515
depth/002801.png,16295
depth/002802.png,15831
depth/002803.png,15939
depth/002804.png,16074
depth/002805.png,15878
depth/002806.png,16172
depth/002807.png,16329
depth/002808.png,16051
depth/002809.png,16233
depth/002810.png,15936
depth/002811.png,16537
depth/002812.png,16537
depth/002813.png,16472
depth/002814.png,16835
depth/002815.png,17041
depth/002816.png,16952
depth/002817.png,17568
depth/002818.png,17345
depth/002819.png,17173
depth/002820.png,17336
depth/002821.png,17885
depth/002822.png,18068
depth/002823.png,18073
depth/002824.png,17928
depth/002825.png,17810
depth/002826.png,17831
depth/002827.png,17691
depth/002828.png,18390
depth/002829.png,17453
depth/002830.png,18797
depth/002831.png,18516
depth/002832.png,19385
depth/002833.png,18891
depth/002834.png,18630
depth/002835.png,18564
depth/002836.png,18284
depth/002837.png,19404
depth/002838.png,19381
depth/002839.png,19171
depth/002840.png,19146
depth/002841.png,19478
depth/002842.png,19176
depth/002843.png,19489
depth/002844.png,19319
depth/002845.png,19271
depth/002846.png,19001
depth/002847.png,19496
depth/002848.png,19075
depth/002849.png,19225
depth/002850.png,19351
depth/002851.png,18877
depth/002852.png,18684
depth/002853.png,18865
depth/002854.png,18418
depth/002855.png,18003
depth/002856.png,17785
depth/002857.png,17476
depth/002858.png,16697
depth/002859.png,16757
depth/002860.png,15936
depth/002861.png,15245
depth/002862.png,15162
depth/002863.png,13854
depth/002864.png,13517
depth/002865.png,12906
depth/002866.png,12254
depth/002867.png,11761
depth/002868.png,11734
depth/002869.png,11531
depth/002870.png,11354
depth/002871.png,11483
depth/002872.png,10968
depth/002873.png,10925
depth/002874.png,11253
depth/002875.png,11602
depth/002876.png,11459
depth/002877.png,11814
depth/002878.png,12538
depth/002879.png,12336
depth/002880.png,15471
depth/002881.png,15556
depth/002882.png,15332
depth/002883.png,17029
depth/002884.png,18085
depth/002885.png,18052
depth/002886.png,18710
depth/002887.png,19231
depth/002888.png,18911
depth/002889.png,20984
depth/002890.png,21579
depth/002891.png,21948
depth/002892.png,20748
depth/002893.png,19739
depth/002894.png,22512
depth/002895.png,21104
depth/002896.png,19692
depth/002897.png,19083
depth/002898.png,18683
depth/002899.png,17970
depth/002900.png,19092
depth/002901.png,19154
depth/002902.png,19480
depth/002903.png,19090
depth/002904.png,19518
depth/002905.png,19111
depth/002906.png,19458
depth/002907.png,19383
depth/002908.png,19090
depth/002909.png,19617
depth/002910.png,20288
depth/002911.png,20608
depth/002912.png,20839
depth/002913.png,21290
depth/002914.png,21886
depth/002915.png,22459
depth/002916.png,23363
depth/002917.png,23569
depth/002918.png,22646
depth/002919.png,23063
depth/002920.png,22744
depth/002921.png,23063
depth/002922.png,22039
depth/002923.png,23729
depth/002924.png,23509
depth/002925.png,22883
depth/002926.png,21989
depth/002927.png,22701
depth/002928.png,21525
depth/002929.png,21400
depth/002930.png,21792
depth/002931.png,22030
depth/002932.png,22075
depth/002933.png,22403
depth/002934.png,21617
depth/002935.png,21163
depth/002936.png,20059
depth/002937.png,20854
depth/002938.png,21315
depth/002939.png,21149
depth/002940.png,20331
depth/002941.png,20126
depth/002942.png,19918
depth/002943.png,19223
depth/002944.png,19376
depth/002945.png,18529
depth/002946.png,19621
depth/002947.png,19042
depth/002948.png,18561
depth/002949.png,18223
depth/002950.png,18424
depth/002951.png,18116
depth/002952.png,17768
depth/002953.png,17461
depth/002954.png,17082
depth/002955.png,17032
depth/002956.png,16526
depth/002957.png,16295
depth/002958.png,16065
depth/002959.png,16135
depth/002960.png,16105
depth/002961.png,15933
depth/002962.png,15770
depth/002963.png,15471
depth/002964.png,15226
depth/002965.png,15143
depth/002966.png,15022
depth/002967.png,14548
depth/002968.png,14548
depth/002969.png,14021
depth/002970.png,13677
depth/002971.png,13312
depth/002972.png,12962
depth/002973.png,12740
depth/002974.png,14724
depth/002975.png,15252
depth/002976.png,14357
depth/002977.png,17349
depth/002978.png,21822
depth/002979.png,22702
depth/002980.png,22809
depth/002981.png,23197
depth/002982.png,24231
depth/002983.png,25407
depth/002984.png,28829
depth/002985.png,29471
depth/002986.png,29924
depth/002987.png,29765
depth/002988.png,30139
depth/002989.png,30061
depth/002990.png,29448
depth/002991.png,28644
depth/002992.png,29282
depth/002993.png,28722
depth/002994.png,27858
depth/002995.png,27574
depth/002996.png,25347
depth/002997.png,25486
depth/002998.png,25277
depth/002999.png,25619
depth/003000.png,25600
depth/003001.png,24838
depth/003002.png,24645
depth/003003.png,24300
depth/003004.png,23950
depth/003005.png,23472
depth/003006.png,22603
depth/003007.png,22176
depth/003008.png,21395
depth/003009.png,20954
depth/003010.png,20406
depth/003011.png,19354
depth/003012.png,19130
depth/003013.png,18205
depth/003014.png,18433
depth/003015.png,17887
depth/003016.png,17465
depth/003017.png,17114
depth/003018.png,17108
depth/003019.png,16679
depth/003020.png,16147
depth/003021.png,15886
depth/003022.png,15535
depth/003023.png,15319
depth/003024.png,15091
depth/003025.png,15346
depth/003026.png,15108
depth/003027.png,15588
depth/003028.png,15320
depth/003029.png,15515
depth/003030.png,16043
depth/003031.png,16105
depth/003032.png,16452
depth/003033.png,16748
depth/003034.png,17012
depth/003035.png,17179
depth/003036.png,17379
depth/003037.png,17874
depth/003038.png,17718
depth/003039.png,18175
depth/003040.png,18171
depth/003041.png,18270
depth/003042.png,18379
depth/003043.png,18705
depth/003044.png,18226
depth/003045.png,17817
depth/003046.png,17095
depth/003047.png,16477
depth/003048.png,15756
depth/003049.png,15753
depth/003050.png,15354
depth/003051.png,15877
depth/003052.png,17259
depth/003053.png,18057
depth/003054.png,18575
depth/003055.png,19084
depth/003056.png,18926
depth/003057.png,19211
depth/003058.png,19609
depth/003059.png,19422
depth/003060.png,19727
depth/003061.png,20786
depth/003062.png,19851
depth/003063.png,20399
depth/003064.png,20453
depth/003065.png,20940
depth/003066.png,20716
depth/003067.png,21522
depth/003068.png,21304
depth/003069.png,22616
depth/003070.png,22971
depth/003071.png,24219
depth/003072.png,24459
depth/003073.png,25075
depth/003074.png,24296
depth/003075.png,23545
depth/003076.png,24031
depth/003077.png,23372
depth/003078.png,23270
depth/003079.png,23279
depth/003080.png,23313
depth/003081.png,22797
depth/003082.png,22911
depth/003083.png,22421
depth/003084.png,22318
depth/003085.png,22124
depth/003086.png,21927
depth/003087.png,21077
depth/003088.png,20723
depth/003089.png,21012
depth/003090.png,20424
depth/003091.png,20255
depth/003092.png,19985
depth/003093.png,19854
depth/003094.png,20236
depth/003095.png,19976
depth/003096.png,19789
depth/003097.png,19409
depth/003098.png,19559
depth/003099.png,18915
depth/003100.png,18564
depth/003101.png,18691
depth/003102.png,18822
depth/003103.png,18666
depth/003104.png,18684
depth/003105.png,18938
depth/003106.png,18340
depth/003107.png,18538
depth/003108.png,18428
depth/003109.png,18688
depth/003110.png,18454
depth/003111.png,18670
depth/003112.png,18435
depth/003113.png,18435
depth/003114.png,18505
depth/003115.png,18055
depth/003116.png,17941
depth/003117.png,18210
depth/003118.png,18200
depth/003119.png,18211
depth/003120.png,18286
depth/003121.png,17912
depth/003122.png,17795
depth/003123.png,17645
depth/003124.png,17994
depth/003125.png,18036
depth/003126.png,18154
depth/003127.png,17705
depth/003128.png,17682
depth/003129.png,17503
depth/003130.png,17573
depth/003131.png,17744
depth/003132.png,17786
depth/003133.png,17893
depth/003134.png,17721
depth/003135.png,16956
depth/003136.png,17188
depth/003137.png,17236
depth/003138.png,17130
depth/003139.png,17427
depth/003140.png,17453
depth/003141.png,17194
depth/003142.png,17719
depth/003143.png,17355
depth/003144.png,17187
depth/003145.png,17458
depth/003146.png,17502
depth/003147.png,17578
depth/003148.png,17458
depth/003149.png,17520
depth/003150.png,17634
depth/003151.png,17864
depth/003152.png,17849
depth/003153.png,17934
depth/003154.png,18211
depth/003155.png,18171
depth/003156.png,18343
depth/003157.png,18411
depth/003158.png,18492
depth/003159.png,18644
depth/003160.png,18506
depth/003161.png,18639
depth/003162.png,18776
depth/003163.png,18892
depth/003164.png,19004
depth/003165.png,18900
depth/003166.png,19056
depth/003167.png,18777
depth/003168.png,18833
depth/003169.png,18704
depth/003170.png,18566
depth/003171.png,18531
depth/003172.png,18604
depth/003173.png,18245
depth/003174.png,18043
depth/003175.png,18163
depth/003176.png,17780
depth/003177.png,17748
depth/003178.png,17615
depth/003179.png,17340
depth/003180.png,17189
depth/003181.png,17302
depth/003182.png,17192
depth/003183.png,17090
depth/003184.png,16963
depth/003185.png,16853
depth/003186.png,17150
depth/003187.png,17181
depth/003188.png,17143
depth/003189.png,17380
depth/003190.png,17297
depth/003191.png,17256
depth/003192.png,16846
depth/003193.png,17121
depth/003194.png,17092
depth/003195.png,17090
depth/003196.png,17090
depth/003197.png,17267
depth/003198.png,17262
depth/003199.png,17484
depth/003200.png,17185
depth/003201.png,17311
depth/003202.png,17168
depth/003203.png,17463
depth/003204.png,17612
depth/003205.png,17529
depth/003206.png,17306
depth/003207.png,17250
depth/003208.png,17712
depth/003209.png,17734
depth/003210.png,17620
depth/003211.png,18097
depth/003212.png,17851
depth/003213.png,17910
depth/003214.png,18040
depth/003215.png,18142
depth/003216.png,18149
depth/003217.png,18093
depth/003218.png,18399
depth/003219.png,18347
depth/003220.png,18187
depth/003221.png,18133
depth/003222.png,18275
depth/003223.png,18015
depth/003224.png,18136
depth/003225.png,17980
depth/003226.png,18267
depth/003227.png,18499
depth/003228.png,18852
depth/003229.png,18520
depth/003230.png,18848
depth/003231.png,19114
depth/003232.png,18956
depth/003233.png,18959
depth/003234.png,18889
depth/003235.png,18940
depth/003236.png,18949
depth/003237.png,19106
depth/003238.png,18715
depth/003239.png,18661
depth/003240.png,18534
depth/003241.png,18646
depth/003242.png,18575
depth/003243.png,18820
depth/003244.png,18589
depth/003245.png,18771
depth/003246.png,19133
depth/003247.png,19033
depth/003248.png,19049
depth/003249.png,19375
depth/003250.png,18788
depth/003251.png,18706
depth/003252.png,18695
depth/003253.png,18773
depth/003254.png,18950
depth/003255.png,19180
depth/003256.png,18958
depth/003257.png,19260
depth/003258.png,19477
depth/003259.png,19525
depth/003260.png,19772
depth/003261.png,19841
depth/003262.png,20042
depth/003263.png,20287
depth/003264.png,20358
depth/003265.png,20136
depth/003266.png,20262
depth/003267.png,20165
depth/003268.png,20504
depth/003269.png,20734
depth/003270.png,20691
depth/003271.png,20567
depth/003272.png,21380
depth/003273.png,21065
depth/003274.png,21029
depth/003275.png,20765
depth/003276.png,20751
depth/003277.png,20780
depth/003278.png,20820
depth/003279.png,20683
depth/003280.png,20611
depth/003281.png,21168
depth/003282.png,21352
depth/003283.png,21390
depth/003284.png,21280
depth/003285.png,21605
depth/003286.png,21447
depth/003287.png,21128
depth/003288.png,21361
depth/003289.png,21886
depth/003290.png,21329
depth/003291.png,21476
depth/003292.png,21290
depth/003293.png,22653
depth/003294.png,22500
depth/003295.png,22269
depth/003296.png,21452
depth/003297.png,21572
depth/003298.png,21682
depth/003299.png,21650
depth/003300.png,22304
depth/003301.png,22428
depth/003302.png,22073
depth/003303.png,21113
depth/003304.png,22845
depth/003305.png,22868
depth/003306.png,23235
depth/003307.png,23249
depth/003308.png,23788
depth/003309.png,23090
depth/003310.png,22712
depth/003311.png,22946
depth/003312.png,22950
depth/003313.png,22621
depth/003314.png,22661
depth/003315.png,24082
depth/003316.png,24147
depth/003317.png,25047
depth/003318.png,25526
depth/003319.png,25780
depth/003320.png,25959
depth/003321.png,27937
depth/003322.png,27687
depth/003323.png,27343
depth/003324.png,28178
depth/003325.png,28199
depth/003326.png,29232
depth/003327.png,29207
depth/003328.png,28551
depth/003329.png,28072
depth/003330.png,28410
depth/003331.png,28346
depth/003332.png,30534
depth/003333.png,31992
depth/003334.png,31521
depth/003335.png,33362
depth/003336.png,31643
depth/003337.png,32841
depth/003338.png,31625
depth/003339.png,32670
depth/003340.png,31990
depth/003341.png,32880
depth/003342.png,30991
depth/003343.png,28767
depth/003344.png,29397
depth/003345.png,29349
depth/003346.png,30040
depth/003347.png,30663
depth/003348.png,30083
depth/003349.png,30030
depth/003350.png,31375
depth/003351.png,30341
depth/003352.png,33150
depth/003353.png,33617
depth/003354.png,34338
depth/003355.png,34207
depth/003356.png,35041
depth/003357.png,33830
depth/003358.png,32848
depth/003359.png,32079
depth/003360.png,32628
depth/003361.png,35625
depth/003362.png,35133
depth/003363.png,35657
depth/003364.png,35802
depth/003365.png,34277
depth/003366.png,34182
depth/003367.png,34426
depth/003368.png,34169
depth/003369.png,34725
depth/003370.png,34358
depth/003371.png,34829
depth/003372.png,34364
depth/003373.png,33492
depth/003374.png,33320
depth/003375.png,33700
depth/003376.png,34502
depth/003377.png,34375
depth/003378.png,35108
depth/003379.png,34914
depth/003380.png,35155
depth/003381.png,35258
depth/003382.png,35624
depth/003383.png,35017
depth/003384.png,34584
depth/003385.png,33642
depth/003386.png,33537
depth/003387.png,34014
depth/003388.png,33346
depth/003389.png,34065
depth/003390.png,33954
depth/003391.png,33362
depth/003392.png,30920
depth/003393.png,31215
depth/003394.png,30612
depth/003395.png,30876
depth/003396.png,29318
depth/003397.png,27951
depth/003398.png,28023
depth/003399.png,26765
depth/003400.png,25143
depth/003401.png,24879
depth/003402.png,24671
depth/003403.png,22072
depth/003404.png,21822
depth/003405.png,21774
depth/003406.png,20860
depth/003407.png,20520
depth/003408.png,19809
depth/003409.png,18718
depth/003410.png,18530
depth/003411.png,18384
depth/003412.png,17604
depth/003413.png,17387
depth/003414.png,17214
depth/003415.png,17013
depth/003416.png,17047
depth/003417.png,16971
depth/003418.png,16793
depth/003419.png,16663
depth/003420.png,16756
depth/003421.png,16768
depth/003422.png,16706
depth/003423.png,17264
depth/003424.png,17214
depth/003425.png,17276
depth/003426.png,17281
depth/003427.png,17089
depth/003428.png,17091
depth/003429.png,17140
depth/003430.png,17073
depth/003431.png,17127
depth/003432.png,17159
depth/003433.png,17101
depth/003434.png,17030
depth/003435.png,17275
depth/003436.png,17169
depth/003437.png,17158
depth/003438.png,17203
depth/003439.png,17432
depth/003440.png,17341
depth/003441.png,17720
depth/003442.png,17487
depth/003443.png,17525
depth/003444.png,17536
depth/003445.png,17463
depth/003446.png,17697
depth/003447.png,17567
depth/003448.png,17516
depth/003449.png,17473
depth/003450.png,17304
depth/003451.png,17312
depth/003452.png,17184
depth/003453.png,17284
depth/003454.png,17113
depth/003455.png,17424
depth/003456.png,17191
depth/003457.png,17436
depth/003458.png,17480
depth/003459.png,17456
depth/003460.png,17243
depth/003461.png,17118
depth/003462.png,17295
depth/003463.png,17266
depth/003464.png,17645
depth/003465.png,17535
depth/003466.png,17471
depth/003467.png,17852
depth/003468.png,17472
depth/003469.png,17350
depth/003470.png,17465
depth/003471.png,17262
depth/003472.png,17440
depth/003473.png,17527
depth/003474.png,17324
depth/003475.png,17487
depth/003476.png,17410
depth/003477.png,17386
depth/003478.png,17428
depth/003479.png,17669
depth/003480.png,17533
depth/003481.png,17654
depth/003482.png,17671
depth/003483.png,17666
depth/003484.png,17745
depth/003485.png,17447
depth/003486.png,17887
depth/003487.png,18015
depth/003488.png,17893
depth/003489.png,18091
depth/003490.png,18205
depth/003491.png,18212
depth/003492.png,18188
depth/003493.png,18138
depth/003494.png,17897
depth/003495.png,17863
depth/003496.png,17971
depth/003497.png,17920
depth/003498.png,17926
depth/003499.png,17889
depth/003500.png,18120
depth/003501.png,18002
depth/003502.png,18004
depth/003503.png,18193
depth/003504.png,17875
depth/003505.png,17851
depth/003506.png,18009
depth/003507.png,18072
depth/003508.png,17854
depth/003509.png,17888
depth/003510.png,17933
depth/003511.png,17883
depth/003512.png,17821
depth/003513.png,18031
depth/003514.png,17906
depth/003515.png,17818
depth/003516.png,17680
depth/003517.png,17758
depth/003518.png,17962
depth/003519.png,17618
depth/003520.png,17700
depth/003521.png,17543
depth/003522.png,17632
depth/003523.png,17558
depth/003524.png,17764
depth/003525.png,17707
depth/003526.png,17960
depth/003527.png,17783
depth/003528.png,17859
depth/003529.png,17776
depth/003530.png,18025
depth/003531.png,17804
depth/003532.png,17699
depth/003533.png,17869
depth/003534.png,17874
depth/003535.png,17886
depth/003536.png,17877
depth/003537.png,17851
depth/003538.png,18055
depth/003539.png,18190
depth/003540.png,18281
depth/003541.png,18359
depth/003542.png,18545
depth/003543.png,18550
depth/003544.png,18875
depth/003545.png,18493
depth/003546.png,18647
depth/003547.png,18606
depth/003548.png,18582
depth/003549.png,18537
depth/003550.png,18603
depth/003551.png,18573
depth/003552.png,18576
depth/003553.png,18514
depth/003554.png,18613
depth/003555.png,18431
depth/003556.png,18678
depth/003557.png,18569
depth/003558.png,18389
depth/003559.png,18556
depth/003560.png,18457
depth/003561.png,18079
depth/003562.png,18144
depth/003563.png,18025
depth/003564.png,17768
depth/003565.png,17756
depth/003566.png,17852
depth/003567.png,17625
depth/003568.png,17397
depth/003569.png,17263
depth/003570.png,17141
depth/003571.png,16968
depth/003572.png,17243
depth/003573.png,17093
depth/003574.png,16979
depth/003575.png,16886
depth/003576.png,16829
depth/003577.png,16763
depth/003578.png,16674
depth/003579.png,16595
depth/003580.png,16904
depth/003581.png,16830
depth/003582.png,16779
depth/003583.png,17022
depth/003584.png,17086
depth/003585.png,16860
depth/003586.png,16793
depth/003587.png,16816
depth/003588.png,16810
depth/003589.png,16759
depth/003590.png,16644
depth/003591.png,16472
depth/003592.png,16591
depth/003593.png,16508
depth/003594.png,16549
depth/003595.png,16917
depth/003596.png,16862
depth/003597.png,16776
depth/003598.png,16729
depth/003599.png,16665
depth/003600.png,16557
depth/003601.png,16763
depth/003602.png,16550
depth/003603.png,16595
depth/003604.png,16764
depth/003605.png,16808
depth/003606.png,16868
depth/003607.png,16836
depth/003608.png,16527
depth/003609.png,16698
depth/003610.png,16823
depth/003611.png,16364
depth/003612.png,16616
depth/003613.png,16493
depth/003614.png,16430
depth/003615.png,16458
depth/003616.png,16726
depth/003617.png,16521
depth/003618.png,16434
depth/003619.png,16605
depth/003620.png,16634
depth/003621.png,16647
depth/003622.png,16689
depth/003623.png,16587
depth/003624.png,16629
depth/003625.png,16165
depth/003626.png,16268
depth/003627.png,16096
depth/003628.png,15927
depth/003629.png,15950
depth/003630.png,15732
depth/003631.png,15593
depth/003632.png,15594
depth/003633.png,15366
depth/003634.png,15298
depth/003635.png,15154
depth/003636.png,14866
depth/003637.png,14736
depth/003638.png,14608
depth/003639.png,14378
depth/003640.png,14148
depth/003641.png,14057
depth/003642.png,14020
depth/003643.png,14027
depth/003644.png,13745
depth/003645.png,13985
depth/003646.png,13924
depth/003647.png,13891
depth/003648.png,13597
depth/003649.png,13574
depth/003650.png,13593
depth/003651.png,13625
depth/003652.png,13446
depth/003653.png,13448
depth/003654.png,13493
depth/003655.png,13347
depth/003656.png,13494
depth/003657.png,13433
depth/003658.png,13240
depth/003659.png,13236
depth/003660.png,13112
depth/003661.png,13250
depth/003662.png,13298
depth/003663.png,13233
depth/003664.png,13400
depth/003665.png,13446
depth/003666.png,13402
depth/003667.png,13488
depth/003668.png,13337
depth/003669.png,13465
depth/003670.png,13467
depth/003671.png,13646
depth/003672.png,13605
depth/003673.png,13634
depth/003674.png,13440
depth/003675.png,13434
depth/003676.png,13617
depth/003677.png,13634
depth/003678.png,13579
depth/003679.png,13513
depth/003680.png,13389
depth/003681.png,13287
depth/003682.png,13190
depth/003683.png,13193
depth/003684.png,13229
depth/003685.png,13276
depth/003686.png,13228
depth/003687.png,13196
depth/003688.png,13071
depth/003689.png,12998
depth/003690.png,13090
depth/003691.png,12948
depth/003692.png,13133
depth/003693.png,13097
depth/003694.png,13057
depth/003695.png,12949
depth/003696.png,12810
depth/003697.png,12929
depth/003698.png,12921
depth/003699.png,12763
depth/003700.png,12616
depth/003701.png,12542
depth/003702.png,12091
depth/003703.png,11638
depth/003704.png,10731
depth/003705.png,10140
depth/003706.png,8840
depth/003707.png,9040
depth/003708.png,9732
depth/003709.png,10233
depth/003710.png,10567
depth/003711.png,11130
depth/003712.png,11293
depth/003713.png,11647
depth/003714.png,11538
depth/003715.png,12159
depth/003716.png,13592
depth/003717.png,14584
depth/003718.png,14846
depth/003719.png,14707
depth/003720.png,15155
depth/003721.png,15447
depth/003722.png,15452
depth/003723.png,15338
depth/003724.png,15329
depth/003725.png,15035
depth/003726.png,15207
depth/003727.png,14969
depth/003728.png,15046
depth/003729.png,14753
depth/003730.png,14691
depth/003731.png,14961
depth/003732.png,15016
depth/003733.png,15033
depth/003734.png,15098
depth/003735.png,14822
depth/003736.png,14956
depth/003737.png,15191
depth/003738.png,15320
depth/003739.png,15439
depth/003740.png,14864
depth/003741.png,14817
depth/003742.png,14692
depth/003743.png,14461
depth/003744.png,14585
depth/003745.png,14789
depth/003746.png,15096
depth/003747.png,15486
depth/003748.png,16108
depth/003749.png,16475
depth/003750.png,16932
depth/003751.png,16971
depth/003752.png,17506
depth/003753.png,17436
depth/003754.png,17544
depth/003755.png,17548
depth/003756.png,17987
depth/003757.png,19304
depth/003758.png,19487
depth/003759.png,19732
depth/003760.png,19683
depth/003761.png,19794
depth/003762.png,20190
depth/003763.png,20421
depth/003764.png,20859
depth/003765.png,20995
depth/003766.png,21187
depth/003767.png,21401
depth/003768.png,21468
depth/003769.png,21553
depth/003770.png,21968
depth/003771.png,22203
depth/003772.png,22538
depth/003773.png,22991
depth/003774.png,23216
depth/003775.png,23662
depth/003776.png,23842
depth/003777.png,23852
depth/003778.png,23863
depth/003779.png,24223
depth/003780.png,24399
depth/003781.png,24479
depth/003782.png,24903
depth/003783.png,24412
depth/003784.png,24635
depth/003785.png,24754
depth/003786.png,24949
depth/003787.png,25141
depth/003788.png,25020
depth/003789.png,25441
depth/003790.png,25488
depth/003791.png,25030
depth/003792.png,24616
depth/003793.png,24883
depth/003794.png,25672
depth/003795.png,26165
depth/003796.png,26008
depth/003797.png,25649
depth/003798.png,25714
depth/003799.png,26471
depth/003800.png,25927
depth/003801.png,25370
depth/003802.png,25157
depth/003803.png,25361
depth/003804.png,26081
depth/003805.png,26377
depth/003806.png,25777
depth/003807.png,25968
depth/003808.png,25872
depth/003809.png,25873
depth/003810.png,25242
depth/003811.png,25097
depth/003812.png,24520
depth/003813.png,23821
depth/003814.png,24279
depth/003815.png,23849
depth/003816.png,23813
depth/003817.png,23636
depth/003818.png,23253
depth/003819.png,22714
depth/003820.png,22340
depth/003821.png,21910
depth/003822.png,21738
depth/003823.png,21915
depth/003824.png,21486
depth/003825.png,21774
depth/003826.png,21801
depth/003827.png,22091
depth/003828.png,22383
depth/003829.png,22294
depth/003830.png,21732
depth/003831.png,21929
depth/003832.png,23526
depth/003833.png,23385
depth/003834.png,23509
depth/003835.png,24193
depth/003836.png,25020
depth/003837.png,25905
depth/003838.png,25219
depth/003839.png,25847
depth/003840.png,26110
depth/003841.png,26639
depth/003842.png,27006
depth/003843.png,27789
depth/003844.png,26171
depth/003845.png,27134
depth/003846.png,27781
depth/003847.png,28052
depth/003848.png,27447
depth/003849.png,28564
depth/003850.png,29453
depth/003851.png,29355
depth/003852.png,29786
depth/003853.png,30128
depth/003854.png,30179
depth/003855.png,30532
depth/003856.png,30520
depth/003857.png,30679
depth/003858.png,31104
depth/003859.png,31138
depth/003860.png,31695
depth/003861.png,31498
depth/003862.png,32343
depth/003863.png,31822
depth/003864.png,31702
depth/003865.png,33551
depth/003866.png,34055
depth/003867.png,33795
depth/003868.png,35314
depth/003869.png,36900
depth/003870.png,36761
depth/003871.png,36197
depth/003872.png,36458
depth/003873.png,36236
depth/003874.png,36525
depth/003875.png,37165
depth/003876.png,35838
depth/003877.png,35983
depth/003878.png,36045
depth/003879.png,36769
depth/003880.png,36706
depth/003881.png,36485
depth/003882.png,36459
depth/003883.png,35220
depth/003884.png,35901
depth/003885.png,35812
depth/003886.png,36114
depth/003887.png,35522
depth/003888.png,36454
depth/003889.png,36250
depth/003890.png,35970
depth/003891.png,36373
depth/003892.png,35966
depth/003893.png,36236
depth/003894.png,35554
depth/003895.png,35736
depth/003896.png,36698
depth/003897.png,35712
depth/003898.png,35377
depth/003899.png,36364
depth/003900.png,35281
depth/003901.png,35311
depth/003902.png,35872
depth/003903.png,36232
depth/003904.png,36496
depth/003905.png,36321
depth/003906.png,36583
depth/003907.png,36191
depth/003908.png,35805
depth/003909.png,35419
depth/003910.png,35450
depth/003911.png,34712
depth/003912.png,35375
depth/003913.png,34818
depth/003914.png,34982
depth/003915.png,35067
depth/003916.png,34998
depth/003917.png,33932
depth/003918.png,33680
depth/003919.png,33177
depth/003920.png,32478
depth/003921.png,32179
depth/003922.png,32113
depth/003923.png,31841
depth/003924.png,31499
depth/003925.png,30723
depth/003926.png,31121
depth/003927.png,30494
depth/003928.png,30489
depth/003929.png,30802
depth/003930.png,31311
depth/003931.png,30294
depth/003932.png,29090
depth/003933.png,30686
depth/003934.png,30321
depth/003935.png,30800
depth/003936.png,30862
depth/003937.png,31514
depth/003938.png,31182
depth/003939.png,30211
depth/003940.png,29484
depth/003941.png,28491
depth/003942.png,30273
depth/003943.png,31597
depth/003944.png,32391
depth/003945.png,33469
depth/003946.png,33473
depth/003947.png,33789
depth/003948.png,34132
depth/003949.png,33673
depth/003950.png,34282
depth/003951.png,34315
depth/003952.png,34336
depth/003953.png,35635
depth/003954.png,34571
depth/003955.png,35777
depth/003956.png,35525
depth/003957.png,35146
depth/003958.png,34892
depth/003959.png,35374
depth/003960.png,34590
depth/003961.png,34406
depth/003962.png,34309
depth/003963.png,33409
depth/003964.png,32725
depth/003965.png,31921
depth/003966.png,31073
depth/003967.png,30404
depth/003968.png,29644
depth/003969.png,29486
depth/003970.png,28808
depth/003971.png,28024
depth/003972.png,27406
depth/003973.png,27170
depth/003974.png,26865
depth/003975.png,26959
depth/003976.png,27333
depth/003977.png,26705
depth/003978.png,26939
depth/003979.png,26638
depth/003980.png,26546
depth/003981.png,26224
depth/003982.png,26242
depth/003983.png,25853
depth/003984.png,25659
depth/003985.png,25514
depth/003986.png,25928
depth/003987.png,26013
depth/003988.png,25988
depth/003989.png,25874
depth/003990.png,26160
depth/003991.png,25840
depth/003992.png,26011
depth/003993.png,26533
depth/003994.png,26490
depth/003995.png,26777
depth/003996.png,26426
depth/003997.png,26285
depth/003998.png,27225
depth/003999.png,27148
depth/004000.png,27898
depth/004001.png,28604
depth/004002.png,28307
depth/004003.png,28205
depth/004004.png,28169
depth/004005.png,28232
depth/004006.png,28904
depth/004007.png,28749
depth/004008.png,28598
depth/004009.png,28146
depth/004010.png,28581
depth/004011.png,28317
depth/004012.png,28035
depth/004013.png,29442
depth/004014.png,28801
depth/004015.png,28574
depth/004016.png,27589
depth/004017.png,27854
depth/004018.png,28974
depth/004019.png,28749
depth/004020.png,29499
depth/004021.png,28703
depth/004022.png,28580
depth/004023.png,29175
depth/004024.png,28802
depth/004025.png,28338
depth/004026.png,27890
depth/004027.png,27942
depth/004028.png,27222
depth/004029.png,28856
depth/004030.png,29317
depth/004031.png,29776
depth/004032.png,29319
depth/004033.png,29849
depth/004034.png,29761
depth/004035.png,30007
depth/004036.png,29838
depth/004037.png,29889
depth/004038.png,30591
depth/004039.png,30650
depth/004040.png,30140
depth/004041.png,29687
depth/004042.png,30589
depth/004043.png,30687
depth/004044.png,30851
depth/004045.png,30973
depth/004046.png,31446
depth/004047.png,31674
depth/004048.png,31333
depth/004049.png,31549
depth/004050.png,31861
depth/004051.png,30656
depth/004052.png,30668
depth/004053.png,30411
depth/004054.png,30950
depth/004055.png,30902
depth/004056.png,30565
depth/004057.png,30326
depth/004058.png,29924
depth/004059.png,30186
depth/004060.png,30105
depth/004061.png,30805
depth/004062.png,31007
depth/004063.png,32316
depth/004064.png,32446
depth/004065.png,32461
depth/004066.png,32944
depth/004067.png,32674
depth/004068.png,33815
depth/004069.png,33965
depth/004070.png,34075
depth/004071.png,34091
depth/004072.png,34010
depth/004073.png,34521
depth/004074.png,33915
depth/004075.png,33885
depth/004076.png,33530
depth/004077.png,32961
depth/004078.png,32938
depth/004079.png,33109
depth/004080.png,33214
depth/004081.png,33280
depth/004082.png,33663
depth/004083.png,33289
depth/004084.png,33175
depth/004085.png,31436
depth/004086.png,31001
depth/004087.png,30562
depth/004088.png,30036
depth/004089.png,30014
depth/004090.png,30359
depth/004091.png,29802
depth/004092.png,29745
depth/004093.png,30512
depth/004094.png,30158
depth/004095.png,28821
depth/004096.png,28211
depth/004097.png,28309
depth/004098.png,27860
depth/004099.png,27829
depth/004100.png,27658
depth/004101.png,27521
depth/004102.png,27598
depth/004103.png,27471
depth/004104.png,27097
depth/004105.png,26949
depth/004106.png,26919
depth/004107.png,26665
depth/004108.png,26826
depth/004109.png,27188
depth/004110.png,27312
depth/004111.png,27000
depth/004112.png,27540
depth/004113.png,27039
depth/004114.png,27107
depth/004115.png,26521
depth/004116.png,26719
depth/004117.png,26667
depth/004118.png,25857
depth/004119.png,25032
depth/004120.png,25137
depth/004121.png,24764
depth/004122.png,24092
depth/004123.png,24464
depth/004124.png,23552
depth/004125.png,24496
depth/004126.png,24152
depth/004127.png,24171
depth/004128.png,23851
depth/004129.png,23159
depth/004130.png,23014
depth/004131.png,23384
depth/004132.png,23770
depth/004133.png,22981
depth/004134.png,21981
depth/004135.png,22792
depth/004136.png,23328
depth/004137.png,23253
depth/004138.png,23252
depth/004139.png,23277
depth/004140.png,23449
depth/004141.png,23652
depth/004142.png,23666
depth/004143.png,23590
depth/004144.png,23477
depth/004145.png,23445
depth/004146.png,23913
depth/004147.png,24159
depth/004148.png,23876
depth/004149.png,24078
depth/004150.png,24010
depth/004151.png,23989
depth/004152.png,24162
depth/004153.png,24094
depth/004154.png,23999
depth/004155.png,24333
depth/004156.png,24183
depth/004157.png,23696
depth/004158.png,23944
depth/004159.png,24041
depth/004160.png,24492
depth/004161.png,24382
depth/004162.png,23775
depth/004163.png,23125
depth/004164.png,23085
depth/004165.png,22985
depth/004166.png,22573
depth/004167.png,22365
depth/004168.png,21886
depth/004169.png,22137
depth/004170.png,22105
depth/004171.png,21742
depth/004172.png,22033
depth/004173.png,21622
depth/004174.png,21513
depth/004175.png,21693
depth/004176.png,21366
depth/004177.png,20634
depth/004178.png,20147
depth/004179.png,19214
depth/004180.png,18299
depth/004181.png,16573
depth/004182.png,16549
depth/004183.png,17630
depth/004184.png,18347
depth/004185.png,18729
depth/004186.png,15388
depth/004187.png,14460
depth/004188.png,15234
depth/004189.png,15271
depth/004190.png,15164
depth/004191.png,16053
depth/004192.png,15747
depth/004193.png,16157
depth/004194.png,17017
depth/004195.png,17072
depth/004196.png,19547
depth/004197.png,20457
depth/004198.png,21108
depth/004199.png,21806
depth/004200.png,22617
depth/004201.png,23301
depth/004202.png,23421
depth/004203.png,24245
depth/004204.png,23683
depth/004205.png,24254
depth/004206.png,24767
depth/004207.png,24270
depth/004208.png,24422
depth/004209.png,24493
depth/004210.png,24148
depth/004211.png,23576
depth/004212.png,22936
depth/004213.png,22556
depth/004214.png,20902
depth/004215.png,20252
depth/004216.png,19535
depth/004217.png,17837
depth/004218.png,16992
depth/004219.png,16359
depth/004220.png,14306
depth/004221.png,13984
depth/004222.png,11565
depth/004223.png,11078
depth/004224.png,8579
depth/004225.png,8685
depth/004226.png,10094
depth/004227.png,10556
depth/004228.png,10826
depth/004229.png,11144
depth/004230.png,11303
depth/004231.png,11386
depth/004232.png,13097
depth/004233.png,14780
depth/004234.png,16548
depth/004235.png,16287
depth/004236.png,16027
depth/004237.png,17278
depth/004238.png,18256
depth/004239.png,19114
depth/004240.png,19419
depth/004241.png,19542
depth/004242.png,19266
depth/004243.png,19290
depth/004244.png,19313
depth/004245.png,19490
depth/004246.png,19419
depth/004247.png,19713
depth/004248.png,20079
depth/004249.png,20195
depth/004250.png,20721
depth/004251.png,21513
depth/004252.png,21489
depth/004253.png,22659
depth/004254.png,23156
depth/004255.png,23743
depth/004256.png,23865
depth/004257.png,24076
depth/004258.png,24402
depth/004259.png,24907
depth/004260.png,25083
depth/004261.png,24327
depth/004262.png,25145
depth/004263.png,25227
depth/004264.png,25061
depth/004265.png,25110
depth/004266.png,25333
depth/004267.png,25619
depth/004268.png,25481
depth/004269.png,25514
depth/004270.png,25668
depth/004271.png,25997
depth/004272.png,25480
depth/004273.png,25399
depth/004274.png,25778
depth/004275.png,25922
depth/004276.png,25959
depth/004277.png,25576
depth/004278.png,24980
depth/004279.png,24889
depth/004280.png,24873
depth/004281.png,25127
depth/004282.png,25152
depth/004283.png,25023
depth/004284.png,24998
depth/004285.png,25086
depth/004286.png,24806
depth/004287.png,25539
depth/004288.png,25587
depth/004289.png,25267
depth/004290.png,25468
depth/004291.png,25078
depth/004292.png,25175
depth/004293.png,25182
depth/004294.png,23858
depth/004295.png,23819
depth/004296.png,23975
depth/004297.png,24927
depth/004298.png,24070
depth/004299.png,24368
depth/004300.png,24055
depth/004301.png,23383
depth/004302.png,23447
depth/004303.png,22902
depth/004304.png,22293
depth/004305.png,22145
depth/004306.png,21951
depth/004307.png,22315
depth/004308.png,22434
depth/004309.png,22178
depth/004310.png,22224
depth/004311.png,22164
depth/004312.png,21520
depth/004313.png,21673
depth/004314.png,21977
depth/004315.png,21680
depth/004316.png,21633
depth/004317.png,21501
depth/004318.png,21672
depth/004319.png,21733
depth/004320.png,21830
depth/004321.png,21811
depth/004322.png,21750
depth/004323.png,22242
depth/004324.png,22210
depth/004325.png,21862
depth/004326.png,21871
depth/004327.png,21632
depth/004328.png,21362
depth/004329.png,21835
depth/004330.png,22077
depth/004331.png,22203
depth/004332.png,21984
depth/004333.png,21971
depth/004334.png,21713
depth/004335.png,21987
depth/004336.png,21750
depth/004337.png,21894
depth/004338.png,21062
depth/004339.png,20950
depth/004340.png,20724
depth/004341.png,20376
depth/004342.png,20114
depth/004343.png,19969
depth/004344.png,20049
depth/004345.png,20710
depth/004346.png,20682
depth/004347.png,20296
depth/004348.png,21096
depth/004349.png,21099
depth/004350.png,21891
depth/004351.png,21928
depth/004352.png,22552
depth/004353.png,22457
depth/004354.png,20631
depth/004355.png,20915
depth/004356.png,20899
depth/004357.png,23504
depth/004358.png,22626
depth/004359.png,22988
depth/004360.png,21566
depth/004361.png,21627
depth/004362.png,22022
depth/004363.png,23551
depth/004364.png,23824
depth/004365.png,24000
depth/004366.png,22872
depth/004367.png,21901
depth/004368.png,22118
depth/004369.png,22707
depth/004370.png,22857
depth/004371.png,22964
depth/004372.png,23844
depth/004373.png,24212
depth/004374.png,24239
depth/004375.png,24528
depth/004376.png,24496
depth/004377.png,23815
depth/004378.png,22897
depth/004379.png,22968
depth/004380.png,23713
depth/004381.png,23362
depth/004382.png,23803
depth/004383.png,23901
depth/004384.png,24355
depth/004385.png,24538
depth/004386.png,24606
depth/004387.png,23927
depth/004388.png,23952
depth/004389.png,24845
depth/004390.png,24897
depth/004391.png,24804
depth/004392.png,24983
depth/004393.png,25277
depth/004394.png,25344
depth/004395.png,25308
depth/004396.png,25736
depth/004397.png,25255
depth/004398.png,25407
depth/004399.png,25271
depth/004400.png,24869
depth/004401.png,24928
depth/004402.png,24160
depth/004403.png,22386
depth/004404.png,22077
depth/004405.png,21668
depth/004406.png,20689
depth/004407.png,20651
depth/004408.png,21307
depth/004409.png,22450
depth/004410.png,22476
depth/004411.png,21912
depth/004412.png,19384
depth/004413.png,18276
depth/004414.png,18090
depth/004415.png,16786
depth/004416.png,16012
depth/004417.png,15583
depth/004418.png,14688
depth/004419.png,14255
depth/004420.png,14229
depth/004421.png,13864
depth/004422.png,13973
depth/004423.png,14071
depth/004424.png,13984
depth/004425.png,14216
depth/004426.png,14180
depth/004427.png,14013
depth/004428.png,14065
depth/004429.png,14290
depth/004430.png,14176
depth/004431.png,14388
depth/004432.png,14377
depth/004433.png,14389
depth/004434.png,14534
depth/004435.png,14503
depth/004436.png,14555
depth/004437.png,14799
depth/004438.png,14625
depth/004439.png,14853
depth/004440.png,14533
depth/004441.png,14500
depth/004442.png,14399
depth/004443.png,14602
depth/004444.png,14570
depth/004445.png,14347
depth/004446.png,14565
depth/004447.png,14447
depth/004448.png,14442
depth/004449.png,14472
depth/004450.png,14360
depth/004451.png,14247
depth/004452.png,14059
depth/004453.png,14194
depth/004454.png,14158
depth/004455.png,14244
depth/004456.png,14119
depth/004457.png,14060
depth/004458.png,13994
depth/004459.png,13926
depth/004460.png,14003
depth/004461.png,13850
depth/004462.png,13952
depth/004463.png,13871
depth/004464.png,13832
depth/004465.png,13924
depth/004466.png,13786
depth/004467.png,14031
depth/004468.png,14017
depth/004469.png,13820
depth/004470.png,13726
depth/004471.png,13406
depth/004472.png,13410
depth/004473.png,13124
depth/004474.png,13070
depth/004475.png,12943
depth/004476.png,12759
depth/004477.png,12629
depth/004478.png,12306
depth/004479.png,12383
depth/004480.png,12286
depth/004481.png,11868
depth/004482.png,11935
depth/004483.png,11796
depth/004484.png,11874
depth/004485.png,11832
depth/004486.png,11758
depth/004487.png,11591
depth/004488.png,11771
depth/004489.png,11600
depth/004490.png,11471
depth/004491.png,11589
depth/004492.png,11290
depth/004493.png,11549
depth/004494.png,11580
depth/004495.png,11357
depth/004496.png,11365
depth/004497.png,11040
depth/004498.png,10713
depth/004499.png,9834
depth/004500.png,9108
depth/004501.png,8910
depth/004502.png,9108
depth/004503.png,9658
depth/004504.png,10147
depth/004505.png,10476
depth/004506.png,10903
depth/004507.png,11049
depth/004508.png,11046
depth/004509.png,11258
depth/004510.png,11407
depth/004511.png,12196
depth/004512.png,13555
depth/004513.png,13711
depth/004514.png,14652
depth/004515.png,14664
depth/004516.png,14952
depth/004517.png,15564
depth/004518.png,15965
depth/004519.png,16155
depth/004520.png,16284
depth/004521.png,16516
depth/004522.png,16689
depth/004523.png,17033
depth/004524.png,17011
depth/004525.png,17207
depth/004526.png,17212
depth/004527.png,16867
depth/004528.png,17137
depth/004529.png,17078
depth/004530.png,17109
depth/004531.png,16932
depth/004532.png,16771
depth/004533.png,16704
depth/004534.png,16871
depth/004535.png,16226
depth/004536.png,16315
depth/004537.png,15875
depth/004538.png,15606
depth/004539.png,15843
depth/004540.png,15797
depth/004541.png,16003
depth/004542.png,15931
depth/004543.png,15698
depth/004544.png,15903
depth/004545.png,16430
depth/004546.png,16842
depth/004547.png,17299
depth/004548.png,16679
depth/004549.png,16700
depth/004550.png,16972
depth/004551.png,16947
depth/004552.png,17390
depth/004553.png,17796
depth/004554.png,18091
depth/004555.png,17701
depth/004556.png,18332
depth/004557.png,18390
depth/004558.png,18491
depth/004559.png,18679
depth/004560.png,18858
depth/004561.png,18466
depth/004562.png,17647
depth/004563.png,16866
depth/004564.png,16745
depth/004565.png,16850
depth/004566.png,16728
depth/004567.png,16593
depth/004568.png,16444
depth/004569.png,16184
depth/004570.png,15811
depth/004571.png,15986
depth/004572.png,16472
depth/004573.png,16495
depth/004574.png,16593
depth/004575.png,16976
depth/004576.png,16682
depth/004577.png,16824
depth/004578.png,16484
depth/004579.png,16842
depth/004580.png,17402
depth/004581.png,17482
depth/004582.png,18255
depth/004583.png,17621
depth/004584.png,17870
depth/004585.png,18121
depth/004586.png,18844
depth/004587.png,19700
depth/004588.png,20034
depth/004589.png,21017
depth/004590.png,21150
depth/004591.png,20934
depth/004592.png,21130
depth/004593.png,20984
depth/004594.png,20667
depth/004595.png,21227
depth/004596.png,21303
depth/004597.png,21542
depth/004598.png,21121
depth/004599.png,21281
depth/004600.png,21810
depth/004601.png,21823
depth/004602.png,22760
depth/004603.png,22802
depth/004604.png,22319
depth/004605.png,22346
depth/004606.png,22466
depth/004607.png,22785
depth/004608.png,22857
depth/004609.png,22874
depth/004610.png,22833
depth/004611.png,24075
depth/004612.png,24438
depth/004613.png,24264
depth/004614.png,24622
depth/004615.png,24307
depth/004616.png,24733
depth/004617.png,25384
depth/004618.png,26302
depth/004619.png,26637
depth/004620.png,27430
depth/004621.png,27395
depth/004622.png,27916
depth/004623.png,27748
depth/004624.png,28234
depth/004625.png,27957
depth/004626.png,28322
depth/004627.png,28133
depth/004628.png,28114
depth/004629.png,27813
depth/004630.png,27890
depth/004631.png,27439
depth/004632.png,27260
depth/004633.png,27142
depth/004634.png,26517
depth/004635.png,26663
depth/004636.png,25760
depth/004637.png,25425
depth/004638.png,25112
depth/004639.png,24693
depth/004640.png,24288
depth/004641.png,23754
depth/004642.png,23865
depth/004643.png,23846
depth/004644.png,23196
depth/004645.png,23138
depth/004646.png,22734
depth/004647.png,22663
depth/004648.png,22859
depth/004649.png,22697
depth/004650.png,22879
depth/004651.png,23049
depth/004652.png,22633
depth/004653.png,21908
depth/004654.png,21574
depth/004655.png,21089
depth/004656.png,20433
depth/004657.png,20232
depth/004658.png,19773
depth/004659.png,19549
depth/004660.png,19430
depth/004661.png,18809
depth/004662.png,18713
depth/004663.png,18123
depth/004664.png,18002
depth/004665.png,17374
depth/004666.png,17098
depth/004667.png,16484
depth/004668.png,15794
depth/004669.png,15585
depth/004670.png,15511
depth/004671.png,15475
depth/004672.png,15616
depth/004673.png,15502
depth/004674.png,14973
depth/004675.png,14790
depth/004676.png,13991
depth/004677.png,13751
depth/004678.png,13320
depth/004679.png,12063
depth/004680.png,11256
depth/004681.png,9538
depth/004682.png,9168
depth/004683.png,9158
depth/004684.png,10117
depth/004685.png,10592
depth/004686.png,10699
depth/004687.png,11192
depth/004688.png,11268
depth/004689.png,12533
depth/004690.png,12951
depth/004691.png,13762
depth/004692.png,14293
depth/004693.png,15588
depth/004694.png,15253
depth/004695.png,15170
depth/004696.png,15488
depth/004697.png,15557
depth/004698.png,15970
depth/004699.png,16298
depth/004700.png,16546
depth/004701.png,17055
depth/004702.png,17488
depth/004703.png,17611
depth/004704.png,18348
depth/004705.png,18822
depth/004706.png,19331
depth/004707.png,19837
depth/004708.png,20335
depth/004709.png,20402
depth/004710.png,20874
depth/004711.png,20907
depth/004712.png,21192
depth/004713.png,21697
depth/004714.png,21631
depth/004715.png,21920
depth/004716.png,22117
depth/004717.png,22578
depth/004718.png,22351
depth/004719.png,22687
depth/004720.png,23418
depth/004721.png,23401
depth/004722.png,23474
depth/004723.png,23840
depth/004724.png,23799
depth/004725.png,24183
depth/004726.png,24272
depth/004727.png,24403
depth/004728.png,24202
depth/004729.png,24714
depth/004730.png,24675
depth/004731.png,24683
depth/004732.png,24665
depth/004733.png,24630
depth/004734.png,24594
depth/004735.png,24183
depth/004736.png,24378
depth/004737.png,23525
depth/004738.png,23410
depth/004739.png,23537
depth/004740.png,22880
depth/004741.png,22809
depth/004742.png,22527
depth/004743.png,22538
depth/004744.png,22844
depth/004745.png,22714
depth/004746.png,22574
depth/004747.png,22721
depth/004748.png,22715
depth/004749.png,22872
depth/004750.png,22834
depth/004751.png,22833
depth/004752.png,23133
depth/004753.png,23109
depth/004754.png,23045
depth/004755.png,23206
depth/004756.png,23375
depth/004757.png,24036
depth/004758.png,24277
depth/004759.png,24240
depth/004760.png,24587
depth/004761.png,25352
depth/004762.png,25487
depth/004763.png,25978
depth/004764.png,26007
depth/004765.png,26234
depth/004766.png,26286
depth/004767.png,26248
depth/004768.png,26790
depth/004769.png,27283
depth/004770.png,27455
depth/004771.png,27343
depth/004772.png,27724
depth/004773.png,27660
depth/004774.png,27803
depth/004775.png,28385
depth/004776.png,28478
depth/004777.png,28476
depth/004778.png,29015
depth/004779.png,30621
depth/004780.png,30256
depth/004781.png,30273
depth/004782.png,30734
depth/004783.png,30518
depth/004784.png,30467
depth/004785.png,30819
depth/004786.png,30034
depth/004787.png,30284
depth/004788.png,29870
depth/004789.png,30028
depth/004790.png,30273
depth/004791.png,30326
depth/004792.png,30412
depth/004793.png,30404
depth/004794.png,30444
depth/004795.png,30474
depth/004796.png,30464
depth/004797.png,31213
depth/004798.png,31337
depth/004799.png,30644
depth/004800.png,31103
depth/004801.png,30752
depth/004802.png,30895
depth/004803.png,31061
depth/004804.png,31047
depth/004805.png,31023
depth/004806.png,31368
depth/004807.png,31587
depth/004808.png,31462
depth/004809.png,31779
depth/004810.png,32516
depth/004811.png,32571
depth/004812.png,31146
depth/004813.png,31966
depth/004814.png,32532
depth/004815.png,31768
depth/004816.png,32009
depth/004817.png,31242
depth/004818.png,31881
depth/004819.png,32341
depth/004820.png,31709
depth/004821.png,31483
depth/004822.png,31292
depth/004823.png,31563
depth/004824.png,32393
depth/004825.png,31729
depth/004826.png,31796
depth/004827.png,30831
depth/004828.png,30727
depth/004829.png,31444
depth/004830.png,30645
depth/004831.png,30583
depth/004832.png,30231
depth/004833.png,29862
depth/004834.png,29896
depth/004835.png,29429
depth/004836.png,29916
depth/004837.png,29657
depth/004838.png,29527
depth/004839.png,29172
depth/004840.png,29468
depth/004841.png,29448
depth/004842.png,29547
depth/004843.png,29333
depth/004844.png,29042
depth/004845.png,28938
depth/004846.png,28498
depth/004847.png,28168
depth/004848.png,28324
depth/004849.png,28497
depth/004850.png,28283
depth/004851.png,28359
depth/004852.png,28699
depth/004853.png,28641
depth/004854.png,28571
depth/004855.png,28557
depth/004856.png,28438
depth/004857.png,28073
depth/004858.png,27649
depth/004859.png,27896
depth/004860.png,28286
depth/004861.png,28085
depth/004862.png,28196
depth/004863.png,28050
depth/004864.png,28025
depth/004865.png,28098
depth/004866.png,28084
depth/004867.png,27846
depth/004868.png,27287
depth/004869.png,26947
depth/004870.png,27036
depth/004871.png,27102
depth/004872.png,26564
depth/004873.png,26738
depth/004874.png,26704
depth/004875.png,26461
depth/004876.png,26468
depth/004877.png,26205
depth/004878.png,26366
depth/004879.png,26423
depth/004880.png,25610
depth/004881.png,25467
depth/004882.png,25016
depth/004883.png,25158
depth/004884.png,25124
depth/004885.png,25174
depth/004886.png,25162
depth/004887.png,24810
depth/004888.png,24601
depth/004889.png,24186
depth/004890.png,24066
depth/004891.png,23740
depth/004892.png,23624
depth/004893.png,23556
depth/004894.png,23260
depth/004895.png,23163
depth/004896.png,22903
depth/004897.png,22969
depth/004898.png,22845
depth/004899.png,23180
depth/004900.png,22880
depth/004901.png,22917
depth/004902.png,23112
depth/004903.png,23220
depth/004904.png,23266
depth/004905.png,23195
depth/004906.png,23385
depth/004907.png,23536
depth/004908.png,23859
depth/004909.png,23650
depth/004910.png,24055
depth/004911.png,23629
depth/004912.png,23977
depth/004913.png,23814
depth/004914.png,23939
depth/004915.png,23962
depth/004916.png,23767
depth/004917.png,23490
depth/004918.png,23154
depth/004919.png,23118
depth/004920.png,22534
depth/004921.png,21887
depth/004922.png,21081
depth/004923.png,20487
depth/004924.png,20362
depth/004925.png,20296
depth/004926.png,19786
depth/004927.png,19734
depth/004928.png,19450
depth/004929.png,19367
depth/004930.png,19013
depth/004931.png,18915
depth/004932.png,18593
depth/004933.png,18256
depth/004934.png,17908
depth/004935.png,17226
depth/004936.png,17234
depth/004937.png,16976
depth/004938.png,16910
depth/004939.png,16721
depth/004940.png,16818
depth/004941.png,16974
depth/004942.png,16830
depth/004943.png,16978
depth/004944.png,16765
depth/004945.png,16609
depth/004946.png,16399
depth/004947.png,16393
depth/004948.png,16592
depth/004949.png,16292
depth/004950.png,16375
depth/004951.png,16270
depth/004952.png,16054
depth/004953.png,16077
depth/004954.png,16090
depth/004955.png,15971
depth/004956.png,15478
depth/004957.png,15922
depth/004958.png,15869
depth/004959.png,15798
depth/004960.png,16010
depth/004961.png,16011
depth/004962.png,16054
depth/004963.png,16065
depth/004964.png,16163
depth/004965.png,16136
depth/004966.png,16090
depth/004967.png,16240
depth/004968.png,15855
depth/004969.png,15962
depth/004970.png,15872
depth/004971.png,16138
depth/004972.png,16226
depth/004973.png,16281
depth/004974.png,16732
depth/004975.png,16785
depth/004976.png,17167
depth/004977.png,17795
depth/004978.png,18094
depth/004979.png,18287
depth/004980.png,17741
depth/004981.png,18755
depth/004982.png,19128
depth/004983.png,19228
depth/004984.png,19305
depth/004985.png,19367
depth/004986.png,19337
depth/004987.png,18714
depth/004988.png,18419
depth/004989.png,18272
depth/004990.png,18485
depth/004991.png,18231
depth/004992.png,17722
depth/004993.png,17451
depth/004994.png,16820
depth/004995.png,15681
depth/004996.png,15438
depth/004997.png,16111
depth/004998.png,15974
depth/004999.png,16069
depth/005000.png,16259
depth/005001.png,16016
depth/005002.png,16053
depth/005003.png,15666
depth/005004.png,15901
depth/005005.png,15599
depth/005006.png,16177
depth/005007.png,16482
depth/005008.png,17017
depth/005009.png,16999
depth/005010.png,17270
depth/005011.png,17379
depth/005012.png,17604
depth/005013.png,18399
depth/005014.png,18108
depth/005015.png,19318
depth/005016.png,19396
depth/005017.png,19680
depth/005018.png,19746
depth/005019.png,19332
depth/005020.png,19189
depth/005021.png,18900
depth/005022.png,18731
depth/005023.png,18669
depth/005024.png,18465
depth/005025.png,18473
depth/005026.png,18664
depth/005027.png,19080
depth/005028.png,19182
depth/005029.png,19168
depth/005030.png,19506
depth/005031.png,19340
depth/005032.png,20286
depth/005033.png,20687
depth/005034.png,21317
depth/005035.png,21382
depth/005036.png,22130
depth/005037.png,22350
depth/005038.png,22578
depth/005039.png,22880
depth/005040.png,23393
depth/005041.png,23308
depth/005042.png,23657
depth/005043.png,23364
depth/005044.png,23345
depth/005045.png,23504
depth/005046.png,23272
depth/005047.png,23213
depth/005048.png,23507
depth/005049.png,23266
depth/005050.png,23020
depth/005051.png,23209
depth/005052.png,23055
depth/005053.png,22998
depth/005054.png,23058
depth/005055.png,22724
depth/005056.png,22326
depth/005057.png,21750
depth/005058.png,21545
depth/005059.png,21357
depth/005060.png,21540
depth/005061.png,21237
depth/005062.png,21446
depth/005063.png,21467
depth/005064.png,20693
depth/005065.png,20983
depth/005066.png,21342
depth/005067.png,21176
depth/005068.png,21794
depth/005069.png,21556
depth/005070.png,21581
depth/005071.png,21626
depth/005072.png,21105
depth/005073.png,21505
depth/005074.png,21383
depth/005075.png,21381
depth/005076.png,21519
depth/005077.png,21513
depth/005078.png,21110
depth/005079.png,21010
depth/005080.png,20889
depth/005081.png,20620
depth/005082.png,20183
depth/005083.png,19836
depth/005084.png,19649
depth/005085.png,19764
depth/005086.png,20055
depth/005087.png,19832
depth/005088.png,19687
depth/005089.png,19271
depth/005090.png,19299
depth/005091.png,19292
depth/005092.png,18880
depth/005093.png,18705
depth/005094.png,18870
depth/005095.png,19073
depth/005096.png,19967
depth/005097.png,19612
depth/005098.png,20163
depth/005099.png,20214
depth/005100.png,20997
depth/005101.png,21052
depth/005102.png,21779
depth/005103.png,22680
depth/005104.png,22807
depth/005105.png,22703
depth/005106.png,22911
depth/005107.png,22652
depth/005108.png,22476
depth/005109.png,22539
depth/005110.png,22585
depth/005111.png,23811
depth/005112.png,23624
depth/005113.png,23452
depth/005114.png,23813
depth/005115.png,23490
depth/005116.png,23375
depth/005117.png,23520
depth/005118.png,23773
depth/005119.png,24398
depth/005120.png,23563
depth/005121.png,23941
depth/005122.png,23695
depth/005123.png,23619
depth/005124.png,23435
depth/005125.png,23364
depth/005126.png,23874
depth/005127.png,23990
depth/005128.png,23804
depth/005129.png,23250
depth/005130.png,23799
depth/005131.png,23465
depth/005132.png,23050
depth/005133.png,22929
depth/005134.png,22884
depth/005135.png,23521
depth/005136.png,23416
depth/005137.png,23008
depth/005138.png,23610
depth/005139.png,24101
depth/005140.png,23557
depth/005141.png,24460
depth/005142.png,24083
depth/005143.png,23559
depth/005144.png,23896
depth/005145.png,23780
depth/005146.png,24270
depth/005147.png,24737
depth/005148.png,25393
depth/005149.png,25185
depth/005150.png,25928
depth/005151.png,25215
depth/005152.png,25489
depth/005153.png,26219
depth/005154.png,26003
depth/005155.png,27313
depth/005156.png,26728
depth/005157.png,27267
depth/005158.png,27778
depth/005159.png,28570
depth/005160.png,27569
depth/005161.png,27698
depth/005162.png,28078
depth/005163.png,28392
depth/005164.png,29826
depth/005165.png,30792
depth/005166.png,30093
depth/005167.png,30268
depth/005168.png,30718
depth/005169.png,31186
depth/005170.png,31632
depth/005171.png,32799
depth/005172.png,33539
depth/005173.png,34061
depth/005174.png,34886
depth/005175.png,34908
depth/005176.png,35756
depth/005177.png,35637
depth/005178.png,35701
depth/005179.png,34538
depth/005180.png,35555
depth/005181.png,35569
depth/005182.png,36757
depth/005183.png,35536
depth/005184.png,34777
depth/005185.png,34517
depth/005186.png,33781
depth/005187.png,32016
depth/005188.png,31681
depth/005189.png,30273
depth/005190.png,31154
depth/005191.png,28774
depth/005192.png,29883
depth/005193.png,29118
depth/005194.png,28705
depth/005195.png,28058
depth/005196.png,27752
depth/005197.png,26798
depth/005198.png,25841
depth/005199.png,25076
depth/005200.png,24277
depth/005201.png,23466
depth/005202.png,22485
depth/005203.png,21312
depth/005204.png,20824
depth/005205.png,21094
depth/005206.png,20124
depth/005207.png,19715
depth/005208.png,19495
depth/005209.png,18946
depth/005210.png,18791
depth/005211.png,20052
depth/005212.png,18172
depth/005213.png,17457
depth/005214.png,17949
depth/005215.png,17357
depth/005216.png,17187
depth/005217.png,17009
depth/005218.png,17482
depth/005219.png,17682
depth/005220.png,17751
depth/005221.png,17074
depth/005222.png,16643
depth/005223.png,17028
depth/005224.png,17176
depth/005225.png,17466
depth/005226.png,17984
depth/005227.png,17970
depth/005228.png,18080
depth/005229.png,17896
depth/005230.png,18194
depth/005231.png,18214
depth/005232.png,18225
depth/005233.png,18327
depth/005234.png,18189
depth/005235.png,18308
depth/005236.png,18207
depth/005237.png,18150
depth/005238.png,18447
depth/005239.png,18569
depth/005240.png,18652
depth/005241.png,18757
depth/005242.png,18949
depth/005243.png,18769
depth/005244.png,18840
depth/005245.png,18902
depth/005246.png,18200
depth/005247.png,17673
depth/005248.png,17054
depth/005249.png,16029
depth/005250.png,15698
depth/005251.png,15837
depth/005252.png,15825
depth/005253.png,16172
depth/005254.png,16140
depth/005255.png,16320
depth/005256.png,16426
depth/005257.png,16276
depth/005258.png,16481
depth/005259.png,16642
depth/005260.png,16746
depth/005261.png,16869
depth/005262.png,16722
depth/005263.png,16861
depth/005264.png,16854
depth/005265.png,16913
depth/005266.png,17044
depth/005267.png,17020
depth/005268.png,17218
depth/005269.png,17415
depth/005270.png,17186
depth/005271.png,17448
depth/005272.png,17550
depth/005273.png,17622
depth/005274.png,17994
depth/005275.png,17983
depth/005276.png,18275
depth/005277.png,18385
depth/005278.png,18668
depth/005279.png,18623
depth/005280.png,18485
depth/005281.png,18631
depth/005282.png,18893
depth/005283.png,18665
depth/005284.png,18638
depth/005285.png,18852
depth/005286.png,19099
depth/005287.png,18814
depth/005288.png,19213
depth/005289.png,19169
depth/005290.png,19097
depth/005291.png,19098
depth/005292.png,19178
depth/005293.png,19133
depth/005294.png,19009
depth/005295.png,18985
depth/005296.png,19078
depth/005297.png,19141
depth/005298.png,18925
depth/005299.png,19434
depth/005300.png,19201
depth/005301.png,18885
depth/005302.png,19558
depth/005303.png,20029
depth/005304.png,19979
depth/005305.png,20073
depth/005306.png,20281
depth/005307.png,20167
depth/005308.png,20546
depth/005309.png,20348
depth/005310.png,20512
depth/005311.png,20535
depth/005312.png,20783
depth/005313.png,20558
depth/005314.png,20985
depth/005315.png,20901
depth/005316.png,20942
depth/005317.png,21150
depth/005318.png,20846
depth/005319.png,21293
depth/005320.png,21430
depth/005321.png,21374
depth/005322.png,21373
depth/005323.png,21380
depth/005324.png,21379
depth/005325.png,21805
depth/005326.png,22514
depth/005327.png,22515
depth/005328.png,22625
depth/005329.png,22506
depth/005330.png,22606
depth/005331.png,22548
depth/005332.png,22278
depth/005333.png,22226
depth/005334.png,22394
depth/005335.png,22626
depth/005336.png,22379
depth/005337.png,22316
depth/005338.png,22427
depth/005339.png,22287
depth/005340.png,22341
depth/005341.png,22613
depth/005342.png,22505
depth/005343.png,22547
depth/005344.png,22529
depth/005345.png,22366
depth/005346.png,22184
depth/005347.png,22047
depth/005348.png,21905
depth/005349.png,21636
depth/005350.png,21800
depth/005351.png,21962
depth/005352.png,21769
depth/005353.png,21667
depth/005354.png,21667
depth/005355.png,21727
depth/005356.png,21412
depth/005357.png,21449
depth/005358.png,21461
depth/005359.png,21376
depth/005360.png,21428
depth/005361.png,20975
depth/005362.png,20915
depth/005363.png,20727
depth/005364.png,20673
depth/005365.png,20764
depth/005366.png,20682
depth/005367.png,20872
depth/005368.png,20905
depth/005369.png,20905
depth/005370.png,20927
depth/005371.png,20754
depth/005372.png,20868
depth/005373.png,20985
depth/005374.png,21221
depth/005375.png,21357
depth/005376.png,21079
depth/005377.png,21046
depth/005378.png,20950
depth/005379.png,20687
depth/005380.png,20828
depth/005381.png,20596
depth/005382.png,20410
depth/005383.png,20453
depth/005384.png,20554
depth/005385.png,20505
depth/005386.png,20217
depth/005387.png,19918
depth/005388.png,19124
depth/005389.png,18850
depth/005390.png,18756
depth/005391.png,18639
depth/005392.png,18723
depth/005393.png,18566
depth/005394.png,18546
depth/005395.png,18535
depth/005396.png,18664
depth/005397.png,18620
depth/005398.png,18627
depth/005399.png,18606
depth/005400.png,18685
depth/005401.png,18489
depth/005402.png,18902
depth/005403.png,18621
depth/005404.png,18848
depth/005405.png,18901
depth/005406.png,18874
depth/005407.png,18945
depth/005408.png,18781
depth/005409.png,18959
depth/005410.png,18915
depth/005411.png,19321
depth/005412.png,19552
depth/005413.png,19442
depth/005414.png,19009
depth/005415.png,19171
depth/005416.png,19162
depth/005417.png,19204
depth/005418.png,19225
depth/005419.png,19234
depth/005420.png,19137
depth/005421.png,19065
depth/005422.png,18961
depth/005423.png,19286
depth/005424.png,19174
depth/005425.png,19161
depth/005426.png,19000
depth/005427.png,19026
depth/005428.png,18832
depth/005429.png,18800
depth/005430.png,18817
depth/005431.png,19034
depth/005432.png,19074
depth/005433.png,18928
depth/005434.png,18800
depth/005435.png,18944
depth/005436.png,18700
depth/005437.png,18863
depth/005438.png,19019
depth/005439.png,19063
depth/005440.png,18810
depth/005441.png,18574
depth/005442.png,18471
depth/005443.png,18203
depth/005444.png,18089
depth/005445.png,18130
depth/005446.png,18020
depth/005447.png,17871
depth/005448.png,17814
depth/005449.png,17609
depth/005450.png,17625
depth/005451.png,17611
depth/005452.png,17542
depth/005453.png,17435
depth/005454.png,17142
depth/005455.png,16896
depth/005456.png,16671
depth/005457.png,16582
depth/005458.png,16314
depth/005459.png,16224
depth/005460.png,15980
depth/005461.png,15795
depth/005462.png,15675
depth/005463.png,15703
depth/005464.png,15923
depth/005465.png,15857
depth/005466.png,15656
depth/005467.png,15761
depth/005468.png,15853
depth/005469.png,15866
depth/005470.png,15873
depth/005471.png,15851
depth/005472.png,15909
depth/005473.png,15675
depth/005474.png,15816
depth/005475.png,15829
depth/005476.png,15778
depth/005477.png,15622
depth/005478.png,15791
depth/005479.png,15607
depth/005480.png,15527
depth/005481.png,15403
depth/005482.png,15450
depth/005483.png,15366
depth/005484.png,15332
depth/005485.png,15181
depth/005486.png,15359
depth/005487.png,14968
depth/005488.png,14972
depth/005489.png,14739
depth/005490.png,14279
depth/005491.png,13355
depth/005492.png,13572
depth/005493.png,13307
depth/005494.png,13407
depth/005495.png,13402
depth/005496.png,13105
depth/005497.png,12888
depth/005498.png,12841
depth/005499.png,12850
depth/005500.png,12907
depth/005501.png,12914
depth/005502.png,13082
depth/005503.png,13250
depth/005504.png,13391
depth/005505.png,13231
depth/005506.png,13283
depth/005507.png,13619
depth/005508.png,14197
depth/005509.png,15127
depth/005510.png,14945
depth/005511.png,15172
depth/005512.png,15241
depth/005513.png,15395
depth/005514.png,15673
depth/005515.png,16062
depth/005516.png,16253
depth/005517.png,16551
depth/005518.png,16749
depth/005519.png,16796
depth/005520.png,16669
depth/005521.png,17007
depth/005522.png,17586
depth/005523.png,17538
depth/005524.png,17871
depth/005525.png,18314
depth/005526.png,18811
depth/005527.png,20975
depth/005528.png,21554
depth/005529.png,22251
depth/005530.png,23229
depth/005531.png,23479
depth/005532.png,25345
depth/005533.png,26067
depth/005534.png,26042
depth/005535.png,26982
depth/005536.png,27077
depth/005537.png,27109
depth/005538.png,27072
depth/005539.png,26716
depth/005540.png,27006
depth/005541.png,27227
depth/005542.png,27120
depth/005543.png,27982
depth/005544.png,28166
depth/005545.png,28291
depth/005546.png,27955
depth/005547.png,27500
depth/005548.png,27368
depth/005549.png,28051
depth/005550.png,28211
depth/005551.png,27388
depth/005552.png,27880
depth/005553.png,27613
depth/005554.png,27918
depth/005555.png,27803
depth/005556.png,27881
depth/005557.png,26397
depth/005558.png,26470
depth/005559.png,26446
depth/005560.png,28322
depth/005561.png,28995
depth/005562.png,28911
depth/005563.png,28598
depth/005564.png,28838
depth/005565.png,28647
depth/005566.png,28750
depth/005567.png,28211
depth/005568.png,28583
depth/005569.png,28951
depth/005570.png,29347
depth/005571.png,30131
depth/005572.png,29931
depth/005573.png,29990
depth/005574.png,29882
depth/005575.png,30026
depth/005576.png,28796
depth/005577.png,28411
depth/005578.png,28797
depth/005579.png,28824
depth/005580.png,28904
depth/005581.png,29188
depth/005582.png,29019
depth/005583.png,28715
depth/005584.png,28700
depth/005585.png,28440
depth/005586.png,28118
depth/005587.png,28257
depth/005588.png,28139
depth/005589.png,28151
depth/005590.png,28733
depth/005591.png,28576
depth/005592.png,28562
depth/005593.png,28657
depth/005594.png,28239
depth/005595.png,28159
depth/005596.png,27954
depth/005597.png,28110
depth/005598.png,27829
depth/005599.png,27309
depth/005600.png,27071
depth/005601.png,27085
depth/005602.png,26739
depth/005603.png,26819
depth/005604.png,26584
depth/005605.png,26638
depth/005606.png,26922
depth/005607.png,26705
depth/005608.png,26145
depth/005609.png,26281
depth/005610.png,25831
depth/005611.png,25823
depth/005612.png,25585
depth/005613.png,25018
depth/005614.png,25185
depth/005615.png,24627
depth/005616.png,24672
depth/005617.png,24658
depth/005618.png,24818
depth/005619.png,24605
depth/005620.png,24424
depth/005621.png,24765
depth/005622.png,24798
depth/005623.png,24626
depth/005624.png,24697
depth/005625.png,24519
depth/005626.png,24472
depth/005627.png,24425
depth/005628.png,24377
depth/005629.png,24345
depth/005630.png,24342
depth/005631.png,23975
depth/005632.png,23653
depth/005633.png,23060
depth/005634.png,23122
depth/005635.png,23335
depth/005636.png,22647
depth/005637.png,22869
depth/005638.png,22501
depth/005639.png,22707
depth/005640.png,22290
depth/005641.png,22398
depth/005642.png,22094
depth/005643.png,22389
depth/005644.png,21890
depth/005645.png,21902
depth/005646.png,21490
depth/005647.png,21098
depth/005648.png,21000
depth/005649.png,20721
depth/005650.png,20800
depth/005651.png,20974
depth/005652.png,20455
depth/005653.png,20343
depth/005654.png,19973
depth/005655.png,19842
depth/005656.png,19576
depth/005657.png,19758
depth/005658.png,19557
depth/005659.png,18883
depth/005660.png,18650
depth/005661.png,18622
depth/005662.png,18345
depth/005663.png,18634
depth/005664.png,19069
depth/005665.png,19303
depth/005666.png,19141
depth/005667.png,19269
depth/005668.png,19109
depth/005669.png,19327
depth/005670.png,19512
depth/005671.png,19072
depth/005672.png,18736
depth/005673.png,18575
depth/005674.png,18441
depth/005675.png,18543
depth/005676.png,18257
depth/005677.png,18397
depth/005678.png,18049
depth/005679.png,18063
depth/005680.png,18496
depth/005681.png,18930
depth/005682.png,19338
depth/005683.png,19167
depth/005684.png,19354
depth/005685.png,19106
depth/005686.png,17602
depth/005687.png,16853
depth/005688.png,16830
depth/005689.png,16631
depth/005690.png,16807
depth/005691.png,16965
depth/005692.png,16420
depth/005693.png,16624
depth/005694.png,16692
depth/005695.png,16887
depth/005696.png,16910
depth/005697.png,17100
depth/005698.png,17794
depth/005699.png,18381
depth/005700.png,18344
depth/005701.png,18810
depth/005702.png,19336
depth/005703.png,20259
depth/005704.png,20110
depth/005705.png,20682
depth/005706.png,21492
depth/005707.png,21286
depth/005708.png,21621
depth/005709.png,21595
depth/005710.png,22248
depth/005711.png,22200
depth/005712.png,22427
depth/005713.png,22469
depth/005714.png,22754
depth/005715.png,22494
depth/005716.png,22263
depth/005717.png,22164
depth/005718.png,22515
depth/005719.png,21971
depth/005720.png,22109
depth/005721.png,22845
depth/005722.png,23570
depth/005723.png,23884
depth/005724.png,23635
depth/005725.png,24360
depth/005726.png,25219
depth/005727.png,25425
depth/005728.png,26766
depth/005729.png,27387
depth/005730.png,28051
depth/005731.png,27637
depth/005732.png,27667
depth/005733.png,27611
depth/005734.png,28652
depth/005735.png,28633
depth/005736.png,28335
depth/005737.png,28569
depth/005738.png,28743
depth/005739.png,28317
depth/005740.png,28413
depth/005741.png,29092
depth/005742.png,29125
depth/005743.png,28633
depth/005744.png,29034
depth/005745.png,29309
depth/005746.png,29809
depth/005747.png,29360
depth/005748.png,29169
depth/005749.png,28304
depth/005750.png,29084
depth/005751.png,28813
depth/005752.png,28760
depth/005753.png,28747
depth/005754.png,28557
depth/005755.png,28943
depth/005756.png,28981
depth/005757.png,29435
depth/005758.png,29628
depth/005759.png,29521
depth/005760.png,28881
depth/005761.png,29124
depth/005762.png,29095
depth/005763.png,29425
depth/005764.png,30201
depth/005765.png,30442
depth/005766.png,30555
depth/005767.png,31105
depth/005768.png,30892
depth/005769.png,31175
depth/005770.png,31505
depth/005771.png,31615
depth/005772.png,31992
depth/005773.png,31742
depth/005774.png,32094
depth/005775.png,32457
depth/005776.png,32764
depth/005777.png,32684
depth/005778.png,32291
depth/005779.png,33165
depth/005780.png,32895
depth/005781.png,32782
depth/005782.png,33006
depth/005783.png,32537
depth/005784.png,32759
depth/005785.png,32317
depth/005786.png,31408
depth/005787.png,32167
depth/005788.png,31975
depth/005789.png,31762
depth/005790.png,32408
depth/005791.png,32391
depth/005792.png,31884
depth/005793.png,32178
depth/005794.png,32234
depth/005795.png,31706
depth/005796.png,30985
depth/005797.png,30604
depth/005798.png,31170
depth/005799.png,30262
depth/005800.png,30010
depth/005801.png,30160
depth/005802.png,29270
depth/005803.png,29165
depth/005804.png,29385
depth/005805.png,29645
depth/005806.png,30592
depth/005807.png,30146
depth/005808.png,29137
depth/005809.png,27137
depth/005810.png,27464
depth/005811.png,27751
depth/005812.png,28330
depth/005813.png,27531
depth/005814.png,26771
depth/005815.png,25950
depth/005816.png,25865
depth/005817.png,25801
depth/005818.png,25856
depth/005819.png,25635
depth/005820.png,26325
depth/005821.png,25964
depth/005822.png,25349
depth/005823.png,24501
depth/005824.png,24340
depth/005825.png,24096
depth/005826.png,23908
depth/005827.png,23381
depth/005828.png,22581
depth/005829.png,22410
depth/005830.png,22146
depth/005831.png,21920
depth/005832.png,21936
depth/005833.png,22013
depth/005834.png,21821
depth/005835.png,21930
depth/005836.png,21927
depth/005837.png,20495
depth/005838.png,20608
depth/005839.png,20327
depth/005840.png,20202
depth/005841.png,19612
depth/005842.png,19452
depth/005843.png,19515
depth/005844.png,18152
depth/005845.png,18124
depth/005846.png,18246
depth/005847.png,18340
depth/005848.png,19048
depth/005849.png,18739
depth/005850.png,18259
depth/005851.png,17849
depth/005852.png,17685
depth/005853.png,17314
depth/005854.png,17806
depth/005855.png,17494
depth/005856.png,17792
depth/005857.png,17876
depth/005858.png,17721
depth/005859.png,17334
depth/005860.png,16809
depth/005861.png,16936
depth/005862.png,17308
depth/005863.png,17289
depth/005864.png,17252
depth/005865.png,16931
depth/005866.png,16807
depth/005867.png,16921
depth/005868.png,16635
depth/005869.png,16748
depth/005870.png,16935
depth/005871.png,16392
depth/005872.png,16488
depth/005873.png,16240
depth/005874.png,16004
depth/005875.png,15998
depth/005876.png,16204
depth/005877.png,16066
depth/005878.png,16199
depth/005879.png,16095
depth/005880.png,15939
depth/005881.png,15893
depth/005882.png,15897
depth/005883.png,15715
depth/005884.png,15660
depth/005885.png,15870
depth/005886.png,15910
depth/005887.png,16038
depth/005888.png,15981
depth/005889.png,15838
depth/005890.png,15683
depth/005891.png,15620
depth/005892.png,15906
depth/005893.png,15909
depth/005894.png,15664
depth/005895.png,15893
depth/005896.png,15881
depth/005897.png,16031
depth/005898.png,15949
depth/005899.png,16333
depth/005900.png,16123
depth/005901.png,16863
depth/005902.png,16521
depth/005903.png,16002
depth/005904.png,16181
depth/005905.png,15649
depth/005906.png,15874
depth/005907.png,15655
depth/005908.png,15610
depth/005909.png,15774
depth/005910.png,15764
depth/005911.png,15616
depth/005912.png,15536
depth/005913.png,15570
depth/005914.png,15391
depth/005915.png,15165
depth/005916.png,15217
depth/005917.png,15363
depth/005918.png,15179
depth/005919.png,15256
depth/005920.png,15172
depth/005921.png,15246
depth/005922.png,15611
depth/005923.png,15929
depth/005924.png,15914
depth/005925.png,16478
depth/005926.png,16861
depth/005927.png,17160
depth/005928.png,17594
depth/005929.png,17975
depth/005930.png,18807
depth/005931.png,18999
depth/005932.png,20108
depth/005933.png,20337
depth/005934.png,20873
depth/005935.png,21051
depth/005936.png,21151
depth/005937.png,21269
depth/005938.png,21812
depth/005939.png,22091
depth/005940.png,22496
depth/005941.png,23099
depth/005942.png,23197
depth/005943.png,23134
depth/005944.png,23473
depth/005945.png,23422
depth/005946.png,23862
depth/005947.png,23871
depth/005948.png,23596
depth/005949.png,23975
depth/005950.png,24011
depth/005951.png,23978
depth/005952.png,23998
depth/005953.png,23680
depth/005954.png,23663
depth/005955.png,23497
depth/005956.png,23204
depth/005957.png,24467
depth/005958.png,24647
depth/005959.png,24491
depth/005960.png,24203
depth/005961.png,24695
depth/005962.png,25301
depth/005963.png,24874
depth/005964.png,25234
depth/005965.png,24680
depth/005966.png,25421
depth/005967.png,25526
depth/005968.png,25329
depth/005969.png,25196
depth/005970.png,25435
depth/005971.png,25318
depth/005972.png,24890
depth/005973.png,24952
depth/005974.png,24970
depth/005975.png,25144
depth/005976.png,25081
depth/005977.png,25160
depth/005978.png,24746
depth/005979.png,25234
depth/005980.png,25401
depth/005981.png,25229
depth/005982.png,25561
depth/005983.png,25762
depth/005984.png,25560
depth/005985.png,25743
depth/005986.png,25987
depth/005987.png,25765
depth/005988.png,25988
depth/005989.png,25779
depth/005990.png,26064
depth/005991.png,26010
depth/005992.png,26070
depth/005993.png,26243
depth/005994.png,26050
depth/005995.png,25994
depth/005996.png,26090
depth/005997.png,25870
depth/005998.png,25987
depth/005999.png,25834
depth/006000.png,25760
depth/006001.png,26065
depth/006002.png,26149
depth/006003.png,26065
depth/006004.png,25669
depth/006005.png,25823
depth/006006.png,26006
depth/006007.png,25875
depth/006008.png,25822
depth/006009.png,25919
depth/006010.png,26167
depth/006011.png,25991
depth/006012.png,25830
depth/006013.png,25902
depth/006014.png,26228
depth/006015.png,26406
depth/006016.png,26178
depth/006017.png,26214
depth/006018.png,26112
depth/006019.png,26012
depth/006020.png,25875
depth/006021.png,25549
depth/006022.png,25349
depth/006023.png,25554
depth/006024.png,25655
depth/006025.png,26169
depth/006026.png,25931
depth/006027.png,25829
depth/006028.png,25640
depth/006029.png,25746
depth/006030.png,25394
depth/006031.png,25464
depth/006032.png,25058
depth/006033.png,24766
depth/006034.png,24452
depth/006035.png,24179
depth/006036.png,23987
depth/006037.png,24076
depth/006038.png,23850
depth/006039.png,24294
depth/006040.png,23976
depth/006041.png,23517
depth/006042.png,23009
depth/006043.png,23324
depth/006044.png,23626
depth/006045.png,23355
depth/006046.png,23287
depth/006047.png,23180
depth/006048.png,22991
depth/006049.png,22795
depth/006050.png,23276
depth/006051.png,22841
depth/006052.png,22928
depth/006053.png,22936
depth/006054.png,22444
depth/006055.png,22255
depth/006056.png,21790
depth/006057.png,20433
depth/006058.png,20401
depth/006059.png,19145
depth/006060.png,19029
depth/006061.png,18217
depth/006062.png,17472
depth/006063.png,16125
depth/006064.png,15268
depth/006065.png,15392
depth/006066.png,14823
depth/006067.png,14777
depth/006068.png,14028
depth/006069.png,13738
depth/006070.png,14119
depth/006071.png,14209
depth/006072.png,13902
depth/006073.png,13816
depth/006074.png,13901
depth/006075.png,13905
depth/006076.png,14240
depth/006077.png,13897
depth/006078.png,14106
depth/006079.png,14157
depth/006080.png,14009
depth/006081.png,14294
depth/006082.png,14351
depth/006083.png,14312
depth/006084.png,13828
depth/006085.png,14226
depth/006086.png,14583
depth/006087.png,14903
depth/006088.png,15045
depth/006089.png,15820
depth/006090.png,15747
depth/006091.png,15736
depth/006092.png,15821
depth/006093.png,16001
depth/006094.png,16037
depth/006095.png,16191
depth/006096.png,15889
depth/006097.png,15616
depth/006098.png,15725
depth/006099.png,15620
depth/006100.png,15548
depth/006101.png,15097
depth/006102.png,15366
depth/006103.png,15615
depth/006104.png,16119
depth/006105.png,16182
depth/006106.png,15798
depth/006107.png,15770
depth/006108.png,15858
depth/006109.png,15658
depth/006110.png,15714
depth/006111.png,15567
depth/006112.png,15345
depth/006113.png,15972
depth/006114.png,17186
depth/006115.png,17529
depth/006116.png,18418
depth/006117.png,18532
depth/006118.png,18395
depth/006119.png,18363
depth/006120.png,17977
depth/006121.png,17003
depth/006122.png,16086
depth/006123.png,15609
depth/006124.png,15060
depth/006125.png,15197
depth/006126.png,15391
depth/006127.png,15197
depth/006128.png,15136
depth/006129.png,15346
depth/006130.png,15357
depth/006131.png,15550
depth/006132.png,15535
depth/006133.png,15371
depth/006134.png,15495
depth/006135.png,15670
depth/006136.png,15718
depth/006137.png,15985
depth/006138.png,16081
depth/006139.png,16423
depth/006140.png,16323
depth/006141.png,16311
depth/006142.png,16587
depth/006143.png,16538
depth/006144.png,16866
depth/006145.png,16846
depth/006146.png,17230
depth/006147.png,17363
depth/006148.png,17416
depth/006149.png,18241
depth/006150.png,18329
depth/006151.png,18496
depth/006152.png,18700
depth/006153.png,18589
depth/006154.png,19104
depth/006155.png,18961
depth/006156.png,19085
depth/006157.png,19290
depth/006158.png,19632
depth/006159.png,19569
depth/006160.png,19895
depth/006161.png,19654
depth/006162.png,20043
depth/006163.png,20237
depth/006164.png,20332
depth/006165.png,20772
depth/006166.png,20643
depth/006167.png,20942
depth/006168.png,21479
depth/006169.png,21742
depth/006170.png,21759
depth/006171.png,21754
depth/006172.png,21808
depth/006173.png,22216
depth/006174.png,22269
depth/006175.png,22310
depth/006176.png,23187
depth/006177.png,23231
depth/006178.png,22955
depth/006179.png,22906
depth/006180.png,22861
depth/006181.png,23070
depth/006182.png,22971
depth/006183.png,23131
depth/006184.png,23235
depth/006185.png,23223
depth/006186.png,22787
depth/006187.png,22656
depth/006188.png,22349
depth/006189.png,22144
depth/006190.png,21878
depth/006191.png,21763
depth/006192.png,21397
depth/006193.png,21554
depth/006194.png,21055
depth/006195.png,21251
depth/006196.png,21218
depth/006197.png,21187
depth/006198.png,21289
depth/006199.png,21247
depth/006200.png,20961
depth/006201.png,21087
depth/006202.png,21057
depth/006203.png,21059
depth/006204.png,21083
depth/006205.png,21048
depth/006206.png,21091
depth/006207.png,21139
depth/006208.png,21138
depth/006209.png,20918
depth/006210.png,20963
depth/006211.png,21302
depth/006212.png,21212
depth/006213.png,21137
depth/006214.png,20942
depth/006215.png,21413
depth/006216.png,21271
depth/006217.png,21076
depth/006218.png,20962
depth/006219.png,20951
depth/006220.png,20776
depth/006221.png,20737
depth/006222.png,20649
depth/006223.png,20634
depth/006224.png,20524
depth/006225.png,20669
depth/006226.png,20434
depth/006227.png,20179
depth/006228.png,20155
depth/006229.png,19998
depth/006230.png,19541
depth/006231.png,18999
depth/006232.png,19413
depth/006233.png,18815
depth/006234.png,18683
depth/006235.png,18431
depth/006236.png,18214
depth/006237.png,18129
depth/006238.png,18084
depth/006239.png,17936
depth/006240.png,17873
depth/006241.png,17555
depth/006242.png,17708
depth/006243.png,17964
depth/006244.png,17813
depth/006245.png,17965
depth/006246.png,18118
depth/006247.png,18013
depth/006248.png,17936
depth/006249.png,17977
depth/006250.png,18107
depth/006251.png,18071
depth/006252.png,18378
depth/006253.png,18497
depth/006254.png,18608
depth/006255.png,18953
depth/006256.png,18845
depth/006257.png,18801
depth/006258.png,18202
depth/006259.png,18160
depth/006260.png,17966
depth/006261.png,17950
depth/006262.png,17879
depth/006263.png,17915
depth/006264.png,18003
depth/006265.png,17816
depth/006266.png,17815
depth/006267.png,17767
depth/006268.png,17769
depth/006269.png,17734
depth/006270.png,17676
depth/006271.png,17659
depth/006272.png,17413
depth/006273.png,17717
depth/006274.png,17491
depth/006275.png,17330
depth/006276.png,17462
depth/006277.png,17227
depth/006278.png,17281
depth/006279.png,16944
depth/006280.png,16606
depth/006281.png,16278
depth/006282.png,16347
depth/006283.png,15985
depth/006284.png,15785
depth/006285.png,15700
depth/006286.png,15626
depth/006287.png,15403
depth/006288.png,15124
depth/006289.png,15034
depth/006290.png,14857
depth/006291.png,14713
depth/006292.png,14525
depth/006293.png,14679
depth/006294.png,13958
depth/006295.png,14051
depth/006296.png,13996
depth/006297.png,13883
depth/006298.png,13902
depth/006299.png,14015
depth/006300.png,14014
depth/006301.png,14141
depth/006302.png,14306
depth/006303.png,14141
depth/006304.png,14051
depth/006305.png,14199
depth/006306.png,13927
depth/006307.png,14437
depth/006308.png,14483
depth/006309.png,14201
depth/006310.png,14511
depth/006311.png,14372
depth/006312.png,14138
depth/006313.png,14076
depth/006314.png,13847
depth/006315.png,13851
depth/006316.png,13906
depth/006317.png,14046
depth/006318.png,14272
depth/006319.png,14308
depth/006320.png,14314
depth/006321.png,14482
depth/006322.png,14385
depth/006323.png,14445
depth/006324.png,14326
depth/006325.png,14322
depth/006326.png,14454
depth/006327.png,14440
depth/006328.png,14676
depth/006329.png,14482
depth/006330.png,14541
depth/006331.png,14611
depth/006332.png,14608
depth/006333.png,14981
depth/006334.png,15020
depth/006335.png,15188
depth/006336.png,15569
depth/006337.png,15908
depth/006338.png,16265
depth/006339.png,16271
depth/006340.png,16971
depth/006341.png,17097
depth/006342.png,17423
depth/006343.png,17427
depth/006344.png,17664
depth/006345.png,18407
depth/006346.png,18650
depth/006347.png,18709
depth/006348.png,19067
depth/006349.png,19225
depth/006350.png,19151
depth/006351.png,19324
depth/006352.png,19333
depth/006353.png,19278
depth/006354.png,19542
depth/006355.png,19532
depth/006356.png,19535
depth/006357.png,19513
depth/006358.png,19439
depth/006359.png,19538
depth/006360.png,19823
depth/006361.png,19788
depth/006362.png,19752
depth/006363.png,19764
depth/006364.png,19985
depth/006365.png,19929
depth/006366.png,19886
depth/006367.png,19941
depth/006368.png,20089
depth/006369.png,20141
depth/006370.png,20462
depth/006371.png,20627
depth/006372.png,20771
depth/006373.png,20604
depth/006374.png,20746
depth/006375.png,20718
depth/006376.png,20612
depth/006377.png,20712
depth/006378.png,20548
depth/006379.png,20593
depth/006380.png,20551
depth/006381.png,20849
depth/006382.png,20625
depth/006383.png,20448
depth/006384.png,20560
depth/006385.png,20648
depth/006386.png,20488
depth/006387.png,20517
depth/006388.png,20397
depth/006389.png,20583
depth/006390.png,20676
depth/006391.png,20803
depth/006392.png,21042
depth/006393.png,20819
depth/006394.png,21506
depth/006395.png,21655
depth/006396.png,21862
depth/006397.png,22400
depth/006398.png,22588
depth/006399.png,23821
depth/006400.png,24216
depth/006401.png,24225
depth/006402.png,24534
depth/006403.png,24477
depth/006404.png,23563
depth/006405.png,23916
depth/006406.png,24973
depth/006407.png,25566
depth/006408.png,24994
depth/006409.png,24530
depth/006410.png,24431
depth/006411.png,24717
depth/006412.png,25613
depth/006413.png,25683
depth/006414.png,26066
depth/006415.png,25212
depth/006416.png,25605
depth/006417.png,24811
depth/006418.png,25708
depth/006419.png,24093
depth/006420.png,23977
depth/006421.png,25634
depth/006422.png,25401
depth/006423.png,25609
depth/006424.png,24330
depth/006425.png,24671
depth/006426.png,24225
depth/006427.png,23860
depth/006428.png,22747
depth/006429.png,22885
depth/006430.png,23834
depth/006431.png,24043
depth/006432.png,23811
depth/006433.png,23822
depth/006434.png,23016
depth/006435.png,22892
depth/006436.png,23148
depth/006437.png,22958
depth/006438.png,22608
depth/006439.png,22493
depth/006440.png,22023
depth/006441.png,22067
depth/006442.png,21932
depth/006443.png,21164
depth/006444.png,21342
depth/006445.png,21462
depth/006446.png,21967
depth/006447.png,21023
depth/006448.png,20468
depth/006449.png,20108
depth/006450.png,18383
depth/006451.png,18659
depth/006452.png,18545
depth/006453.png,18448
depth/006454.png,18988
depth/006455.png,19077
depth/006456.png,19079
depth/006457.png,19775
depth/006458.png,19734
depth/006459.png,20205
depth/006460.png,20545
depth/006461.png,21446
depth/006462.png,21643
depth/006463.png,22492
depth/006464.png,22817
depth/006465.png,23233
depth/006466.png,23079
depth/006467.png,21982
depth/006468.png,21931
depth/006469.png,22074
depth/006470.png,22030
depth/006471.png,22550
depth/006472.png,22386
depth/006473.png,22413
depth/006474.png,22356
depth/006475.png,22518
depth/006476.png,22185
depth/006477.png,22250
depth/006478.png,22163
depth/006479.png,22280
depth/006480.png,21681
depth/006481.png,21764
depth/006482.png,21429
depth/006483.png,21601
depth/006484.png,21727
depth/006485.png,21838
depth/006486.png,21857
depth/006487.png,21813
depth/006488.png,21921
depth/006489.png,22255
depth/006490.png,22244
depth/006491.png,22051
depth/006492.png,22690
depth/006493.png,22811
depth/006494.png,22928
depth/006495.png,23033
depth/006496.png,22894
depth/006497.png,23091
depth/006498.png,22693
depth/006499.png,23375
depth/006500.png,23445
depth/006501.png,23728
depth/006502.png,23035
depth/006503.png,24343
depth/006504.png,24745
depth/006505.png,25656
depth/006506.png,26703
depth/006507.png,26634
depth/006508.png,26007
depth/006509.png,26344
depth/006510.png,26243
depth/006511.png,26072
depth/006512.png,26310
depth/006513.png,26369
depth/006514.png,26971
depth/006515.png,26843
depth/006516.png,26329
depth/006517.png,26614
depth/006518.png,26039
depth/006519.png,25426
depth/006520.png,25005
depth/006521.png,24412
depth/006522.png,24333
depth/006523.png,24059
depth/006524.png,23967
depth/006525.png,23634
depth/006526.png,23295
depth/006527.png,23776
depth/006528.png,23527
depth/006529.png,23521
depth/006530.png,22295
depth/006531.png,23221
depth/006532.png,23300
depth/006533.png,21560
depth/006534.png,21414
depth/006535.png,21214
depth/006536.png,21145
depth/006537.png,20368
depth/006538.png,20784
depth/006539.png,20907
depth/006540.png,20208
depth/006541.png,19997
depth/006542.png,19549
depth/006543.png,19324
depth/006544.png,19518
depth/006545.png,19304
depth/006546.png,19363
depth/006547.png,19667
depth/006548.png,19533
depth/006549.png,20044
depth/006550.png,20076
depth/006551.png,20218
depth/006552.png,19948
depth/006553.png,19762
depth/006554.png,19689
depth/006555.png,19472
depth/006556.png,19079
depth/006557.png,19685
depth/006558.png,19606
depth/006559.png,19273
depth/006560.png,20025
depth/006561.png,19893
depth/006562.png,19823
depth/006563.png,19479
depth/006564.png,19628
depth/006565.png,19782
depth/006566.png,19591
depth/006567.png,19484
depth/006568.png,19964
depth/006569.png,20056
depth/006570.png,19993
depth/006571.png,19832
depth/006572.png,19808
depth/006573.png,20182
depth/006574.png,19945
depth/006575.png,19969
depth/006576.png,20028
depth/006577.png,20255
depth/006578.png,20072
depth/006579.png,20014
depth/006580.png,20007
depth/006581.png,20015
depth/006582.png,19977
depth/006583.png,20231
depth/006584.png,19834
depth/006585.png,19993
depth/006586.png,20058
depth/006587.png,19598
depth/006588.png,19770
depth/006589.png,19772
depth/006590.png,19770
depth/006591.png,20125
depth/006592.png,20225
depth/006593.png,20136
depth/006594.png,19774
depth/006595.png,20031
depth/006596.png,19928
depth/006597.png,19993
depth/006598.png,19939
depth/006599.png,19817
depth/006600.png,19760
depth/006601.png,20098
depth/006602.png,19959
depth/006603.png,20132
depth/006604.png,19714
depth/006605.png,20075
depth/006606.png,19995
depth/006607.png,19918
depth/006608.png,19651
depth/006609.png,19731
depth/006610.png,19747
depth/006611.png,20017
depth/006612.png,20093
depth/006613.png,19964
depth/006614.png,19846
depth/006615.png,19972
depth/006616.png,20099
depth/006617.png,20116
depth/006618.png,20394
depth/006619.png,20138
depth/006620.png,20009
depth/006621.png,20036
depth/006622.png,19919
depth/006623.png,20067
depth/006624.png,19992
depth/006625.png,19903
depth/006626.png,20043
depth/006627.png,20204
depth/006628.png,19804
depth/006629.png,19917
depth/006630.png,19821
depth/006631.png,19858
depth/006632.png,19953
depth/006633.png,19862
depth/006634.png,19940
depth/006635.png,19935
depth/006636.png,19909
depth/006637.png,19811
depth/006638.png,19750
depth/006639.png,19777
depth/006640.png,19852
depth/006641.png,19993
depth/006642.png,19961
depth/006643.png,19743
depth/006644.png,19843
depth/006645.png,19626
depth/006646.png,20058
depth/006647.png,19730
depth/006648.png,20062
depth/006649.png,19946
depth/006650.png,19910
depth/006651.png,20224
depth/006652.png,20179
depth/006653.png,20299
depth/006654.png,20158
depth/006655.png,20146
depth/006656.png,20311
depth/006657.png,20184
depth/006658.png,20285
depth/006659.png,20253
depth/006660.png,20392
depth/006661.png,20329
depth/006662.png,20431
depth/006663.png,20223
depth/006664.png,20305
depth/006665.png,20316
depth/006666.png,20246
depth/006667.png,20273
depth/006668.png,20150
depth/006669.png,20040
depth/006670.png,20145
depth/006671.png,20106
depth/006672.png,20028
depth/006673.png,20028
depth/006674.png,20284
depth/006675.png,20227
depth/006676.png,20157
depth/006677.png,20293
depth/006678.png,20175
depth/006679.png,20139
depth/006680.png,20047
depth/006681.png,20452
depth/006682.png,20572
depth/006683.png,20040
depth/006684.png,20314
depth/006685.png,20320
depth/006686.png,20375
depth/006687.png,20508
depth/006688.png,20366
depth/006689.png,20420
depth/006690.png,20651
depth/006691.png,20683
depth/006692.png,20379
depth/006693.png,20495
depth/006694.png,20478
depth/006695.png,20199
depth/006696.png,19998
depth/006697.png,20050
depth/006698.png,20117
depth/006699.png,20175
depth/006700.png,20313
depth/006701.png,20216
depth/006702.png,20143
depth/006703.png,20146
depth/006704.png,20215
depth/006705.png,20484
depth/006706.png,20386
depth/006707.png,20540
depth/006708.png,20839
depth/006709.png,20639
depth/006710.png,20475
depth/006711.png,20566
depth/006712.png,20758
depth/006713.png,20647
depth/006714.png,20922
depth/006715.png,20976
depth/006716.png,21011
depth/006717.png,21248
depth/006718.png,20923
depth/006719.png,21393
depth/006720.png,21232
depth/006721.png,21358
depth/006722.png,21413
depth/006723.png,21503
depth/006724.png,21488
depth/006725.png,20964
depth/006726.png,21100
depth/006727.png,21137
depth/006728.png,21065
depth/006729.png,20726
depth/006730.png,20806
depth/006731.png,20759
depth/006732.png,20735
depth/006733.png,20679
depth/006734.png,20503
depth/006735.png,20471
depth/006736.png,20467
depth/006737.png,20363
depth/006738.png,20335
depth/006739.png,20176
depth/006740.png,20136
depth/006741.png,19976
depth/006742.png,20090
depth/006743.png,20106
depth/006744.png,20049
depth/006745.png,20074
depth/006746.png,20020
depth/006747.png,20033
depth/006748.png,19921
depth/006749.png,20112
depth/006750.png,20174
depth/006751.png,20374
depth/006752.png,20423
depth/006753.png,20476
depth/006754.png,20591
depth/006755.png,20792
depth/006756.png,20763
depth/006757.png,20906
depth/006758.png,20858
depth/006759.png,21192
depth/006760.png,21190
depth/006761.png,21436
depth/006762.png,20976
depth/006763.png,20940
depth/006764.png,20971
depth/006765.png,21493
depth/006766.png,21129
depth/006767.png,21107
depth/006768.png,21032
depth/006769.png,20148
depth/006770.png,19973
depth/006771.png,19617
depth/006772.png,19510
depth/006773.png,20291
depth/006774.png,20534
depth/006775.png,21786
depth/006776.png,22262
depth/006777.png,22204
depth/006778.png,21561
depth/006779.png,20225
depth/006780.png,19113
depth/006781.png,17137
depth/006782.png,17084
depth/006783.png,16958
depth/006784.png,17393
depth/006785.png,17279
depth/006786.png,18572
depth/006787.png,18994
depth/006788.png,19449
depth/006789.png,20328
depth/006790.png,21522
depth/006791.png,22869
depth/006792.png,22795
depth/006793.png,23697
depth/006794.png,24187
depth/006795.png,24080
depth/006796.png,24323
depth/006797.png,24801
depth/006798.png,24610
depth/006799.png,24890
depth/006800.png,25453
depth/006801.png,25264
depth/006802.png,25708
depth/006803.png,25655
depth/006804.png,25340
depth/006805.png,25687
depth/006806.png,25297
depth/006807.png,25397
depth/006808.png,25872
depth/006809.png,25802
depth/006810.png,25603
depth/006811.png,26666
depth/006812.png,26093
depth/006813.png,26342
depth/006814.png,26161
depth/006815.png,25867
depth/006816.png,25943
depth/006817.png,25957
depth/006818.png,25594
depth/006819.png,25454
depth/006820.png,25475
depth/006821.png,24860
depth/006822.png,24624
depth/006823.png,24623
depth/006824.png,23895
depth/006825.png,24149
depth/006826.png,24066
depth/006827.png,23759
depth/006828.png,23385
depth/006829.png,23576
depth/006830.png,23030
depth/006831.png,22775
depth/006832.png,22775
depth/006833.png,22195
depth/006834.png,22444
depth/006835.png,22040
depth/006836.png,21314
depth/006837.png,21513
depth/006838.png,21484
depth/006839.png,21651
depth/006840.png,21816
depth/006841.png,21996
depth/006842.png,21838
depth/006843.png,21437
depth/006844.png,22007
depth/006845.png,21266
depth/006846.png,21883
depth/006847.png,21662
depth/006848.png,21803
depth/006849.png,21564
depth/006850.png,20945
depth/006851.png,20779
depth/006852.png,20238
depth/006853.png,19813
depth/006854.png,18960
depth/006855.png,18637
depth/006856.png,17700
depth/006857.png,17068
depth/006858.png,16706
depth/006859.png,16274
depth/006860.png,15747
depth/006861.png,15478
depth/006862.png,15607
depth/006863.png,15432
depth/006864.png,15387
depth/006865.png,15340
depth/006866.png,15474
depth/006867.png,15300
depth/006868.png,15457
depth/006869.png,15643
depth/006870.png,15933
depth/006871.png,16005
depth/006872.png,16106
depth/006873.png,16277
depth/006874.png,16343
depth/006875.png,16468
depth/006876.png,16706
depth/006877.png,16641
depth/006878.png,16871
depth/006879.png,16971
depth/006880.png,16997
depth/006881.png,16807
depth/006882.png,16917
depth/006883.png,16986
depth/006884.png,17129
depth/006885.png,17253
depth/006886.png,17368
depth/006887.png,17533
depth/006888.png,17666
depth/006889.png,17714
depth/006890.png,17848
depth/006891.png,17806
depth/006892.png,17932
depth/006893.png,18237
depth/006894.png,18431
depth/006895.png,18462
depth/006896.png,18860
depth/006897.png,18847
depth/006898.png,19067
depth/006899.png,19118
depth/006900.png,19220
depth/006901.png,19176
depth/006902.png,19163
depth/006903.png,19535
depth/006904.png,19499
depth/006905.png,19502
depth/006906.png,19822
depth/006907.png,19612
depth/006908.png,19840
depth/006909.png,19678
depth/006910.png,19744
depth/006911.png,19943
depth/006912.png,19860
depth/006913.png,19836
depth/006914.png,19832
depth/006915.png,19729
depth/006916.png,19743
depth/006917.png,19785
depth/006918.png,19865
depth/006919.png,19868
depth/006920.png,19827
depth/006921.png,19876
depth/006922.png,19814
depth/006923.png,19702
depth/006924.png,19666
depth/006925.png,19925
depth/006926.png,19888
depth/006927.png,19817
depth/006928.png,19655
depth/006929.png,19583
depth/006930.png,19516
depth/006931.png,19545
depth/006932.png,19512
depth/006933.png,19557
depth/006934.png,19450
depth/006935.png,19513
depth/006936.png,19509
depth/006937.png,19501
depth/006938.png,19276
depth/006939.png,19448
depth/006940.png,19409
depth/006941.png,19449
depth/006942.png,19559
depth/006943.png,19345
depth/006944.png,19378
depth/006945.png,19328
depth/006946.png,19232
depth/006947.png,19315
depth/006948.png,19207
depth/006949.png,19026
depth/006950.png,19083
depth/006951.png,19101
depth/006952.png,19146
depth/006953.png,19285
depth/006954.png,19346
depth/006955.png,19155
depth/006956.png,19168
depth/006957.png,19141
depth/006958.png,19127
depth/006959.png,19154
depth/006960.png,19113
depth/006961.png,19213
depth/006962.png,19053
depth/006963.png,18903
depth/006964.png,19090
depth/006965.png,18997
depth/006966.png,19145
depth/006967.png,19126
depth/006968.png,19174
depth/006969.png,19280
depth/006970.png,19073
depth/006971.png,19067
depth/006972.png,19293
depth/006973.png,19042
depth/006974.png,19231
depth/006975.png,19005
depth/006976.png,18989
depth/006977.png,19184
depth/006978.png,19088
depth/006979.png,19280
depth/006980.png,19210
depth/006981.png,18880
depth/006982.png,19164
depth/006983.png,18979
depth/006984.png,18956
depth/006985.png,19033
depth/006986.png,18656
depth/006987.png,18755
depth/006988.png,18832
depth/006989.png,18670
depth/006990.png,18426
depth/006991.png,18346
depth/006992.png,18241
depth/006993.png,18465
depth/006994.png,18338
depth/006995.png,18039
depth/006996.png,18033
depth/006997.png,18011
depth/006998.png,17995
depth/006999.png,17963
depth/007000.png,18160
depth/007001.png,17931
depth/007002.png,17918
depth/007003.png,17556
depth/007004.png,17644
depth/007005.png,17617
depth/007006.png,17903
depth/007007.png,17926
depth/007008.png,18034
depth/007009.png,18035
depth/007010.png,18318
depth/007011.png,18789
depth/007012.png,19006
depth/007013.png,19214
depth/007014.png,19228
depth/007015.png,19312
depth/007016.png,18885
depth/007017.png,18518
depth/007018.png,17646
depth/007019.png,16917
depth/007020.png,15596
depth/007021.png,15141
depth/007022.png,14784
depth/007023.png,13455
depth/007024.png,13284
depth/007025.png,12403
depth/007026.png,11899
depth/007027.png,10994
depth/007028.png,10972
depth/007029.png,11019
depth/007030.png,11302
depth/007031.png,11487
depth/007032.png,11796
depth/007033.png,12284
depth/007034.png,12388
depth/007035.png,12779
depth/007036.png,12795
depth/007037.png,12888
depth/007038.png,13077
depth/007039.png,13491
depth/007040.png,13868
depth/007041.png,14651
depth/007042.png,14496
depth/007043.png,14806
depth/007044.png,15180
depth/007045.png,15191
depth/007046.png,15117
depth/007047.png,16014
depth/007048.png,17076
depth/007049.png,17470
depth/007050.png,17385
depth/007051.png,17616
depth/007052.png,18025
depth/007053.png,17992
depth/007054.png,18304
depth/007055.png,18286
depth/007056.png,18721
depth/007057.png,18705
depth/007058.png,18664
depth/007059.png,18641
depth/007060.png,18860
depth/007061.png,18912
depth/007062.png,18760
depth/007063.png,18700
depth/007064.png,18617
depth/007065.png,18709
depth/007066.png,18571
depth/007067.png,18628
depth/007068.png,18788
depth/007069.png,18713
depth/007070.png,18420
depth/007071.png,18542
depth/007072.png,18558
depth/007073.png,18579
depth/007074.png,18340
depth/007075.png,18368
depth/007076.png,18246
depth/007077.png,18275
depth/007078.png,18318
depth/007079.png,18577
depth/007080.png,18344
depth/007081.png,18340
depth/007082.png,18353
depth/007083.png,18283
depth/007084.png,18259
depth/007085.png,18451
depth/007086.png,18546
depth/007087.png,18376
depth/007088.png,18351
depth/007089.png,18336
depth/007090.png,18460
depth/007091.png,18575
depth/007092.png,18630
depth/007093.png,18583
depth/007094.png,18552
depth/007095.png,18807
depth/007096.png,19011
depth/007097.png,18871
depth/007098.png,19253
depth/007099.png,19195
depth/007100.png,19205
depth/007101.png,19276
depth/007102.png,19219
depth/007103.png,19441
depth/007104.png,19634
depth/007105.png,19741
depth/007106.png,19881
depth/007107.png,20106
depth/007108.png,20298
depth/007109.png,20086
depth/007110.png,20110
depth/007111.png,19979
depth/007112.png,20096
depth/007113.png,20084
depth/007114.png,20208
depth/007115.png,20060
depth/007116.png,20243
depth/007117.png,20315
depth/007118.png,20326
depth/007119.png,20467
depth/007120.png,20324
depth/007121.png,20329
depth/007122.png,20346
depth/007123.png,20573
depth/007124.png,20596
depth/007125.png,20616
depth/007126.png,20567
depth/007127.png,20411
depth/007128.png,20293
depth/007129.png,20139
depth/007130.png,20003
depth/007131.png,19673
depth/007132.png,19671
depth/007133.png,20166
depth/007134.png,20335
depth/007135.png,20261
depth/007136.png,20417
depth/007137.png,20434
depth/007138.png,20274
depth/007139.png,20112
depth/007140.png,20251
depth/007141.png,20201
depth/007142.png,20487
depth/007143.png,20366
depth/007144.png,20366
depth/007145.png,20590
depth/007146.png,20636
depth/007147.png,20733
depth/007148.png,20880
depth/007149.png,20823
depth/007150.png,20899
depth/007151.png,21051
depth/007152.png,21005
depth/007153.png,21263
depth/007154.png,21467
depth/007155.png,21678
depth/007156.png,21715
depth/007157.png,21771
depth/007158.png,22059
depth/007159.png,22169
depth/007160.png,22200
depth/007161.png,22131
depth/007162.png,22333
depth/007163.png,22540
depth/007164.png,22322
depth/007165.png,22426
depth/007166.png,22468
depth/007167.png,22434
depth/007168.png,22528
depth/007169.png,22171
depth/007170.png,22160
depth/007171.png,21818
depth/007172.png,21610
depth/007173.png,21072
depth/007174.png,20783
depth/007175.png,20623
depth/007176.png,20358
depth/007177.png,19664
depth/007178.png,19624
depth/007179.png,19443
depth/007180.png,19306
depth/007181.png,18904
depth/007182.png,18816
depth/007183.png,18712
depth/007184.png,18305
depth/007185.png,18275
depth/007186.png,18065
depth/007187.png,18009
depth/007188.png,18010
depth/007189.png,17796
depth/007190.png,17630
depth/007191.png,17392
depth/007192.png,17525
depth/007193.png,17627
depth/007194.png,17529
depth/007195.png,17492
depth/007196.png,17388
depth/007197.png,17685
depth/007198.png,17738
depth/007199.png,18304
depth/007200.png,18550
depth/007201.png,18594
depth/007202.png,19140
depth/007203.png,19521
depth/007204.png,19456
depth/007205.png,19349
depth/007206.png,18704
depth/007207.png,18476
depth/007208.png,18213
depth/007209.png,18077
depth/007210.png,18281
depth/007211.png,18069
depth/007212.png,17691
depth/007213.png,17441
depth/007214.png,17128
depth/007215.png,16946
depth/007216.png,16769
depth/007217.png,16583
depth/007218.png,16453
depth/007219.png,16186
depth/007220.png,15846
depth/007221.png,15630
depth/007222.png,15663
depth/007223.png,15095
depth/007224.png,15579
depth/007225.png,15184
depth/007226.png,14978
depth/007227.png,15114
depth/007228.png,15075
depth/007229.png,14925
depth/007230.png,15151
depth/007231.png,15169
depth/007232.png,15223
depth/007233.png,15253
depth/007234.png,15216
depth/007235.png,15669
depth/007236.png,16667
depth/007237.png,16923
depth/007238.png,16865
depth/007239.png,16906
depth/007240.png,16888
depth/007241.png,16779
depth/007242.png,16999
depth/007243.png,16964
depth/007244.png,17161
depth/007245.png,17311
depth/007246.png,17361
depth/007247.png,17772
depth/007248.png,17755
depth/007249.png,17933
depth/007250.png,17899
depth/007251.png,17844
depth/007252.png,17933
depth/007253.png,17915
depth/007254.png,18310
depth/007255.png,18638
depth/007256.png,18807
depth/007257.png,19111
depth/007258.png,18922
depth/007259.png,19375
depth/007260.png,19433
depth/007261.png,19362
depth/007262.png,19249
depth/007263.png,19504
depth/007264.png,19401
depth/007265.png,19823
depth/007266.png,19931
depth/007267.png,19943
depth/007268.png,20111
depth/007269.png,20338
depth/007270.png,20363
depth/007271.png,20538
depth/007272.png,20560
depth/007273.png,21123
depth/007274.png,21085
depth/007275.png,21130
depth/007276.png,20819
depth/007277.png,20837
depth/007278.png,20733
depth/007279.png,20856
depth/007280.png,21228
depth/007281.png,20931
depth/007282.png,21493
depth/007283.png,21861
depth/007284.png,21748
depth/007285.png,21728
depth/007286.png,21570
depth/007287.png,22093
depth/007288.png,22067
depth/007289.png,22621
depth/007290.png,22352
depth/007291.png,22566
depth/007292.png,22917
depth/007293.png,22449
depth/007294.png,22691
depth/007295.png,23561
depth/007296.png,24645
depth/007297.png,24091
depth/007298.png,24994
depth/007299.png,24413
depth/007300.png,24985
depth/007301.png,24916
depth/007302.png,24556
depth/007303.png,24906
depth/007304.png,24877
depth/007305.png,25315
depth/007306.png,25475
depth/007307.png,25246
depth/007308.png,25427
depth/007309.png,24426
depth/007310.png,24936
depth/007311.png,25128
depth/007312.png,24793
depth/007313.png,24913
depth/007314.png,25091
depth/007315.png,24264
depth/007316.png,24142
depth/007317.png,24166
depth/007318.png,22985
depth/007319.png,23830
depth/007320.png,23803
depth/007321.png,23501
depth/007322.png,24299
depth/007323.png,23764
depth/007324.png,24163
depth/007325.png,22607
depth/007326.png,22828
depth/007327.png,22863
depth/007328.png,24155
depth/007329.png,24178
depth/007330.png,24187
depth/007331.png,22348
depth/007332.png,22275
depth/007333.png,21711
depth/007334.png,22140
depth/007335.png,22743
depth/007336.png,21683
depth/007337.png,21422
depth/007338.png,21942
depth/007339.png,21316
depth/007340.png,20941
depth/007341.png,20432
depth/007342.png,21007
depth/007343.png,20503
depth/007344.png,20343
depth/007345.png,19901
depth/007346.png,20213
depth/007347.png,20345
depth/007348.png,19442
depth/007349.png,19613
depth/007350.png,18899
depth/007351.png,19154
depth/007352.png,18660
depth/007353.png,18858
depth/007354.png,18770
depth/007355.png,18958
depth/007356.png,18496
depth/007357.png,18460
depth/007358.png,18588
depth/007359.png,18615
depth/007360.png,18135
depth/007361.png,18059
depth/007362.png,18151
depth/007363.png,17793
depth/007364.png,18038
depth/007365.png,17884
depth/007366.png,17518
depth/007367.png,17047
depth/007368.png,16408
depth/007369.png,15645
depth/007370.png,16881
depth/007371.png,16729
depth/007372.png,17008
depth/007373.png,16868
depth/007374.png,15871
depth/007375.png,16365
depth/007376.png,16535
depth/007377.png,16420
depth/007378.png,16503
depth/007379.png,15914
depth/007380.png,16430
depth/007381.png,16178
depth/007382.png,16450
depth/007383.png,15979
depth/007384.png,16313
depth/007385.png,16314
depth/007386.png,16561
depth/007387.png,16503
depth/007388.png,16633
depth/007389.png,16582
depth/007390.png,16714
depth/007391.png,16733
depth/007392.png,16586
depth/007393.png,16565
depth/007394.png,16381
depth/007395.png,16327
depth/007396.png,16346
depth/007397.png,16941
depth/007398.png,16958
depth/007399.png,17000
depth/007400.png,17566
depth/007401.png,17716
depth/007402.png,18293
depth/007403.png,18124
depth/007404.png,18496
depth/007405.png,18541
depth/007406.png,18622
depth/007407.png,18729
depth/007408.png,18592
depth/007409.png,19109
depth/007410.png,19490
depth/007411.png,19525
depth/007412.png,19542
depth/007413.png,19775
depth/007414.png,19867
depth/007415.png,20071
depth/007416.png,20137
depth/007417.png,20231
depth/007418.png,20405
depth/007419.png,20398
depth/007420.png,20241
depth/007421.png,20254
depth/007422.png,20660
depth/007423.png,20754
depth/007424.png,20909
depth/007425.png,20868
depth/007426.png,20726
depth/007427.png,20878
depth/007428.png,20959
depth/007429.png,21217
depth/007430.png,20981
depth/007431.png,21014
depth/007432.png,21227
depth/007433.png,20929
depth/007434.png,21254
depth/007435.png,22018
depth/007436.png,21998
depth/007437.png,21298
depth/007438.png,21589
depth/007439.png,21672
depth/007440.png,22100
depth/007441.png,21817
depth/007442.png,22066
depth/007443.png,21982
depth/007444.png,21555
depth/007445.png,21370
depth/007446.png,21756
depth/007447.png,21422
depth/007448.png,21758
depth/007449.png,21654
depth/007450.png,21825
depth/007451.png,21470
depth/007452.png,21458
depth/007453.png,21487
depth/007454.png,21239
depth/007455.png,20289
depth/007456.png,20496
depth/007457.png,20689
depth/007458.png,20581
depth/007459.png,20054
depth/007460.png,20142
depth/007461.png,19976
depth/007462.png,19384
depth/007463.png,19545
depth/007464.png,19335
depth/007465.png,19184
depth/007466.png,18909
depth/007467.png,19012
depth/007468.png,18975
depth/007469.png,18913
depth/007470.png,18747
depth/007471.png,18893
depth/007472.png,18610
depth/007473.png,18707
depth/007474.png,18362
depth/007475.png,18519
depth/007476.png,18543
depth/007477.png,17981
depth/007478.png,18133
depth/007479.png,18139
depth/007480.png,18141
depth/007481.png,18292
depth/007482.png,18065
depth/007483.png,18111
depth/007484.png,18156
depth/007485.png,18077
depth/007486.png,18145
depth/007487.png,18426
depth/007488.png,18280
depth/007489.png,18260
depth/007490.png,18162
depth/007491.png,18232
depth/007492.png,18355
depth/007493.png,18338
depth/007494.png,18427
depth/007495.png,18544
depth/007496.png,18702
depth/007497.png,18484
depth/007498.png,18725
depth/007499.png,18710
depth/007500.png,18615
depth/007501.png,18889
depth/007502.png,18758
depth/007503.png,18848
depth/007504.png,18924
depth/007505.png,19111
depth/007506.png,19220
depth/007507.png,19394
depth/007508.png,19493
depth/007509.png,19098
depth/007510.png,19316
depth/007511.png,19303
depth/007512.png,19241
depth/007513.png,19331
depth/007514.png,19400
depth/007515.png,19526
depth/007516.png,19667
depth/007517.png,19847
depth/007518.png,19779
depth/007519.png,19878
depth/007520.png,19503
depth/007521.png,19690
depth/007522.png,19545
depth/007523.png,19502
depth/007524.png,19206
depth/007525.png,19097
depth/007526.png,19358
depth/007527.png,19228
depth/007528.png,18864
depth/007529.png,18731
depth/007530.png,18722
depth/007531.png,18440
depth/007532.png,18325
depth/007533.png,18086
depth/007534.png,18057
depth/007535.png,18098
depth/007536.png,18215
depth/007537.png,17864
depth/007538.png,17505
depth/007539.png,17185
depth/007540.png,16803
depth/007541.png,16555
depth/007542.png,16276
depth/007543.png,16025
depth/007544.png,15942
depth/007545.png,16182
depth/007546.png,15722
depth/007547.png,15709
depth/007548.png,16329
depth/007549.png,15988
depth/007550.png,15176
depth/007551.png,14853
depth/007552.png,14714
depth/007553.png,14899
depth/007554.png,14270
depth/007555.png,14047
depth/007556.png,13923
depth/007557.png,14735
depth/007558.png,14984
depth/007559.png,14907
depth/007560.png,14256
depth/007561.png,13661
depth/007562.png,13451
depth/007563.png,13711
depth/007564.png,15487
depth/007565.png,15627
depth/007566.png,15460
depth/007567.png,15386
depth/007568.png,16918
depth/007569.png,16895
depth/007570.png,17783
depth/007571.png,17385
depth/007572.png,16756
depth/007573.png,17697
depth/007574.png,17590
depth/007575.png,17940
depth/007576.png,18109
depth/007577.png,18138
depth/007578.png,17709
depth/007579.png,18412
depth/007580.png,17263
depth/007581.png,19370
depth/007582.png,20380
depth/007583.png,20165
depth/007584.png,21269
depth/007585.png,20594
depth/007586.png,20602
depth/007587.png,20187
depth/007588.png,20308
depth/007589.png,20531
depth/007590.png,20632
depth/007591.png,20034
depth/007592.png,19789
depth/007593.png,19404
depth/007594.png,19187
depth/007595.png,18032
depth/007596.png,19462
depth/007597.png,19316
depth/007598.png,19904
depth/007599.png,20252
depth/007600.png,19963
depth/007601.png,20336
depth/007602.png,20576
depth/007603.png,20871
depth/007604.png,19754
depth/007605.png,20541
depth/007606.png,21302
depth/007607.png,19607
depth/007608.png,19463
depth/007609.png,19860
depth/007610.png,20620
depth/007611.png,18258
depth/007612.png,17404
depth/007613.png,19440
depth/007614.png,19138
depth/007615.png,18754
depth/007616.png,17588
depth/007617.png,17204
depth/007618.png,16950
depth/007619.png,16061
depth/007620.png,15966
depth/007621.png,15722
depth/007622.png,14304
depth/007623.png,14439
depth/007624.png,14673
depth/007625.png,15245
depth/007626.png,15247
depth/007627.png,17266
depth/007628.png,17643
depth/007629.png,18112
depth/007630.png,20064
depth/007631.png,20651
depth/007632.png,21236
depth/007633.png,22118
depth/007634.png,23289
depth/007635.png,22772
depth/007636.png,23088
depth/007637.png,23638
depth/007638.png,23348
depth/007639.png,23680
depth/007640.png,23014
depth/007641.png,22647
depth/007642.png,23171
depth/007643.png,23022
depth/007644.png,23062
depth/007645.png,22451
depth/007646.png,23511
depth/007647.png,23336
depth/007648.png,23564
depth/007649.png,22828
depth/007650.png,22938
depth/007651.png,21563
depth/007652.png,21273
depth/007653.png,20988
depth/007654.png,20619
depth/007655.png,20062
depth/007656.png,19660
depth/007657.png,19064
depth/007658.png,18517
depth/007659.png,17145
depth/007660.png,16786
depth/007661.png,16875
depth/007662.png,16027
depth/007663.png,15635
depth/007664.png,15172
depth/007665.png,15128
depth/007666.png,14918
depth/007667.png,14798
depth/007668.png,14731
depth/007669.png,14785
depth/007670.png,14912
depth/007671.png,14831
depth/007672.png,15008
depth/007673.png,15005
depth/007674.png,15172
depth/007675.png,15401
depth/007676.png,15531
depth/007677.png,15833
depth/007678.png,15789
depth/007679.png,16038
depth/007680.png,16319
depth/007681.png,16208
depth/007682.png,16305
depth/007683.png,16358
depth/007684.png,16512
depth/007685.png,16494
depth/007686.png,16505
depth/007687.png,16380
depth/007688.png,16414
depth/007689.png,16351
depth/007690.png,16590
depth/007691.png,16653
depth/007692.png,16528
depth/007693.png,16471
depth/007694.png,16573
depth/007695.png,16570
depth/007696.png,16615
depth/007697.png,16586
depth/007698.png,16471
depth/007699.png,16653
depth/007700.png,16624
depth/007701.png,16623
depth/007702.png,16684
depth/007703.png,16601
depth/007704.png,16727
depth/007705.png,16517
depth/007706.png,16619
depth/007707.png,16222
depth/007708.png,16157
depth/007709.png,16062
depth/007710.png,15928
depth/007711.png,15862
depth/007712.png,16043
depth/007713.png,15791
depth/007714.png,16072
depth/007715.png,16370
depth/007716.png,16023
depth/007717.png,16057
depth/007718.png,16828
depth/007719.png,17340
depth/007720.png,17136
depth/007721.png,17719
depth/007722.png,17333
depth/007723.png,17905
depth/007724.png,18101
depth/007725.png,18002
depth/007726.png,18337
depth/007727.png,18708
depth/007728.png,18741
depth/007729.png,18190
depth/007730.png,18558
depth/007731.png,18759
depth/007732.png,18381
depth/007733.png,18439
depth/007734.png,18576
depth/007735.png,18292
depth/007736.png,18636
depth/007737.png,19796
depth/007738.png,19889
depth/007739.png,19999
depth/007740.png,20212
depth/007741.png,20154
depth/007742.png,20699
depth/007743.png,21198
depth/007744.png,21560
depth/007745.png,21136
depth/007746.png,21350
depth/007747.png,21565
depth/007748.png,21741
depth/007749.png,21705
depth/007750.png,21941
depth/007751.png,22139
depth/007752.png,22191
depth/007753.png,22235
depth/007754.png,21867
depth/007755.png,22438
depth/007756.png,22482
depth/007757.png,22534
depth/007758.png,23185
depth/007759.png,23219
depth/007760.png,23376
depth/007761.png,23136
depth/007762.png,22889
depth/007763.png,22681
depth/007764.png,22946
depth/007765.png,22889
depth/007766.png,22874
depth/007767.png,22530
depth/007768.png,23247
depth/007769.png,23216
depth/007770.png,23400
depth/007771.png,23436
depth/007772.png,23396
depth/007773.png,23305
depth/007774.png,22912
depth/007775.png,23313
depth/007776.png,23171
depth/007777.png,23072
depth/007778.png,22752
depth/007779.png,22033
depth/007780.png,21974
depth/007781.png,21814
depth/007782.png,21703
depth/007783.png,22075
depth/007784.png,22079
depth/007785.png,22383
depth/007786.png,22530
depth/007787.png,22481
depth/007788.png,22875
depth/007789.png,22741
depth/007790.png,22941
depth/007791.png,22990
depth/007792.png,24109
depth/007793.png,23499
depth/007794.png,23767
depth/007795.png,23573
depth/007796.png,23480
depth/007797.png,23239
depth/007798.png,22443
depth/007799.png,22425
depth/007800.png,22731
depth/007801.png,23067
depth/007802.png,22767
depth/007803.png,23375
depth/007804.png,22997
depth/007805.png,23180
depth/007806.png,22500
depth/007807.png,22059
depth/007808.png,21929
depth/007809.png,21754
depth/007810.png,22096
depth/007811.png,21824
depth/007812.png,22075
depth/007813.png,21728
depth/007814.png,21470
depth/007815.png,21852
depth/007816.png,21960
depth/007817.png,21799
depth/007818.png,22124
depth/007819.png,22164
depth/007820.png,22205
depth/007821.png,22044
depth/007822.png,22160
depth/007823.png,22371
depth/007824.png,22243
depth/007825.png,22092
depth/007826.png,22105
depth/007827.png,22248
depth/007828.png,22429
depth/007829.png,22537
depth/007830.png,22180
depth/007831.png,21827
depth/007832.png,21567
depth/007833.png,21340
depth/007834.png,20899
depth/007835.png,20746
depth/007836.png,20992
depth/007837.png,20583
depth/007838.png,21312
depth/007839.png,21368
depth/007840.png,21304
depth/007841.png,21476
depth/007842.png,21263
depth/007843.png,20864
depth/007844.png,20578
depth/007845.png,20440
depth/007846.png,20256
depth/007847.png,20449
depth/007848.png,20654
depth/007849.png,20437
depth/007850.png,20049
depth/007851.png,20016
depth/007852.png,19576
depth/007853.png,19901
depth/007854.png,19829
depth/007855.png,19786
depth/007856.png,19562
depth/007857.png,19472
depth/007858.png,19331
depth/007859.png,19746
depth/007860.png,19764
depth/007861.png,19677
depth/007862.png,19690
depth/007863.png,19223
depth/007864.png,19257
depth/007865.png,19026
depth/007866.png,18916
depth/007867.png,18928
depth/007868.png,19269
depth/007869.png,19447
depth/007870.png,19636
depth/007871.png,19013
depth/007872.png,18290
depth/007873.png,18474
depth/007874.png,18612
depth/007875.png,18589
depth/007876.png,18781
depth/007877.png,18807
depth/007878.png,18990
depth/007879.png,18944
depth/007880.png,18886
depth/007881.png,18926
depth/007882.png,18813
depth/007883.png,18826
depth/007884.png,18799
depth/007885.png,18958
depth/007886.png,18660
depth/007887.png,18686
depth/007888.png,18683
depth/007889.png,18749
depth/007890.png,18986
depth/007891.png,19081
depth/007892.png,18866
depth/007893.png,18890
depth/007894.png,18954
depth/007895.png,19141
depth/007896.png,18879
depth/007897.png,19021
depth/007898.png,19175
depth/007899.png,19112
depth/007900.png,19302
depth/007901.png,19092
depth/007902.png,19166
depth/007903.png,19247
depth/007904.png,19297
depth/007905.png,19317
depth/007906.png,19372
depth/007907.png,19373
depth/007908.png,19145
depth/007909.png,19252
depth/007910.png,19293
depth/007911.png,19017
depth/007912.png,18943
depth/007913.png,18969
depth/007914.png,18835
depth/007915.png,18951
depth/007916.png,18987
depth/007917.png,18850
depth/007918.png,19069
depth/007919.png,19147
depth/007920.png,19138
depth/007921.png,19275
depth/007922.png,19086
depth/007923.png,19282
depth/007924.png,19213
depth/007925.png,19426
depth/007926.png,19303
depth/007927.png,19637
depth/007928.png,19641
depth/007929.png,19609
depth/007930.png,19704
depth/007931.png,19359
depth/007932.png,19374
depth/007933.png,19480
depth/007934.png,19396
depth/007935.png,19554
depth/007936.png,19848
depth/007937.png,19875
depth/007938.png,19581
depth/007939.png,19116
depth/007940.png,19255
depth/007941.png,19498
depth/007942.png,19481
depth/007943.png,19777
depth/007944.png,19534
depth/007945.png,19184
depth/007946.png,19493
depth/007947.png,19586
depth/007948.png,19465
depth/007949.png,19497
depth/007950.png,19540
depth/007951.png,19537
depth/007952.png,19259
depth/007953.png,19364
depth/007954.png,19555
depth/007955.png,19601
depth/007956.png,19640
depth/007957.png,19574
depth/007958.png,19829
depth/007959.png,19539
depth/007960.png,19579
depth/007961.png,19815
depth/007962.png,19828
depth/007963.png,20062
depth/007964.png,20077
depth/007965.png,19894
depth/007966.png,19559
depth/007967.png,19564
depth/007968.png,19660
depth/007969.png,19546
depth/007970.png,19368
depth/007971.png,19611
depth/007972.png,19470
depth/007973.png,19260
depth/007974.png,19464
depth/007975.png,19421
depth/007976.png,19659
depth/007977.png,19837
depth/007978.png,19568
depth/007979.png,20269
depth/007980.png,20579
depth/007981.png,20060
depth/007982.png,20140
depth/007983.png,20085
depth/007984.png,20241
depth/007985.png,20147
depth/007986.png,20050
depth/007987.png,20194
depth/007988.png,20085
depth/007989.png,20228
depth/007990.png,19981
depth/007991.png,20122
depth/007992.png,20181
depth/007993.png,20511
depth/007994.png,20537
depth/007995.png,20706
depth/007996.png,21113
depth/007997.png,21368
depth/007998.png,21244
depth/007999.png,21516
depth/008000.png,21630
depth/008001.png,21578
depth/008002.png,21318
depth/008003.png,21867
depth/008004.png,22111
depth/008005.png,21808
depth/008006.png,22212
depth/008007.png,21850
depth/008008.png,21707
depth/008009.png,21863
depth/008010.png,21798
depth/008011.png,21725
depth/008012.png,21719
depth/008013.png,21933
depth/008014.png,22069
depth/008015.png,22101
depth/008016.png,22369
depth/008017.png,22435
depth/008018.png,22589
depth/008019.png,22792
depth/008020.png,22832
depth/008021.png,23090
depth/008022.png,23388
depth/008023.png,23310
depth/008024.png,23595
depth/008025.png,23848
depth/008026.png,24159
depth/008027.png,23973
depth/008028.png,24322
depth/008029.png,24298
depth/008030.png,24620
depth/008031.png,24489
depth/008032.png,24750
depth/008033.png,24853
depth/008034.png,24770
depth/008035.png,24980
depth/008036.png,25075
depth/008037.png,24964
depth/008038.png,24987
depth/008039.png,24749
depth/008040.png,24473
depth/008041.png,24368
depth/008042.png,24340
depth/008043.png,24599
depth/008044.png,24472
depth/008045.png,24331
depth/008046.png,23965
depth/008047.png,23878
depth/008048.png,23766
depth/008049.png,23752
depth/008050.png,23891
depth/008051.png,23758
depth/008052.png,23600
depth/008053.png,23412
depth/008054.png,23259
depth/008055.png,22760
depth/008056.png,22862
depth/008057.png,22697
depth/008058.png,22385
depth/008059.png,22184
depth/008060.png,22622
depth/008061.png,23026
depth/008062.png,23065
depth/008063.png,22667
depth/008064.png,23773
depth/008065.png,22722
depth/008066.png,22869
depth/008067.png,22560
depth/008068.png,22569
depth/008069.png,23265
depth/008070.png,23584
depth/008071.png,23012
depth/008072.png,23066
depth/008073.png,23185
depth/008074.png,22910
depth/008075.png,23057
depth/008076.png,23581
depth/008077.png,23330
depth/008078.png,23150
depth/008079.png,22665
depth/008080.png,22935
depth/008081.png,22657
depth/008082.png,22576
depth/008083.png,22327
depth/008084.png,22239
depth/008085.png,22234
depth/008086.png,21659
depth/008087.png,21196
depth/008088.png,21163
depth/008089.png,20967
depth/008090.png,21404
depth/008091.png,21547
depth/008092.png,21548
depth/008093.png,21479
depth/008094.png,21316
depth/008095.png,21607
depth/008096.png,21839
depth/008097.png,21962
depth/008098.png,22107
depth/008099.png,21669
depth/008100.png,21505
depth/008101.png,21714
depth/008102.png,21444
depth/008103.png,21566
depth/008104.png,21614
depth/008105.png,21822
depth/008106.png,21099
depth/008107.png,20896
depth/008108.png,20779
depth/008109.png,21063
depth/008110.png,20915
depth/008111.png,20697
depth/008112.png,20944
depth/008113.png,20478
depth/008114.png,20658
depth/008115.png,19955
depth/008116.png,19823
depth/008117.png,19756
depth/008118.png,19745
depth/008119.png,19964
depth/008120.png,19748
depth/008121.png,19650
depth/008122.png,20263
depth/008123.png,20088
depth/008124.png,19934
depth/008125.png,19858
depth/008126.png,20151
depth/008127.png,20227
depth/008128.png,20270
depth/008129.png,19981
depth/008130.png,19963
depth/008131.png,19507
depth/008132.png,19425
depth/008133.png,19419
depth/008134.png,19492
depth/008135.png,19533
depth/008136.png,19160
depth/008137.png,19421
depth/008138.png,19346
depth/008139.png,18715
depth/008140.png,19465
depth/008141.png,19123
depth/008142.png,19257
depth/008143.png,19452
depth/008144.png,19518
depth/008145.png,19765
depth/008146.png,19314
depth/008147.png,19466
depth/008148.png,19188
depth/008149.png,18763
depth/008150.png,18783
depth/008151.png,18708
depth/008152.png,18160
depth/008153.png,18478
depth/008154.png,18293
depth/008155.png,18249
depth/008156.png,18228
depth/008157.png,18220
depth/008158.png,18246
depth/008159.png,18390
depth/008160.png,18064
depth/008161.png,18070
depth/008162.png,18225
depth/008163.png,18158
depth/008164.png,18205
depth/008165.png,18412
depth/008166.png,18160
depth/008167.png,18477
depth/008168.png,18569
depth/008169.png,18356
depth/008170.png,18537
depth/008171.png,18170
depth/008172.png,17814
depth/008173.png,17905
depth/008174.png,17861
depth/008175.png,18103
depth/008176.png,17969
depth/008177.png,17769
depth/008178.png,17764
depth/008179.png,17437
depth/008180.png,17393
depth/008181.png,17322
depth/008182.png,17399
depth/008183.png,17402
depth/008184.png,17339
depth/008185.png,17664
depth/008186.png,17758
depth/008187.png,18147
depth/008188.png,17878
depth/008189.png,17856
depth/008190.png,17800
depth/008191.png,18000
depth/008192.png,18230
depth/008193.png,18097
depth/008194.png,18167
depth/008195.png,18029
depth/008196.png,17992
depth/008197.png,18069
depth/008198.png,18118
depth/008199.png,17828
depth/008200.png,17955
depth/008201.png,18102
depth/008202.png,18233
depth/008203.png,18159
depth/008204.png,17989
depth/008205.png,18296
depth/008206.png,18362
depth/008207.png,18429
depth/008208.png,18289
depth/008209.png,18546
depth/008210.png,18483
depth/008211.png,18750
depth/008212.png,18452
depth/008213.png,18224
depth/008214.png,18323
depth/008215.png,18296
depth/008216.png,18233
depth/008217.png,18291
depth/008218.png,18102
depth/008219.png,18031
depth/008220.png,18318
depth/008221.png,18120
depth/008222.png,18009
depth/008223.png,18061
depth/008224.png,17842
depth/008225.png,17833
depth/008226.png,17933
depth/008227.png,17838
depth/008228.png,17755
depth/008229.png,18154
depth/008230.png,17892
depth/008231.png,17769
depth/008232.png,17820
depth/008233.png,18173
depth/008234.png,18003
depth/008235.png,18203
depth/008236.png,18327
depth/008237.png,18122
depth/008238.png,18037
depth/008239.png,18284
depth/008240.png,18186
depth/008241.png,18160
depth/008242.png,18271
depth/008243.png,18296
depth/008244.png,17854
depth/008245.png,17909
depth/008246.png,18122
depth/008247.png,17753
depth/008248.png,17628
depth/008249.png,17699
depth/008250.png,17708
depth/008251.png,17740
depth/008252.png,17692
depth/008253.png,17723
depth/008254.png,17580
depth/008255.png,17635
depth/008256.png,17711
depth/008257.png,17636
depth/008258.png,17821
depth/008259.png,17510
depth/008260.png,17613
depth/008261.png,17642
depth/008262.png,17336
depth/008263.png,17666
depth/008264.png,17728
depth/008265.png,17441
depth/008266.png,17659
depth/008267.png,17474
depth/008268.png,17221
depth/008269.png,17229
depth/008270.png,17107
depth/008271.png,17138
depth/008272.png,17084
depth/008273.png,17093
depth/008274.png,16905
depth/008275.png,16780
depth/008276.png,16826
depth/008277.png,16753
depth/008278.png,16640
depth/008279.png,16882
depth/008280.png,16852
depth/008281.png,16823
depth/008282.png,17026
depth/008283.png,16781
depth/008284.png,16775
depth/008285.png,16962
depth/008286.png,16783
depth/008287.png,16734
depth/008288.png,16911
depth/008289.png,16951
depth/008290.png,16904
depth/008291.png,17100
depth/008292.png,17088
depth/008293.png,16936
depth/008294.png,17029
depth/008295.png,17069
depth/008296.png,16928
depth/008297.png,16994
depth/008298.png,17097
depth/008299.png,17002
depth/008300.png,17158
depth/008301.png,16962
depth/008302.png,17194
depth/008303.png,17036
depth/008304.png,16915
depth/008305.png,16908
depth/008306.png,16929
depth/008307.png,16885
depth/008308.png,16695
depth/008309.png,16882
depth/008310.png,16795
depth/008311.png,16484
depth/008312.png,16560
depth/008313.png,16632
depth/008314.png,16281
depth/008315.png,16278
depth/008316.png,16088
depth/008317.png,15873
depth/008318.png,15780
depth/008319.png,15701
depth/008320.png,15651
depth/008321.png,15611
depth/008322.png,15384
depth/008323.png,15466
depth/008324.png,15500
depth/008325.png,15293
depth/008326.png,15094
depth/008327.png,15150
depth/008328.png,15330
depth/008329.png,15165
depth/008330.png,14864
depth/008331.png,14688
depth/008332.png,14718
depth/008333.png,14786
depth/008334.png,14604
depth/008335.png,14496
depth/008336.png,14529
depth/008337.png,14539
depth/008338.png,14549
depth/008339.png,14817
depth/008340.png,14522
depth/008341.png,14508
depth/008342.png,14738
depth/008343.png,14601
depth/008344.png,14506
depth/008345.png,14579
depth/008346.png,14613
depth/008347.png,14675
depth/008348.png,14595
depth/008349.png,14493
depth/008350.png,14643
depth/008351.png,14553
depth/008352.png,14721
depth/008353.png,14695
depth/008354.png,14651
depth/008355.png,14460
depth/008356.png,14397
depth/008357.png,14382
depth/008358.png,14455
depth/008359.png,14370
depth/008360.png,14517
depth/008361.png,14477
depth/008362.png,14397
depth/008363.png,14253
depth/008364.png,14378
depth/008365.png,14232
depth/008366.png,14344
depth/008367.png,14159
depth/008368.png,14273
depth/008369.png,14111
depth/008370.png,13994
depth/008371.png,13953
depth/008372.png,13986
depth/008373.png,14023
depth/008374.png,13955
depth/008375.png,14161
depth/008376.png,14340
depth/008377.png,14299
depth/008378.png,14289
depth/008379.png,14170
depth/008380.png,14184
depth/008381.png,14351
depth/008382.png,14274
depth/008383.png,14187
depth/008384.png,14226
depth/008385.png,14328
depth/008386.png,14228
depth/008387.png,14201
depth/008388.png,14113
depth/008389.png,14157
depth/008390.png,14139
depth/008391.png,14039
depth/008392.png,14084
depth/008393.png,14185
depth/008394.png,13912
depth/008395.png,13920
depth/008396.png,13892
depth/008397.png,13980
depth/008398.png,13908
depth/008399.png,13922
depth/008400.png,13753
depth/008401.png,13654
depth/008402.png,13581
depth/008403.png,13254
depth/008404.png,13134
depth/008405.png,13056
depth/008406.png,12282
depth/008407.png,11745
depth/008408.png,10498
depth/008409.png,10092
depth/008410.png,9933
depth/008411.png,10130
depth/008412.png,10464
depth/008413.png,10726
depth/008414.png,10956
depth/008415.png,11153
depth/008416.png,11194
depth/008417.png,11305
depth/008418.png,11307
depth/008419.png,11525
depth/008420.png,11868
depth/008421.png,12284
depth/008422.png,12462
depth/008423.png,12339
depth/008424.png,12697
depth/008425.png,12681
depth/008426.png,12868
depth/008427.png,12893
depth/008428.png,12772
depth/008429.png,12899
depth/008430.png,12948
depth/008431.png,13064
depth/008432.png,12860
depth/008433.png,12947
depth/008434.png,13162
depth/008435.png,13195
depth/008436.png,13231
depth/008437.png,13143
depth/008438.png,13251
depth/008439.png,13347
depth/008440.png,13463
depth/008441.png,13477
depth/008442.png,13483
depth/008443.png,13725
depth/008444.png,13890
depth/008445.png,13801
depth/008446.png,14119
depth/008447.png,14400
depth/008448.png,14687
depth/008449.png,14755
depth/008450.png,14755
depth/008451.png,15051
depth/008452.png,14927
depth/008453.png,15123
depth/008454.png,15042
depth/008455.png,15024
depth/008456.png,14784
depth/008457.png,15349
depth/008458.png,15256
depth/008459.png,15577
depth/008460.png,15751
depth/008461.png,15679
depth/008462.png,17812
depth/008463.png,17482
depth/008464.png,17547
depth/008465.png,17861
depth/008466.png,17915
depth/008467.png,17779
depth/008468.png,17986
depth/008469.png,17856
depth/008470.png,17011
depth/008471.png,16958
depth/008472.png,17006
depth/008473.png,17274
depth/008474.png,17790
depth/008475.png,17577
depth/008476.png,17894
depth/008477.png,18148
depth/008478.png,18163
depth/008479.png,18268
depth/008480.png,18908
depth/008481.png,19070
depth/008482.png,19424
depth/008483.png,18798
depth/008484.png,18586
depth/008485.png,19014
depth/008486.png,18784
depth/008487.png,19135
depth/008488.png,19383
depth/008489.png,19073
depth/008490.png,19901
depth/008491.png,19954
depth/008492.png,19952
depth/008493.png,20717
depth/008494.png,21773
depth/008495.png,21790
depth/008496.png,21765
depth/008497.png,22763
depth/008498.png,22245
depth/008499.png,24006
depth/008500.png,24668
depth/008501.png,24666
depth/008502.png,25950
depth/008503.png,26874
depth/008504.png,27629
depth/008505.png,27403
depth/008506.png,27788
depth/008507.png,28470
depth/008508.png,28724
depth/008509.png,29498
depth/008510.png,29288
depth/008511.png,29674
depth/008512.png,30097
depth/008513.png,30516
depth/008514.png,29770
depth/008515.png,30801
depth/008516.png,30768
depth/008517.png,31239
depth/008518.png,30509
depth/008519.png,30076
depth/008520.png,30194
depth/008521.png,31829
depth/008522.png,31485
depth/008523.png,30606
depth/008524.png,32369
depth/008525.png,32866
depth/008526.png,32883
depth/008527.png,33182
depth/008528.png,32896
depth/008529.png,33086
depth/008530.png,32150
depth/008531.png,33007
depth/008532.png,32843
depth/008533.png,33823
depth/008534.png,34155
depth/008535.png,34208
depth/008536.png,35107
depth/008537.png,36645
depth/008538.png,36996
depth/008539.png,36402
depth/008540.png,35983
depth/008541.png,35890
depth/008542.png,35689
depth/008543.png,34891
depth/008544.png,34697
depth/008545.png,34231
depth/008546.png,33754
depth/008547.png,33668
depth/008548.png,33125
depth/008549.png,33182
depth/008550.png,33092
depth/008551.png,33178
depth/008552.png,32737
depth/008553.png,32456
depth/008554.png,31299
depth/008555.png,31165
depth/008556.png,31001
depth/008557.png,31474
depth/008558.png,31152
depth/008559.png,31283
depth/008560.png,31284
depth/008561.png,30521
depth/008562.png,31316
depth/008563.png,30809
depth/008564.png,30666
depth/008565.png,30753
depth/008566.png,30431
depth/008567.png,30448
depth/008568.png,30563
depth/008569.png,30592
depth/008570.png,30138
depth/008571.png,30363
depth/008572.png,29991
depth/008573.png,30146
depth/008574.png,30382
depth/008575.png,30353
depth/008576.png,30113
depth/008577.png,29748
depth/008578.png,29286
depth/008579.png,29450
depth/008580.png,29157
depth/008581.png,29456
depth/008582.png,29777
depth/008583.png,29565
depth/008584.png,29917
depth/008585.png,28964
depth/008586.png,29795
depth/008587.png,29460
depth/008588.png,29439
depth/008589.png,29383
depth/008590.png,28542
depth/008591.png,28789
depth/008592.png,28627
depth/008593.png,28731
depth/008594.png,28738
depth/008595.png,28782
depth/008596.png,28784
depth/008597.png,28314
depth/008598.png,28416
depth/008599.png,28610
depth/008600.png,28402
depth/008601.png,28276
depth/008602.png,28600
depth/008603.png,28625
depth/008604.png,28588
depth/008605.png,28994
depth/008606.png,28798
depth/008607.png,28741
depth/008608.png,28703
depth/008609.png,28578
depth/008610.png,28413
depth/008611.png,28810
depth/008612.png,28928
depth/008613.png,28925
depth/008614.png,28777
depth/008615.png,28597
depth/008616.png,28692
depth/008617.png,28696
depth/008618.png,28481
depth/008619.png,28356
depth/008620.png,28583
depth/008621.png,28692
depth/008622.png,28470
depth/008623.png,28716
depth/008624.png,28078
depth/008625.png,28007
depth/008626.png,28229
depth/008627.png,27997
depth/008628.png,27962
depth/008629.png,27770
depth/008630.png,28118
depth/008631.png,27973
depth/008632.png,27898
depth/008633.png,27924
depth/008634.png,27368
depth/008635.png,27409
depth/008636.png,27966
depth/008637.png,28323
depth/008638.png,28466
depth/008639.png,27909
depth/008640.png,28094
depth/008641.png,28001
depth/008642.png,28101
depth/008643.png,28328
depth/008644.png,28845
depth/008645.png,28790
depth/008646.png,28031
depth/008647.png,27471
depth/008648.png,27741
depth/008649.png,26713
depth/008650.png,27040
depth/008651.png,26818
depth/008652.png,26380
depth/008653.png,26527
depth/008654.png,25369
depth/008655.png,24271
depth/008656.png,24575
depth/008657.png,24605
depth/008658.png,24759
depth/008659.png,24535
depth/008660.png,23844
depth/008661.png,23835
depth/008662.png,23457
depth/008663.png,23481
depth/008664.png,22816
depth/008665.png,22554
depth/008666.png,22816
depth/008667.png,22962
depth/008668.png,22895
depth/008669.png,23085
depth/008670.png,23612
depth/008671.png,23119
depth/008672.png,23390
depth/008673.png,23501
depth/008674.png,22807
depth/008675.png,23026
depth/008676.png,23621
depth/008677.png,23518
depth/008678.png,23162
depth/008679.png,22422
depth/008680.png,22164
depth/008681.png,22172
depth/008682.png,22206
depth/008683.png,22318
depth/008684.png,22227
depth/008685.png,22520
depth/008686.png,23025
depth/008687.png,22746
depth/008688.png,22667
depth/008689.png,23886
depth/008690.png,23513
depth/008691.png,23460
depth/008692.png,23208
depth/008693.png,23242
depth/008694.png,23524
depth/008695.png,23660
depth/008696.png,22979
depth/008697.png,23246
depth/008698.png,23162
depth/008699.png,22785
depth/008700.png,23165
depth/008701.png,22304
depth/008702.png,22203
depth/008703.png,22371
depth/008704.png,22168
depth/008705.png,22268
depth/008706.png,22045
depth/008707.png,22038
depth/008708.png,21854
depth/008709.png,22212
depth/008710.png,22228
depth/008711.png,22082
depth/008712.png,22438
depth/008713.png,22231
depth/008714.png,23546
depth/008715.png,23745
depth/008716.png,24237
depth/008717.png,24150
depth/008718.png,23735
depth/008719.png,23976
depth/008720.png,23560
depth/008721.png,23429
depth/008722.png,23635
depth/008723.png,23765
depth/008724.png,23344
depth/008725.png,23396
depth/008726.png,23812
depth/008727.png,23448
depth/008728.png,23261
depth/008729.png,23439
depth/008730.png,22919
depth/008731.png,22863
depth/008732.png,23144
depth/008733.png,23599
depth/008734.png,23249
depth/008735.png,23605
depth/008736.png,23246
depth/008737.png,23197
depth/008738.png,23355
depth/008739.png,22705
depth/008740.png,22704
depth/008741.png,22356
depth/008742.png,22280
depth/008743.png,22992
depth/008744.png,23031
depth/008745.png,23461
depth/008746.png,23466
depth/008747.png,23135
depth/008748.png,22943
depth/008749.png,22679
depth/008750.png,22910
depth/008751.png,22676
depth/008752.png,22538
depth/008753.png,22579
depth/008754.png,22423
depth/008755.png,22280
depth/008756.png,22229
depth/008757.png,22031
depth/008758.png,22192
depth/008759.png,22312
depth/008760.png,22158
depth/008761.png,22288
depth/008762.png,23068
depth/008763.png,23232
depth/008764.png,23318
depth/008765.png,22951
depth/008766.png,23234
depth/008767.png,23170
depth/008768.png,23387
depth/008769.png,23651
depth/008770.png,23342
depth/008771.png,23302
depth/008772.png,23143
depth/008773.png,23321
depth/008774.png,23175
depth/008775.png,23200
depth/008776.png,23494
depth/008777.png,23197
depth/008778.png,23396
depth/008779.png,23483
depth/008780.png,23562
depth/008781.png,22947
depth/008782.png,22694
depth/008783.png,23090
depth/008784.png,23178
depth/008785.png,23733
depth/008786.png,23603
depth/008787.png,23469
depth/008788.png,23559
depth/008789.png,23429
depth/008790.png,23365
depth/008791.png,23160
depth/008792.png,23170
depth/008793.png,23138
depth/008794.png,23153
depth/008795.png,23001
depth/008796.png,23034
depth/008797.png,22653
depth/008798.png,22124
depth/008799.png,22202
depth/008800.png,22130
depth/008801.png,22085
depth/008802.png,21918
depth/008803.png,21678
depth/008804.png,21627
depth/008805.png,21553
depth/008806.png,21387
depth/008807.png,21293
depth/008808.png,21147
depth/008809.png,20786
depth/008810.png,20511
depth/008811.png,20031
depth/008812.png,20574
depth/008813.png,20588
depth/008814.png,20359
depth/008815.png,19960
depth/008816.png,19855
depth/008817.png,19706
depth/008818.png,19389
depth/008819.png,19216
depth/008820.png,19215
depth/008821.png,19247
depth/008822.png,19035
depth/008823.png,18798
depth/008824.png,18926
depth/008825.png,18599
depth/008826.png,18643
depth/008827.png,18756
depth/008828.png,18638
depth/008829.png,18518
depth/008830.png,18370
depth/008831.png,18509
depth/008832.png,18573
depth/008833.png,18631
depth/008834.png,19036
depth/008835.png,19062
depth/008836.png,19059
depth/008837.png,19263
depth/008838.png,19530
depth/008839.png,19768
depth/008840.png,19724
depth/008841.png,19845
depth/008842.png,19884
depth/008843.png,19819
depth/008844.png,20248
depth/008845.png,20760
depth/008846.png,21285
depth/008847.png,21518
depth/008848.png,21534
depth/008849.png,21454
depth/008850.png,21501
depth/008851.png,21443
depth/008852.png,21275
depth/008853.png,21703
depth/008854.png,21628
depth/008855.png,21972
depth/008856.png,21827
depth/008857.png,21983
depth/008858.png,21959
depth/008859.png,22038
depth/008860.png,22374
depth/008861.png,22264
depth/008862.png,22182
depth/008863.png,22335
depth/008864.png,22376
depth/008865.png,22732
depth/008866.png,22891
depth/008867.png,22658
depth/008868.png,22557
depth/008869.png,22597
depth/008870.png,22458
depth/008871.png,22337
depth/008872.png,22627
depth/008873.png,22235
depth/008874.png,22208
depth/008875.png,22373
depth/008876.png,22227
depth/008877.png,22281
depth/008878.png,22338
depth/008879.png,22419
depth/008880.png,22196
depth/008881.png,21927
depth/008882.png,21774
depth/008883.png,21558
depth/008884.png,21807
depth/008885.png,22053
depth/008886.png,22201
depth/008887.png,21957
depth/008888.png,21825
depth/008889.png,21727
depth/008890.png,21424
depth/008891.png,21800
depth/008892.png,21442
depth/008893.png,20961
depth/008894.png,21171
depth/008895.png,21356
depth/008896.png,21157
depth/008897.png,21271
depth/008898.png,21187
depth/008899.png,20995
depth/008900.png,21015
depth/008901.png,21171
depth/008902.png,21276
depth/008903.png,21244
depth/008904.png,20988
depth/008905.png,21054
depth/008906.png,20738
depth/008907.png,20670
depth/008908.png,20670
depth/008909.png,20722
depth/008910.png,21039
depth/008911.png,20915
depth/008912.png,20854
depth/008913.png,21450
depth/008914.png,21765
depth/008915.png,21476
depth/008916.png,21208
depth/008917.png,21023
depth/008918.png,21084
depth/008919.png,21373
depth/008920.png,21369
depth/008921.png,21638
depth/008922.png,21480
depth/008923.png,21891
depth/008924.png,22139
depth/008925.png,22573
depth/008926.png,23068
depth/008927.png,22822
depth/008928.png,22590
depth/008929.png,23528
depth/008930.png,23315
depth/008931.png,23749
depth/008932.png,24247
depth/008933.png,24097
depth/008934.png,23893
depth/008935.png,23171
depth/008936.png,24047
depth/008937.png,24612
depth/008938.png,22713
depth/008939.png,22264
depth/008940.png,21700
depth/008941.png,22761
depth/008942.png,22359
depth/008943.png,21275
depth/008944.png,20580
depth/008945.png,21162
depth/008946.png,21519
depth/008947.png,20460
depth/008948.png,19581
depth/008949.png,19267
depth/008950.png,19732
depth/008951.png,19665
depth/008952.png,19321
depth/008953.png,18840
depth/008954.png,19022
depth/008955.png,19233
depth/008956.png,19622
depth/008957.png,19198
depth/008958.png,19307
depth/008959.png,19045
depth/008960.png,18875
depth/008961.png,18898
depth/008962.png,18667
depth/008963.png,18355
depth/008964.png,18407
depth/008965.png,17401
depth/008966.png,17572
depth/008967.png,17338
depth/008968.png,17574
depth/008969.png,18589
depth/008970.png,18221
depth/008971.png,17667
depth/008972.png,16983
depth/008973.png,16830
depth/008974.png,16335
depth/008975.png,16900
depth/008976.png,17175
depth/008977.png,16486
depth/008978.png,16976
depth/008979.png,16799
depth/008980.png,16506
depth/008981.png,17102
depth/008982.png,18648
depth/008983.png,18340
depth/008984.png,19316
depth/008985.png,17314
depth/008986.png,17644
depth/008987.png,20876
depth/008988.png,19905
depth/008989.png,19931
depth/008990.png,19070
depth/008991.png,21604
depth/008992.png,21768
depth/008993.png,21254
depth/008994.png,18458
depth/008995.png,18513
depth/008996.png,18971
depth/008997.png,19207
depth/008998.png,19051
depth/008999.png,19087
depth/009000.png,18558
depth/009001.png,18532
depth/009002.png,18655
depth/009003.png,18760
depth/009004.png,18723
depth/009005.png,18415
depth/009006.png,17892
depth/009007.png,17706
depth/009008.png,17282
depth/009009.png,17202
depth/009010.png,17775
depth/009011.png,17577
depth/009012.png,17323
depth/009013.png,17123
depth/009014.png,16788
depth/009015.png,16836
depth/009016.png,16854
depth/009017.png,16541
depth/009018.png,16565
depth/009019.png,15572
depth/009020.png,15583
depth/009021.png,15966
depth/009022.png,16066
depth/009023.png,16135
depth/009024.png,15793
depth/009025.png,15536
depth/009026.png,15483
depth/009027.png,14977
depth/009028.png,15556
depth/009029.png,15810
depth/009030.png,15798
depth/009031.png,16320
depth/009032.png,16629
depth/009033.png,16380
depth/009034.png,16722
depth/009035.png,16755
depth/009036.png,15823
depth/009037.png,15560
depth/009038.png,15662
depth/009039.png,14595
depth/009040.png,14414
depth/009041.png,14261
depth/009042.png,13600
depth/009043.png,13096
depth/009044.png,12864
depth/009045.png,12709
depth/009046.png,12752
depth/009047.png,12529
depth/009048.png,12520
depth/009049.png,12377
depth/009050.png,12253
depth/009051.png,12147
depth/009052.png,12001
depth/009053.png,11770
depth/009054.png,11499
depth/009055.png,11681
depth/009056.png,11583
depth/009057.png,11534
depth/009058.png,11738
depth/009059.png,11687
depth/009060.png,11703
depth/009061.png,11790
depth/009062.png,11789
depth/009063.png,11724
depth/009064.png,11966
depth/009065.png,11878
depth/009066.png,12204
depth/009067.png,12222
depth/009068.png,12344
depth/009069.png,12354
depth/009070.png,12461
depth/009071.png,12360
depth/009072.png,12234
depth/009073.png,12413
depth/009074.png,12541
depth/009075.png,12548
depth/009076.png,12724
depth/009077.png,12683
depth/009078.png,12875
depth/009079.png,12911
depth/009080.png,12836
depth/009081.png,13261
depth/009082.png,13295
depth/009083.png,13189
depth/009084.png,13496
depth/009085.png,13714
depth/009086.png,13792
depth/009087.png,13714
depth/009088.png,13924
depth/009089.png,14103
depth/009090.png,13873
depth/009091.png,13994
depth/009092.png,14167
depth/009093.png,13965
depth/009094.png,14049
depth/009095.png,14054
depth/009096.png,14013
depth/009097.png,14215
depth/009098.png,14227
depth/009099.png,14097
depth/009100.png,13924
depth/009101.png,13843
depth/009102.png,13789
depth/009103.png,13845
depth/009104.png,13728
depth/009105.png,13413
depth/009106.png,13332
depth/009107.png,13275
depth/009108.png,12916
depth/009109.png,12667
depth/009110.png,12253
depth/009111.png,11766
depth/009112.png,11579
depth/009113.png,11764
depth/009114.png,11966
depth/009115.png,11953
depth/009116.png,12071
depth/009117.png,12050
depth/009118.png,12051
depth/009119.png,11964
depth/009120.png,11896
depth/009121.png,11784
depth/009122.png,11879
depth/009123.png,12102
depth/009124.png,12161
depth/009125.png,12288
depth/009126.png,12542
depth/009127.png,12573
depth/009128.png,12596
depth/009129.png,12806
depth/009130.png,13112
depth/009131.png,13355
depth/009132.png,13445
depth/009133.png,13371
depth/009134.png,13453
depth/009135.png,13248
depth/009136.png,14152
depth/009137.png,14364
depth/009138.png,14541
depth/009139.png,15827
depth/009140.png,15544
depth/009141.png,16189
depth/009142.png,15193
depth/009143.png,15682
depth/009144.png,15518
depth/009145.png,15952
depth/009146.png,15929
depth/009147.png,16102
depth/009148.png,16141
depth/009149.png,16265
depth/009150.png,16836
depth/009151.png,16471
depth/009152.png,16794
depth/009153.png,16540
depth/009154.png,16779
depth/009155.png,16750
depth/009156.png,17401
depth/009157.png,17339
depth/009158.png,17215
depth/009159.png,17854
depth/009160.png,17768
depth/009161.png,18014
depth/009162.png,17900
depth/009163.png,17549
depth/009164.png,17171
depth/009165.png,16813
depth/009166.png,16368
depth/009167.png,16200
depth/009168.png,15911
depth/009169.png,16044
depth/009170.png,15627
depth/009171.png,15508
depth/009172.png,14837
depth/009173.png,14179
depth/009174.png,13696
depth/009175.png,13314
depth/009176.png,12661
depth/009177.png,12084
depth/009178.png,11288
depth/009179.png,10987
depth/009180.png,11455
depth/009181.png,13680
depth/009182.png,13926
depth/009183.png,14409
depth/009184.png,14313
depth/009185.png,14803
depth/009186.png,15076
depth/009187.png,15453
depth/009188.png,15483
depth/009189.png,15752
depth/009190.png,16016
depth/009191.png,16365
depth/009192.png,16160
depth/009193.png,16513
depth/009194.png,16588
depth/009195.png,16870
depth/009196.png,17035
depth/009197.png,17170
depth/009198.png,17163
depth/009199.png,17567
depth/009200.png,17850
depth/009201.png,17902
depth/009202.png,18378
depth/009203.png,18052
depth/009204.png,18116
depth/009205.png,18698
depth/009206.png,18614
depth/009207.png,18873
depth/009208.png,19518
depth/009209.png,20187
depth/009210.png,20244
depth/009211.png,20285
depth/009212.png,20090
depth/009213.png,20080
depth/009214.png,19872
depth/009215.png,20382
depth/009216.png,20423
depth/009217.png,20093
depth/009218.png,20097
depth/009219.png,20383
depth/009220.png,20207
depth/009221.png,20362
depth/009222.png,20165
depth/009223.png,19972
depth/009224.png,20096
depth/009225.png,19894
depth/009226.png,19737
depth/009227.png,19690
depth/009228.png,19034
depth/009229.png,19180
depth/009230.png,18696
depth/009231.png,18766
depth/009232.png,18762
depth/009233.png,19007
depth/009234.png,18320
depth/009235.png,18768
depth/009236.png,18761
depth/009237.png,19010
depth/009238.png,18401
depth/009239.png,18375
depth/009240.png,18236
depth/009241.png,18067
depth/009242.png,17645
depth/009243.png,17211
depth/009244.png,17217
depth/009245.png,16789
depth/009246.png,16628
depth/009247.png,16618
depth/009248.png,16752
depth/009249.png,16780
depth/009250.png,17109
depth/009251.png,16827
depth/009252.png,16476
depth/009253.png,16077
depth/009254.png,15383
depth/009255.png,14562
depth/009256.png,13735
depth/009257.png,13334
depth/009258.png,11909
depth/009259.png,11414
depth/009260.png,10870
depth/009261.png,11325
depth/009262.png,11959
depth/009263.png,12315
depth/009264.png,13013
depth/009265.png,13533
depth/009266.png,13470
depth/009267.png,15059
depth/009268.png,15560
depth/009269.png,15883
depth/009270.png,15982
depth/009271.png,16398
depth/009272.png,16634
depth/009273.png,16720
depth/009274.png,17193
depth/009275.png,17309
depth/009276.png,17474
depth/009277.png,17715
depth/009278.png,17833
depth/009279.png,18022
depth/009280.png,18164
depth/009281.png,18438
depth/009282.png,18318
depth/009283.png,18676
depth/009284.png,18798
depth/009285.png,19049
depth/009286.png,19258
depth/009287.png,19253
depth/009288.png,19508
depth/009289.png,19788
depth/009290.png,19746
depth/009291.png,19679
depth/009292.png,19502
depth/009293.png,19464
depth/009294.png,19592
depth/009295.png,19333
depth/009296.png,19352
depth/009297.png,19212
depth/009298.png,19022
depth/009299.png,19298
depth/009300.png,19182
depth/009301.png,19455
depth/009302.png,19276
depth/009303.png,19416
depth/009304.png,19167
depth/009305.png,19235
depth/009306.png,19538
depth/009307.png,19641
depth/009308.png,19712
depth/009309.png,19821
depth/009310.png,20406
depth/009311.png,20326
depth/009312.png,20474
depth/009313.png,20576
depth/009314.png,20554
depth/009315.png,20544
depth/009316.png,20816
depth/009317.png,21757
depth/009318.png,21849
depth/009319.png,22047
depth/009320.png,22134
depth/009321.png,22012
depth/009322.png,21914
depth/009323.png,21955
depth/009324.png,21867
depth/009325.png,21676
depth/009326.png,22073
depth/009327.png,22224
depth/009328.png,21858
depth/009329.png,22007
depth/009330.png,22333
depth/009331.png,22209
depth/009332.png,22294
depth/009333.png,22483
depth/009334.png,22597
depth/009335.png,22421
depth/009336.png,22467
depth/009337.png,23167
depth/009338.png,23342
depth/009339.png,23618
depth/009340.png,24112
depth/009341.png,23674
depth/009342.png,23849
depth/009343.png,24025
depth/009344.png,24323
depth/009345.png,24316
depth/009346.png,24422
depth/009347.png,24275
depth/009348.png,24327
depth/009349.png,24952
depth/009350.png,24573
depth/009351.png,24720
depth/009352.png,24693
depth/009353.png,25382
depth/009354.png,25666
depth/009355.png,25765
depth/009356.png,25859
depth/009357.png,25222
depth/009358.png,24914
depth/009359.png,23994
depth/009360.png,23614
depth/009361.png,23479
depth/009362.png,24129
depth/009363.png,23835
depth/009364.png,23993
depth/009365.png,24291
depth/009366.png,24249
depth/009367.png,24301
depth/009368.png,23544
depth/009369.png,23325
depth/009370.png,23722
depth/009371.png,24681
depth/009372.png,23766
depth/009373.png,23775
depth/009374.png,25107
depth/009375.png,25276
depth/009376.png,25380
depth/009377.png,25020
depth/009378.png,27583
depth/009379.png,27470
depth/009380.png,27263
depth/009381.png,27347
depth/009382.png,27147
depth/009383.png,26652
depth/009384.png,25885
depth/009385.png,26641
depth/009386.png,26723
depth/009387.png,26496
depth/009388.png,23920
depth/009389.png,25428
depth/009390.png,25573
depth/009391.png,26953
depth/009392.png,27111
depth/009393.png,26852
depth/009394.png,27086
depth/009395.png,26054
depth/009396.png,25537
depth/009397.png,26651
depth/009398.png,26193
depth/009399.png,27080
depth/009400.png,27624
depth/009401.png,27407
depth/009402.png,27478
depth/009403.png,26194
depth/009404.png,27165
depth/009405.png,27415
depth/009406.png,27370
depth/009407.png,27868
depth/009408.png,28698
depth/009409.png,27947
depth/009410.png,27596
depth/009411.png,28634
depth/009412.png,28292
depth/009413.png,28039
depth/009414.png,27185
depth/009415.png,26405
depth/009416.png,25855
depth/009417.png,25871
depth/009418.png,28162
depth/009419.png,27491
depth/009420.png,27017
depth/009421.png,26983
depth/009422.png,26901
depth/009423.png,26536
depth/009424.png,25166
depth/009425.png,26118
depth/009426.png,25429
depth/009427.png,26487
depth/009428.png,25054
depth/009429.png,25590
depth/009430.png,24579
depth/009431.png,25541
depth/009432.png,25256
depth/009433.png,24799
depth/009434.png,25198
depth/009435.png,23121
depth/009436.png,22863
depth/009437.png,23690
depth/009438.png,23942
depth/009439.png,22584
depth/009440.png,22332
depth/009441.png,21903
depth/009442.png,22222
depth/009443.png,22650
depth/009444.png,22211
depth/009445.png,22072
depth/009446.png,21508
depth/009447.png,21183
depth/009448.png,20548
depth/009449.png,20684
depth/009450.png,19587
depth/009451.png,19287
depth/009452.png,18944
depth/009453.png,18624
depth/009454.png,18492
depth/009455.png,18240
depth/009456.png,18046
depth/009457.png,17935
depth/009458.png,17807
depth/009459.png,17825
depth/009460.png,17734
depth/009461.png,18074
depth/009462.png,17852
depth/009463.png,17653
depth/009464.png,17875
depth/009465.png,18019
depth/009466.png,18093
depth/009467.png,18607
depth/009468.png,18774
depth/009469.png,18655
depth/009470.png,19008
depth/009471.png,19127
depth/009472.png,19535
depth/009473.png,19505
depth/009474.png,19566
depth/009475.png,19660
depth/009476.png,19503
depth/009477.png,19149
depth/009478.png,19186
depth/009479.png,18895
depth/009480.png,18843
depth/009481.png,18706
depth/009482.png,18741
depth/009483.png,18873
depth/009484.png,18842
depth/009485.png,18805
depth/009486.png,18810
depth/009487.png,18313
depth/009488.png,18252
depth/009489.png,17964
depth/009490.png,17999
depth/009491.png,17735
depth/009492.png,17666
depth/009493.png,17510
depth/009494.png,17224
depth/009495.png,17116
depth/009496.png,16821
depth/009497.png,16419
depth/009498.png,16284
depth/009499.png,15540
depth/009500.png,15495
depth/009501.png,15370
depth/009502.png,15577
depth/009503.png,15410
depth/009504.png,15559
depth/009505.png,15605
depth/009506.png,15738
depth/009507.png,15898
depth/009508.png,15931
depth/009509.png,15801
depth/009510.png,15833
depth/009511.png,15836
depth/009512.png,15750
depth/009513.png,16206
depth/009514.png,16237
depth/009515.png,16437
depth/009516.png,16865
depth/009517.png,16733
depth/009518.png,16850
depth/009519.png,16981
depth/009520.png,16884
depth/009521.png,17120
depth/009522.png,17072
depth/009523.png,16983
depth/009524.png,16922
depth/009525.png,16903
depth/009526.png,16791
depth/009527.png,16411
depth/009528.png,16336
depth/009529.png,15986
depth/009530.png,15760
depth/009531.png,15698
depth/009532.png,15338
depth/009533.png,15208
depth/009534.png,14966
depth/009535.png,14927
depth/009536.png,14644
depth/009537.png,14517
depth/009538.png,14246
depth/009539.png,14323
depth/009540.png,13972
depth/009541.png,13859
depth/009542.png,13560
depth/009543.png,13229
depth/009544.png,12657
depth/009545.png,12666
depth/009546.png,12739
depth/009547.png,12513
depth/009548.png,12529
depth/009549.png,12533
depth/009550.png,12460
depth/009551.png,12402
depth/009552.png,12510
depth/009553.png,12414
depth/009554.png,12483
depth/009555.png,12551
depth/009556.png,12747
depth/009557.png,12860
depth/009558.png,12925
depth/009559.png,13037
depth/009560.png,13085
depth/009561.png,13258
depth/009562.png,13211
depth/009563.png,13338
depth/009564.png,13548
depth/009565.png,13572
depth/009566.png,13653
depth/009567.png,13690
depth/009568.png,13717
depth/009569.png,13957
depth/009570.png,14010
depth/009571.png,14036
depth/009572.png,14121
depth/009573.png,13947
depth/009574.png,13748
depth/009575.png,13884
depth/009576.png,13826
depth/009577.png,13842
depth/009578.png,13788
depth/009579.png,13692
depth/009580.png,13393
depth/009581.png,13453
depth/009582.png,13500
depth/009583.png,13587
depth/009584.png,13706
depth/009585.png,13811
depth/009586.png,13628
depth/009587.png,13919
depth/009588.png,14005
depth/009589.png,14077
depth/009590.png,13903
depth/009591.png,13929
depth/009592.png,13997
depth/009593.png,13865
depth/009594.png,13978
depth/009595.png,13953
depth/009596.png,14120
depth/009597.png,14096
depth/009598.png,14073
depth/009599.png,14002
depth/009600.png,14243
depth/009601.png,14126
depth/009602.png,14312
depth/009603.png,14154
depth/009604.png,14267
depth/009605.png,14210
depth/009606.png,14374
depth/009607.png,14553
depth/009608.png,14403
depth/009609.png,14524
depth/009610.png,14777
depth/009611.png,14522
depth/009612.png,14591
depth/009613.png,14433
depth/009614.png,14803
depth/009615.png,14676
depth/009616.png,15025
depth/009617.png,15033
depth/009618.png,15243
depth/009619.png,15309
depth/009620.png,15349
depth/009621.png,15780
depth/009622.png,15867
depth/009623.png,16103
depth/009624.png,16159
depth/009625.png,16186
depth/009626.png,16099
depth/009627.png,16529
depth/009628.png,16535
depth/009629.png,16639
depth/009630.png,16637
depth/009631.png,16697
depth/009632.png,16636
depth/009633.png,16826
depth/009634.png,17320
depth/009635.png,18014
depth/009636.png,17872
depth/009637.png,18648
depth/009638.png,18619
depth/009639.png,19043
depth/009640.png,19262
depth/009641.png,19434
depth/009642.png,20655
depth/009643.png,20335
depth/009644.png,20968
depth/009645.png,21080
depth/009646.png,21080
depth/009647.png,22019
depth/009648.png,21882
depth/009649.png,22217
depth/009650.png,23073
depth/009651.png,23561
depth/009652.png,24000
depth/009653.png,24274
depth/009654.png,25069
depth/009655.png,24959
depth/009656.png,25889
depth/009657.png,25750
depth/009658.png,25979
depth/009659.png,26406
depth/009660.png,26500
depth/009661.png,27562
depth/009662.png,27588
depth/009663.png,28257
depth/009664.png,27267
depth/009665.png,26804
depth/009666.png,26496
depth/009667.png,27704
depth/009668.png,28768
depth/009669.png,27735
depth/009670.png,28249
depth/009671.png,27878
depth/009672.png,27895
depth/009673.png,27977
depth/009674.png,28872
depth/009675.png,29150
depth/009676.png,29850
depth/009677.png,30069
depth/009678.png,30589
depth/009679.png,31111
depth/009680.png,31230
depth/009681.png,31965
depth/009682.png,32885
depth/009683.png,32929
depth/009684.png,33664
depth/009685.png,32924
depth/009686.png,32827
depth/009687.png,32884
depth/009688.png,33417
depth/009689.png,33007
depth/009690.png,32790
depth/009691.png,32809
depth/009692.png,33161
depth/009693.png,33573
depth/009694.png,33282
depth/009695.png,32783
depth/009696.png,32046
depth/009697.png,31882
depth/009698.png,31858
depth/009699.png,31774
depth/009700.png,31971
depth/009701.png,31545
depth/009702.png,31495
depth/009703.png,31038
depth/009704.png,30664
depth/009705.png,30807
depth/009706.png,29725
depth/009707.png,29333
depth/009708.png,28774
depth/009709.png,28828
depth/009710.png,28876
depth/009711.png,28661
depth/009712.png,28524
depth/009713.png,28252
depth/009714.png,28432
depth/009715.png,28164
depth/009716.png,28019
depth/009717.png,27259
depth/009718.png,26362
depth/009719.png,24489
depth/009720.png,24214
depth/009721.png,24034
depth/009722.png,22068
depth/009723.png,21835
depth/009724.png,21738
depth/009725.png,21448
depth/009726.png,21379
depth/009727.png,21158
depth/009728.png,20232
depth/009729.png,19865
depth/009730.png,20080
depth/009731.png,20131
depth/009732.png,20270
depth/009733.png,19889
depth/009734.png,20018
depth/009735.png,20164
depth/009736.png,20501
depth/009737.png,20291
depth/009738.png,20534
depth/009739.png,20205
depth/009740.png,20261
depth/009741.png,20029
depth/009742.png,19736
depth/009743.png,19553
depth/009744.png,19424
imu.csv,2973457
odometry.csv,1498253
rgb.mp4,252331542
