video_index,pts_s,odometry_frame,odometry_timestamp
0,0.000000,1,65764.254256208
1,0.016667,2,65764.270925583
2,0.066667,3,65764.320933125
3,0.083333,4,65764.337602250
4,0.116667,5,65764.370940583
5,0.133333,6,65764.387609833
6,0.150000,7,65764.404279041
7,0.183333,8,65764.437617458
8,0.200000,9,65764.454286500
9,0.233333,10,65764.487624958
10,0.250000,11,65764.504294208
11,0.266667,12,65764.520963208
12,0.300000,13,65764.554301708
13,0.316667,14,65764.570970833
14,0.333333,15,65764.587640125
15,0.366667,16,65764.620978375
16,0.383333,17,65764.637647583
17,0.400000,18,65764.654316833
18,0.433333,19,65764.687655125
19,0.450000,20,65764.704324375
20,0.466667,21,65764.720993541
21,0.500000,22,65764.754331833
22,0.516667,23,65764.771001083
23,0.533333,24,65764.787670291
24,0.566667,25,65764.821008625
25,0.583333,26,65764.837677791
26,0.616667,27,65764.871016291
27,0.633333,28,65764.887685541
28,0.650000,29,65764.904354583
29,0.683333,30,65764.937693041
30,0.700000,31,65764.954362208
31,0.716667,32,65764.971031333
32,0.750000,33,65765.004369708
33,0.766667,34,65765.021038916
34,0.783333,35,65765.037708000
35,0.800000,36,65765.054377208
36,0.833333,37,65765.087715708
37,0.850000,38,65765.104384958
38,0.866667,39,65765.121054000
39,0.900000,40,65765.154392458
40,0.916667,41,65765.171061708
41,0.933333,42,65765.187730708
42,0.966667,43,65765.221069166
43,0.983333,44,65765.237738416
44,1.000000,45,65765.254407583
45,1.033333,46,65765.287745958
46,1.050000,47,65765.304415166
47,1.066667,48,65765.321084333
48,1.100000,49,65765.354422666
49,1.116667,50,65765.371091833
50,1.133333,51,65765.387761166
51,1.150000,52,65765.404430375
52,1.183333,53,65765.437768625
53,1.200000,54,65765.454437833
54,1.216667,55,65765.471107083
55,1.233333,56,65765.487776125
56,1.266667,57,65765.521114583
57,1.283333,58,65765.537783833
58,1.300000,59,65765.554453041
59,1.316667,60,65765.571122083
60,1.333333,61,65765.587791333
61,1.366667,62,65765.621129833
62,1.383333,63,65765.637798791
63,1.400000,64,65765.654468083
64,1.416667,65,65765.671137333
65,1.433333,66,65765.687806541
66,1.450000,67,65765.704475750
67,1.466667,68,65765.721144833
68,1.500000,69,65765.754483250
69,1.516667,70,65765.771152541
70,1.533333,71,65765.787821541
71,1.550000,72,65765.804490833
72,1.566667,73,65765.821160000
73,1.583333,74,65765.837829208
74,1.600000,75,65765.854498416
75,1.616667,76,65765.871167500
76,1.650000,77,65765.904505958
77,1.666667,78,65765.921175208
78,1.683333,79,65765.937844208
79,1.700000,80,65765.954513458
80,1.716667,81,65765.971182750
81,1.733333,82,65765.987851958
82,1.750000,83,65766.004521208
83,1.766667,84,65766.021190250
84,1.783333,85,65766.037859375
85,1.800000,86,65766.054528708
86,1.833333,87,65766.087866916
87,1.850000,88,65766.104536250
88,1.866667,89,65766.121205458
89,1.883333,90,65766.137874666
90,1.900000,91,65766.154543750
91,1.916667,92,65766.171212916
92,1.933333,93,65766.187882166
93,1.966667,94,65766.221220625
94,1.983333,95,65766.237889666
95,2.000000,96,65766.254558875
96,2.016667,97,65766.271228166
97,2.033333,98,65766.287897250
98,2.066667,99,65766.321235666
99,2.083333,100,65766.337904875
100,2.100000,101,65766.354574083
101,2.116667,102,65766.371243291
102,2.133333,103,65766.387912333
103,2.166667,104,65766.421250791
104,2.183333,105,65766.437920000
105,2.200000,106,65766.454589083
106,2.216667,107,65766.471258291
107,2.233333,108,65766.487927541
108,2.266667,109,65766.521265958
109,2.283333,110,65766.537935000
110,2.300000,111,65766.554604250
111,2.316667,112,65766.571273500
112,2.333333,113,65766.587942666
113,2.350000,114,65766.604611708
114,2.383333,115,65766.637950208
115,2.400000,116,65766.654619416
116,2.416667,117,65766.671288625
117,2.433333,118,65766.687957666
118,2.450000,119,65766.704626916
119,2.483333,120,65766.737965375
120,2.500000,121,65766.754634375
121,2.516667,122,65766.771303625
122,2.533333,123,65766.787972791
123,2.550000,124,65766.804642083
124,2.583333,125,65766.837980333
125,2.600000,126,65766.854649541
126,2.616667,127,65766.871318833
127,2.633333,128,65766.887988000
128,2.666667,129,65766.921326333
129,2.683333,130,65766.937995458
130,2.700000,131,65766.954664708
131,2.716667,132,65766.971333958
132,2.733333,133,65766.988002958
133,2.766667,134,65767.021341458
134,2.783333,135,65767.038010666
135,2.800000,136,65767.054679708
136,2.816667,137,65767.071348916
137,2.850000,138,65767.104687416
138,2.866667,139,65767.121356541
139,2.883333,140,65767.138025583
140,2.916667,141,65767.171364083
141,2.933333,142,65767.188033291
142,2.950000,143,65767.204702375
143,2.983333,144,65767.238040750
144,3.000000,145,65767.254710000
145,3.016667,146,65767.271379250
146,3.050000,147,65767.304717541
147,3.066667,148,65767.321386708
148,3.083333,149,65767.338055916
149,3.116667,150,65767.371394166
150,3.133333,151,65767.388063458
151,3.150000,152,65767.404732666
152,3.183333,153,65767.438070916
153,3.200000,154,65767.454740166
154,3.233333,155,65767.488078583
155,3.250000,156,65767.504747583
156,3.266667,157,65767.521416791
157,3.300000,158,65767.554755208
158,3.316667,159,65767.571424333
159,3.350000,160,65767.604762708
160,3.366667,161,65767.621431958
161,3.400000,162,65767.654770250
162,3.416667,163,65767.671439416
163,3.433333,164,65767.688108666
164,3.466667,165,65767.721446958
165,3.483333,166,65767.738116125
166,3.516667,167,65767.771454541
167,3.533333,168,65767.788123833
168,3.566667,169,65767.821462000
169,3.583333,170,65767.838131250
170,3.600000,171,65767.854800541
171,3.633333,172,65767.888138750
172,3.650000,173,65767.904807958
173,3.683333,174,65767.938146375
174,3.700000,175,65767.954815458
175,3.733333,176,65767.988153833
176,3.750000,177,65768.004823083
177,3.766667,178,65768.021492166
178,3.800000,179,65768.054830500
179,3.816667,180,65768.071499791
180,3.850000,181,65768.104838041
181,3.866667,182,65768.121507208
182,3.883333,183,65768.138176458
183,3.916667,184,65768.171514708
184,3.933333,185,65768.188183958
185,3.966667,186,65768.221522375
186,3.983333,187,65768.238191583
187,4.000000,188,65768.254860583
188,4.033333,189,65768.288198958
189,4.050000,190,65768.304868208
190,4.083333,191,65768.338206500
191,4.100000,192,65768.354875666
192,4.116667,193,65768.371544958
193,4.150000,194,65768.404883166
194,4.166667,195,65768.421552375
195,4.200000,196,65768.454890833
196,4.216667,197,65768.471559833
197,4.233333,198,65768.488229041
198,4.266667,199,65768.521567416
199,4.283333,200,65768.538236708
200,4.300000,201,65768.554905750
201,4.316667,202,65768.571574958
202,4.350000,203,65768.604913333
203,4.366667,204,65768.621582416
204,4.383333,205,65768.638251625
205,4.416667,206,65768.671590083
206,4.433333,207,65768.688259291
207,4.450000,208,65768.704928291
208,4.483333,209,65768.738266666
209,4.500000,210,65768.754935916
210,4.533333,211,65768.788274125
211,4.550000,212,65768.804943416
212,4.566667,213,65768.821612583
213,4.583333,214,65768.838281833
214,4.616667,215,65768.871620041
215,4.633333,216,65768.888289291
216,4.650000,217,65768.904958458
217,4.666667,218,65768.921627541
218,4.683333,219,65768.938296750
219,4.716667,220,65768.971635125
220,4.733333,221,65768.988304208
221,4.750000,222,65769.004973416
222,4.766667,223,65769.021642583
223,4.783333,224,65769.038311833
224,4.816667,225,65769.071650041
225,4.833333,226,65769.088319291
226,4.850000,227,65769.104988500
227,4.866667,228,65769.121657666
228,4.883333,229,65769.138326916
229,4.916667,230,65769.171665125
230,4.933333,231,65769.188334333
231,4.950000,232,65769.205003541
232,4.966667,233,65769.221672625
233,5.000000,234,65769.255011000
234,5.016667,235,65769.271680208
235,5.033333,236,65769.288349291
236,5.050000,237,65769.305018458
237,5.066667,238,65769.321687666
238,5.083333,239,65769.338356875
239,5.116667,240,65769.371695125
240,5.133333,241,65769.388364291
241,5.150000,242,65769.405033500
242,5.166667,243,65769.421702708
243,5.183333,244,65769.438371791
244,5.200000,245,65769.455040958
245,5.233333,246,65769.488379375
246,5.250000,247,65769.505048625
247,5.266667,248,65769.521717625
248,5.283333,249,65769.538386875
249,5.316667,250,65769.571725291
250,5.333333,251,65769.588394291
251,5.350000,252,65769.605063500
252,5.366667,253,65769.621732666
253,5.400000,254,65769.655071125
254,5.416667,255,65769.671740166
255,5.433333,256,65769.688409333
256,5.450000,257,65769.705078500
257,5.483333,258,65769.738416791
258,5.500000,259,65769.755086000
259,5.516667,260,65769.771755250
260,5.533333,261,65769.788424416
261,5.566667,262,65769.821762666
262,5.583333,263,65769.838431875
263,5.600000,264,65769.855101083
264,5.633333,265,65769.888439250
265,5.650000,266,65769.905108500
266,5.666667,267,65769.921777708
267,5.683333,268,65769.938446916
268,5.716667,269,65769.971785166
269,5.733333,270,65769.988454375
270,5.750000,271,65770.005123500
271,5.783333,272,65770.038461750
272,5.800000,273,65770.055131000
273,5.816667,274,65770.071800166
274,5.850000,275,65770.105138625
275,5.866667,276,65770.121807583
276,5.883333,277,65770.138476875
277,5.916667,278,65770.171815250
278,5.933333,279,65770.188484250
279,5.950000,280,65770.205153458
280,5.983333,281,65770.238491875
281,6.000000,282,65770.255161083
282,6.016667,283,65770.271830125
283,6.050000,284,65770.305168541
284,6.066667,285,65770.321837666
285,6.100000,286,65770.355175916
286,6.116667,287,65770.371845166
287,6.133333,288,65770.388514291
288,6.166667,289,65770.421852583
289,6.183333,290,65770.438521750
290,6.200000,291,65770.455191000
291,6.233333,292,65770.488529250
292,6.250000,293,65770.505198416
293,6.266667,294,65770.521867583
294,6.300000,295,65770.555205958
295,6.316667,296,65770.571875041
296,6.333333,297,65770.588544208
297,6.366667,298,65770.621882625
298,6.383333,299,65770.638551666
299,6.400000,300,65770.655220875
300,6.433333,301,65770.688559291
301,6.450000,302,65770.705228291
302,6.466667,303,65770.721897500
303,6.500000,304,65770.755235875
304,6.516667,305,65770.771905083
305,6.550000,306,65770.805243291
306,6.566667,307,65770.821912541
307,6.583333,308,65770.838581666
308,6.616667,309,65770.871919958
309,6.633333,310,65770.888589166
310,6.650000,311,65770.905258333
311,6.666667,312,65770.921927458
312,6.700000,313,65770.955265791
313,6.716667,314,65770.971934958
314,6.733333,315,65770.988604125
315,6.750000,316,65771.005273166
316,6.783333,317,65771.038611541
317,6.800000,318,65771.055280750
318,6.816667,319,65771.071949958
319,6.833333,320,65771.088618958
320,6.866667,321,65771.121957291
321,6.883333,322,65771.138626541
322,6.900000,323,65771.155295583
323,6.933333,324,65771.188634000
324,6.950000,325,65771.205303166
325,6.966667,326,65771.221972375
326,6.983333,327,65771.238641333
327,7.016667,328,65771.271979791
328,7.033333,329,65771.288649000
329,7.050000,330,65771.305318041
330,7.083333,331,65771.338656416
331,7.100000,332,65771.355325583
332,7.116667,333,65771.371994791
333,7.150000,334,65771.405333041
334,7.166667,335,65771.422002166
335,7.183333,336,65771.438671416
336,7.200000,337,65771.455340333
337,7.216667,338,65771.472009625
338,7.233333,339,65771.488678833
339,7.266667,340,65771.522017166
340,7.283333,341,65771.538686208
341,7.300000,342,65771.555355375
342,7.316667,343,65771.572024500
343,7.333333,344,65771.588693833
344,7.366667,345,65771.622032000
345,7.383333,346,65771.638701125
346,7.400000,347,65771.655370375
347,7.433333,348,65771.688708583
348,7.450000,349,65771.705377791
349,7.466667,350,65771.722047000
350,7.500000,351,65771.755385250
351,7.516667,352,65771.772054416
352,7.533333,353,65771.788723625
353,7.566667,354,65771.822061833
354,7.583333,355,65771.838731000
355,7.600000,356,65771.855400166
356,7.633333,357,65771.888738541
357,7.650000,358,65771.905407583
358,7.666667,359,65771.922076750
359,7.700000,360,65771.955415125
360,7.716667,361,65771.972084166
361,7.733333,362,65771.988753375
362,7.766667,363,65772.022091708
363,7.783333,364,65772.038760958
364,7.816667,365,65772.072099166
365,7.833333,366,65772.088768333
366,7.866667,367,65772.122106500
367,7.883333,368,65772.138775666
368,7.916667,369,65772.172114125
369,7.933333,370,65772.188783291
370,7.966667,371,65772.222121458
371,7.983333,372,65772.238790625
372,8.000000,373,65772.255459875
373,8.033333,374,65772.288798041
374,8.050000,375,65772.305467291
375,8.083333,376,65772.338805666
376,8.116667,377,65772.372143833
377,8.133333,378,65772.388813041
378,8.150000,379,65772.405482250
379,8.166667,380,65772.422151250
380,8.183333,381,65772.438820416
381,8.216667,382,65772.472158750
382,8.233333,383,65772.488827958
383,8.250000,384,65772.505497000
384,8.283333,385,65772.538835333
385,8.300000,386,65772.555504625
386,8.333333,387,65772.588842833
387,8.350000,388,65772.605511916
388,8.383333,389,65772.638850375
389,8.400000,390,65772.655519375
390,8.433333,391,65772.688857750
391,8.450000,392,65772.705526875
392,8.483333,393,65772.738865041
393,8.500000,394,65772.755534250
394,8.533333,395,65772.788872708
395,8.550000,396,65772.805541666
396,8.583333,397,65772.838880041
397,8.600000,398,65772.855549250
398,8.633333,399,65772.888887458
399,8.650000,400,65772.905556625
400,8.683333,401,65772.938895041
401,8.700000,402,65772.955563958
402,8.716667,403,65772.972233166
403,8.750000,404,65773.005571541
404,8.766667,405,65773.022240583
405,8.800000,406,65773.055578958
406,8.816667,407,65773.072248083
407,8.833333,408,65773.088917333
408,8.866667,409,65773.122255458
409,8.883333,410,65773.138924666
410,8.900000,411,65773.155593875
411,8.933333,412,65773.188932083
412,8.950000,413,65773.205601250
413,8.983333,414,65773.238939416
414,9.000000,415,65773.255608625
415,9.016667,416,65773.272277750
416,9.050000,417,65773.305616166
417,9.066667,418,65773.322285208
418,9.083333,419,65773.338954333
419,9.116667,420,65773.372292708
420,9.133333,421,65773.388961750
421,9.166667,422,65773.422300083
422,9.183333,423,65773.438969250
423,9.200000,424,65773.455638416
424,9.233333,425,65773.488976666
425,9.250000,426,65773.505645833
426,9.283333,427,65773.538984000
427,9.300000,428,65773.555653166
428,9.316667,429,65773.572322375
429,9.350000,430,65773.605660708
430,9.366667,431,65773.622329791
431,9.383333,432,65773.638998916
432,9.416667,433,65773.672337250
433,9.433333,434,65773.689006250
434,9.450000,435,65773.705675500
435,9.483333,436,65773.739013791
436,9.500000,437,65773.755682958
437,9.533333,438,65773.789021166
438,9.550000,439,65773.805690375
439,9.583333,440,65773.839028500
440,9.600000,441,65773.855697750
441,9.616667,442,65773.872366916
442,9.633333,443,65773.889036083
443,9.650000,444,65773.905705291
444,9.666667,445,65773.922374250
445,9.683333,446,65773.939043500
446,9.716667,447,65773.972381833
447,9.733333,448,65773.989050833
448,9.766667,449,65774.022389208
449,9.783333,450,65774.039058375
450,9.816667,451,65774.072396458
451,9.833333,452,65774.089065708
452,9.850000,453,65774.105734875
453,9.883333,454,65774.139073083
454,9.900000,455,65774.155742250
455,9.916667,456,65774.172411416
456,9.950000,457,65774.205749708
457,9.966667,458,65774.222418791
458,9.983333,459,65774.239088000
459,10.016667,460,65774.272426333
460,10.033333,461,65774.289095375
461,10.050000,462,65774.305764541
462,10.083333,463,65774.339102875
463,10.100000,464,65774.355772041
464,10.116667,465,65774.372441000
465,10.150000,466,65774.405779416
466,10.166667,467,65774.422448541
467,10.183333,468,65774.439117625
468,10.216667,469,65774.472455958
469,10.233333,470,65774.489125125
470,10.250000,471,65774.505794208
471,10.283333,472,65774.539132458
472,10.300000,473,65774.555801583
473,10.316667,474,65774.572470791
474,10.350000,475,65774.605808958
475,10.366667,476,65774.622478166
476,10.400000,477,65774.655816291
477,10.416667,478,65774.672485541
478,10.433333,479,65774.689154666
479,10.466667,480,65774.722493041
480,10.483333,481,65774.739162041
481,10.500000,482,65774.755831250
482,10.533333,483,65774.789169541
483,10.550000,484,65774.805838708
484,10.566667,485,65774.822507708
485,10.600000,486,65774.855846041
486,10.616667,487,65774.872515250
487,10.650000,488,65774.905853458
488,10.666667,489,65774.922522583
489,10.683333,490,65774.939191750
490,10.716667,491,65774.972529958
491,10.733333,492,65774.989199083
492,10.766667,493,65775.022537458
493,10.783333,494,65775.039206458
494,10.800000,495,65775.055875625
495,10.833333,496,65775.089214000
496,10.850000,497,65775.105883000
497,10.866667,498,65775.122552166
498,10.883333,499,65775.139221333
499,10.916667,500,65775.172559666
500,10.933333,501,65775.189228666
501,10.950000,502,65775.205897833
502,10.966667,503,65775.222567000
503,10.983333,504,65775.239236125
504,11.000000,505,65775.255905125
505,11.016667,506,65775.272574333
506,11.050000,507,65775.305912666
507,11.066667,508,65775.322581875
508,11.083333,509,65775.339250791
509,11.100000,510,65775.355920000
510,11.116667,511,65775.372589166
511,11.133333,512,65775.389258416
512,11.150000,513,65775.405927375
513,11.166667,514,65775.422596458
514,11.200000,515,65775.455934875
515,11.216667,516,65775.472604000
516,11.233333,517,65775.489273041
517,11.250000,518,65775.505942166
518,11.266667,519,65775.522611333
519,11.283333,520,65775.539280541
520,11.300000,521,65775.555949541
521,11.316667,522,65775.572618666
522,11.350000,523,65775.605957041
523,11.366667,524,65775.622626208
524,11.383333,525,65775.639295250
525,11.400000,526,65775.655964333
526,11.416667,527,65775.672633541
527,11.433333,528,65775.689302666
528,11.450000,529,65775.705971666
529,11.483333,530,65775.739310083
530,11.500000,531,65775.755979208
531,11.516667,532,65775.772648375
532,11.533333,533,65775.789317375
533,11.550000,534,65775.805986541
534,11.566667,535,65775.822655708
535,11.583333,536,65775.839324875
536,11.600000,537,65775.855993875
537,11.616667,538,65775.872663000
538,11.650000,539,65775.906001416
539,11.666667,540,65775.922670541
540,11.683333,541,65775.939339500
541,11.700000,542,65775.956008666
542,11.716667,543,65775.972677875
543,11.733333,544,65775.989347000
544,11.750000,545,65776.006016000
545,11.783333,546,65776.039354375
546,11.800000,547,65776.056023500
547,11.816667,548,65776.072692541
548,11.833333,549,65776.089361708
549,11.850000,550,65776.106030833
550,11.866667,551,65776.122700000
551,11.900000,552,65776.156038125
552,11.916667,553,65776.172707375
553,11.933333,554,65776.189376458
554,11.950000,555,65776.206045708
555,11.966667,556,65776.222714833
556,11.983333,557,65776.239383791
557,12.016667,558,65776.272722166
558,12.033333,559,65776.289391333
559,12.050000,560,65776.306060250
560,12.066667,561,65776.322729500
561,12.083333,562,65776.339398583
562,12.116667,563,65776.372736791
563,12.133333,564,65776.389405916
564,12.150000,565,65776.406075083
565,12.166667,566,65776.422744250
566,12.183333,567,65776.439413458
567,12.200000,568,65776.456082500
568,12.233333,569,65776.489420791
569,12.250000,570,65776.506089958
570,12.266667,571,65776.522758958
571,12.283333,572,65776.539428041
572,12.300000,573,65776.556097208
573,12.316667,574,65776.572766416
574,12.333333,575,65776.589435583
575,12.366667,576,65776.622773708
576,12.383333,577,65776.639442916
577,12.400000,578,65776.656112083
578,12.416667,579,65776.672781083
579,12.433333,580,65776.689450166
580,12.466667,581,65776.722788541
581,12.483333,582,65776.739457666
582,12.500000,583,65776.756126666
583,12.516667,584,65776.772795833
584,12.533333,585,65776.789465000
585,12.550000,586,65776.806134166
586,12.566667,587,65776.822803208
587,12.583333,588,65776.839472333
588,12.616667,589,65776.872810666
589,12.633333,590,65776.889479875
590,12.650000,591,65776.906148791
591,12.666667,592,65776.922817958
592,12.683333,593,65776.939487125
593,12.700000,594,65776.956156250
594,12.716667,595,65776.972825291
595,12.733333,596,65776.989494416
596,12.766667,597,65777.022832708
597,12.783333,598,65777.039501875
598,12.800000,599,65777.056170916
599,12.816667,600,65777.072840000
600,12.833333,601,65777.089509250
601,12.850000,602,65777.106178375
602,12.866667,603,65777.122847333
603,12.900000,604,65777.156185625
604,12.916667,605,65777.172854875
605,12.933333,606,65777.189523958
606,12.950000,607,65777.206192958
607,12.966667,608,65777.222862083
608,12.983333,609,65777.239531333
609,13.000000,610,65777.256200458
610,13.033333,611,65777.289538541
611,13.050000,612,65777.306207750
612,13.066667,613,65777.322876958
613,13.083333,614,65777.339546083
614,13.100000,615,65777.356215083
615,13.116667,616,65777.372884166
616,13.133333,617,65777.389553375
617,13.166667,618,65777.422891541
618,13.183333,619,65777.439560666
619,13.200000,620,65777.456229833
620,13.216667,621,65777.472899000
621,13.233333,622,65777.489567958
622,13.250000,623,65777.506237083
623,13.266667,624,65777.522906291
624,13.283333,625,65777.539575416
625,13.300000,626,65777.556244583
626,13.316667,627,65777.572913583
627,13.333333,628,65777.589582750
628,13.366667,629,65777.622921041
629,13.383333,630,65777.639590083
630,13.400000,631,65777.656259208
631,13.416667,632,65777.672928333
632,13.433333,633,65777.689597500
633,13.450000,634,65777.706266708
634,13.466667,635,65777.722935666
635,13.483333,636,65777.739604791
636,13.500000,637,65777.756273916
637,13.516667,638,65777.772943083
638,13.533333,639,65777.789612125
639,13.550000,640,65777.806281208
640,13.583333,641,65777.839619583
641,13.600000,642,65777.856288708
642,13.616667,643,65777.872957666
643,13.633333,644,65777.889626833
644,13.650000,645,65777.906296000
645,13.666667,646,65777.922965166
646,13.683333,647,65777.939634166
647,13.700000,648,65777.956303333
648,13.716667,649,65777.972972500
649,13.733333,650,65777.989641541
650,13.750000,651,65778.006310791
651,13.766667,652,65778.022979708
652,13.783333,653,65778.039648916
653,13.816667,654,65778.072987166
654,13.833333,655,65778.089656166
655,13.850000,656,65778.106325291
656,13.866667,657,65778.122994500
657,13.883333,658,65778.139663625
658,13.900000,659,65778.156332750
659,13.916667,660,65778.173001708
660,13.950000,661,65778.206340125
661,13.966667,662,65778.223009291
662,13.983333,663,65778.239678250
663,14.000000,664,65778.256347375
664,14.016667,665,65778.273016500
665,14.050000,666,65778.306354833
666,14.066667,667,65778.323023833
667,14.083333,668,65778.339692875
668,14.116667,669,65778.373031250
669,14.133333,670,65778.389700291
670,14.150000,671,65778.406369416
671,14.166667,672,65778.423038500
672,14.200000,673,65778.456376791
673,14.216667,674,65778.473045833
674,14.233333,675,65778.489714958
675,14.266667,676,65778.523053208
676,14.283333,677,65778.539722250
677,14.300000,678,65778.556391375
678,14.316667,679,65778.573060458
679,14.350000,680,65778.606398833
680,14.366667,681,65778.623067875
681,14.383333,682,65778.639737000
682,14.400000,683,65778.656406083
683,14.416667,684,65778.673075250
684,14.450000,685,65778.706413375
685,14.466667,686,65778.723082625
686,14.483333,687,65778.739751708
687,14.500000,688,65778.756420833
688,14.533333,689,65778.789758958
689,14.550000,690,65778.806428083
690,14.566667,691,65778.823097250
691,14.583333,692,65778.839766208
692,14.600000,693,65778.856435416
693,14.633333,694,65778.889773666
694,14.650000,695,65778.906442666
695,14.666667,696,65778.923111875
696,14.683333,697,65778.939781000
697,14.700000,698,65778.956450125
698,14.733333,699,65778.989788250
699,14.750000,700,65779.006457416
700,14.766667,701,65779.023126541
701,14.783333,702,65779.039795708
702,14.800000,703,65779.056464625
703,14.816667,704,65779.073133791
704,14.850000,705,65779.106472083
705,14.866667,706,65779.123141250
706,14.883333,707,65779.139810208
707,14.900000,708,65779.156479333
708,14.916667,709,65779.173148541
709,14.933333,710,65779.189817666
710,14.950000,711,65779.206486666
711,14.966667,712,65779.223155791
712,15.000000,713,65779.256494000
713,15.016667,714,65779.273163166
714,15.033333,715,65779.289832166
715,15.050000,716,65779.306501375
716,15.066667,717,65779.323170500
717,15.083333,718,65779.339839625
718,15.100000,719,65779.356508625
719,15.133333,720,65779.389846875
720,15.150000,721,65779.406516041
721,15.166667,722,65779.423185166
722,15.183333,723,65779.439854166
723,15.200000,724,65779.456523250
724,15.216667,725,65779.473192416
725,15.233333,726,65779.489861541
726,15.250000,727,65779.506530541
727,15.266667,728,65779.523199750
728,15.283333,729,65779.539868833
729,15.316667,730,65779.573207166
730,15.333333,731,65779.589876125
731,15.350000,732,65779.606545250
732,15.366667,733,65779.623214416
733,15.383333,734,65779.639883541
734,15.400000,735,65779.656552541
735,15.416667,736,65779.673221666
736,15.433333,737,65779.689890833
737,15.450000,738,65779.706559916
738,15.466667,739,65779.723229083
739,15.483333,740,65779.739898041
740,15.516667,741,65779.773236375
741,15.533333,742,65779.789905458
742,15.550000,743,65779.806574500
743,15.566667,744,65779.823243583
744,15.583333,745,65779.839912750
745,15.600000,746,65779.856581875
746,15.616667,747,65779.873251041
747,15.633333,748,65779.889920041
748,15.650000,749,65779.906589125
749,15.666667,750,65779.923258291
750,15.700000,751,65779.956596375
751,15.716667,752,65779.973265541
752,15.733333,753,65779.989934708
753,15.750000,754,65780.006603875
754,15.766667,755,65780.023272958
755,15.783333,756,65780.039941958
756,15.800000,757,65780.056611125
757,15.816667,758,65780.073280250
758,15.833333,759,65780.089949416
759,15.850000,760,65780.106618375
760,15.866667,761,65780.123287500
761,15.883333,762,65780.139956666
762,15.900000,763,65780.156625791
763,15.916667,764,65780.173294916
764,15.950000,765,65780.206633041
765,15.966667,766,65780.223302125
766,15.983333,767,65780.239971291
767,16.000000,768,65780.256640291
768,16.016667,769,65780.273309416
769,16.033333,770,65780.289978583
770,16.050000,771,65780.306647708
771,16.066667,772,65780.323316666
772,16.083333,773,65780.339985833
773,16.100000,774,65780.356654958
774,16.116667,775,65780.373324083
775,16.133333,776,65780.389993250
776,16.150000,777,65780.406662166
777,16.183333,778,65780.440000500
778,16.200000,779,65780.456669583
779,16.216667,780,65780.473338750
780,16.233333,781,65780.490007708
781,16.250000,782,65780.506676833
782,16.266667,783,65780.523345958
783,16.283333,784,65780.540015166
784,16.300000,785,65780.556684125
785,16.316667,786,65780.573353208
786,16.333333,787,65780.590022375
787,16.350000,788,65780.606691500
788,16.383333,789,65780.640029625
789,16.400000,790,65780.656698750
790,16.416667,791,65780.673367875
791,16.433333,792,65780.690037041
792,16.450000,793,65780.706705958
793,16.466667,794,65780.723375125
794,16.483333,795,65780.740044291
795,16.500000,796,65780.756713375
796,16.533333,797,65780.790051500
797,16.550000,798,65780.806720666
798,16.566667,799,65780.823389833
799,16.583333,800,65780.840058958
800,16.600000,801,65780.856727875
801,16.616667,802,65780.873397000
802,16.650000,803,65780.906735333
803,16.666667,804,65780.923404250
804,16.683333,805,65780.940073333
805,16.700000,806,65780.956742500
806,16.733333,807,65780.990080791
807,16.750000,808,65781.006749708
808,16.766667,809,65781.023418875
809,16.783333,810,65781.040088041
810,16.816667,811,65781.073426166
811,16.833333,812,65781.090095333
812,16.850000,813,65781.106764375
813,16.866667,814,65781.123433541
814,16.900000,815,65781.156771625
815,16.916667,816,65781.173440750
816,16.933333,817,65781.190109875
817,16.950000,818,65781.206779083
818,16.966667,819,65781.223448041
819,17.000000,820,65781.256786291
820,17.016667,821,65781.273455458
821,17.033333,822,65781.290124583
822,17.050000,823,65781.306793541
823,17.066667,824,65781.323462666
824,17.083333,825,65781.340131750
825,17.116667,826,65781.373469875
826,17.133333,827,65781.390139000
827,17.150000,828,65781.406808166
828,17.166667,829,65781.423477333
829,17.200000,830,65781.456815416
830,17.216667,831,65781.473484500
831,17.233333,832,65781.490153583
832,17.266667,833,65781.523491708
833,17.283333,834,65781.540160875
834,17.300000,835,65781.556830041
835,17.316667,836,65781.573499208
836,17.350000,837,65781.606837208
837,17.366667,838,65781.623506416
838,17.383333,839,65781.640175500
839,17.416667,840,65781.673513625
840,17.433333,841,65781.690182750
841,17.450000,842,65781.706851916
842,17.483333,843,65781.740190000
843,17.500000,844,65781.756859083
844,17.516667,845,65781.773528166
845,17.550000,846,65781.806866458
846,17.566667,847,65781.823535458
847,17.583333,848,65781.840204541
848,17.616667,849,65781.873542791
849,17.633333,850,65781.890211750
850,17.650000,851,65781.906880916
851,17.683333,852,65781.940219166
852,17.700000,853,65781.956888291
853,17.716667,854,65781.973557291
854,17.750000,855,65782.006895541
855,17.766667,856,65782.023564625
856,17.783333,857,65782.040233666
857,17.816667,858,65782.073571833
858,17.833333,859,65782.090241000
859,17.850000,860,65782.106910125
860,17.883333,861,65782.140248250
861,17.900000,862,65782.156917375
862,17.916667,863,65782.173586458
863,17.950000,864,65782.206924583
864,17.966667,865,65782.223593708
865,17.983333,866,65782.240262875
866,18.016667,867,65782.273600958
867,18.033333,868,65782.290270041
868,18.050000,869,65782.306939125
869,18.083333,870,65782.340277250
870,18.100000,871,65782.356946416
871,18.116667,872,65782.373615500
872,18.150000,873,65782.406953791
873,18.166667,874,65782.423622750
874,18.183333,875,65782.440291875
875,18.216667,876,65782.473630125
876,18.233333,877,65782.490299041
877,18.250000,878,65782.506968208
878,18.283333,879,65782.540306458
879,18.300000,880,65782.556975500
880,18.316667,881,65782.573644583
881,18.350000,882,65782.606982750
882,18.366667,883,65782.623651916
883,18.383333,884,65782.640320916
884,18.416667,885,65782.673659125
885,18.433333,886,65782.690328208
886,18.450000,887,65782.706997416
887,18.483333,888,65782.740335500
888,18.500000,889,65782.757004541
889,18.516667,890,65782.773673666
890,18.550000,891,65782.807011791
891,18.566667,892,65782.823680916
892,18.583333,893,65782.840350000
893,18.616667,894,65782.873688083
894,18.633333,895,65782.890357250
895,18.650000,896,65782.907026333
896,18.683333,897,65782.940364458
897,18.700000,898,65782.957033583
898,18.716667,899,65782.973702666
899,18.750000,900,65783.007040916
900,18.766667,901,65783.023709875
901,18.783333,902,65783.040379000
902,18.800000,903,65783.057048125
903,18.833333,904,65783.090386208
904,18.850000,905,65783.107055333
905,18.866667,906,65783.123724458
906,18.900000,907,65783.157062583
907,18.916667,908,65783.173731666
908,18.933333,909,65783.190400833
909,18.950000,910,65783.207069916
910,18.983333,911,65783.240408041
911,19.000000,912,65783.257077125
912,19.016667,913,65783.273746208
913,19.050000,914,65783.307084333
914,19.066667,915,65783.323753458
915,19.083333,916,65783.340422541
916,19.100000,917,65783.357091666
917,19.133333,918,65783.390429791
918,19.150000,919,65783.407098916
919,19.166667,920,65783.423767958
920,19.200000,921,65783.457106041
921,19.216667,922,65783.473775250
922,19.233333,923,65783.490444333
923,19.250000,924,65783.507113416
924,19.283333,925,65783.540451583
925,19.300000,926,65783.557120625
926,19.316667,927,65783.573789708
927,19.333333,928,65783.590458875
928,19.366667,929,65783.623796958
929,19.383333,930,65783.640466041
930,19.400000,931,65783.657135166
931,19.433333,932,65783.690473291
932,19.450000,933,65783.707142416
933,19.466667,934,65783.723811541
934,19.483333,935,65783.740480625
935,19.516667,936,65783.773818750
936,19.533333,937,65783.790487875
937,19.550000,938,65783.807156958
938,19.583333,939,65783.840495000
939,19.600000,940,65783.857164166
940,19.616667,941,65783.873833208
941,19.650000,942,65783.907171375
942,19.666667,943,65783.923840458
943,19.683333,944,65783.940509541
944,19.716667,945,65783.973847833
945,19.733333,946,65783.990516708
946,19.750000,947,65784.007185916
947,19.783333,948,65784.040524041
948,19.800000,949,65784.057193083
949,19.816667,950,65784.073862250
950,19.850000,951,65784.107200458
951,19.866667,952,65784.123869541
952,19.883333,953,65784.140538500
953,19.916667,954,65784.173876708
954,19.933333,955,65784.190545833
955,19.950000,956,65784.207214833
956,19.983333,957,65784.240553041
957,20.000000,958,65784.257222166
958,20.016667,959,65784.273891333
959,20.050000,960,65784.307229333
960,20.066667,961,65784.323898375
961,20.083333,962,65784.340567583
962,20.116667,963,65784.373905666
963,20.133333,964,65784.390574791
964,20.150000,965,65784.407243791
965,20.183333,966,65784.440581916
966,20.200000,967,65784.457251041
967,20.216667,968,65784.473920166
968,20.250000,969,65784.507258250
969,20.266667,970,65784.523927291
970,20.283333,971,65784.540596458
971,20.316667,972,65784.573934500
972,20.333333,973,65784.590603708
973,20.350000,974,65784.607272750
974,20.383333,975,65784.640610958
975,20.400000,976,65784.657279958
976,20.433333,977,65784.690618166
977,20.450000,978,65784.707287291
978,20.466667,979,65784.723956166
979,20.500000,980,65784.757294458
980,20.516667,981,65784.773963583
981,20.533333,982,65784.790632708
982,20.566667,983,65784.823970750
983,20.583333,984,65784.840639875
984,20.616667,985,65784.873977958
985,20.633333,986,65784.890647083
986,20.650000,987,65784.907316166
987,20.683333,988,65784.940654333
988,20.700000,989,65784.957323291
989,20.733333,990,65784.990661625
990,20.750000,991,65785.007330666
991,20.766667,992,65785.023999583
992,20.800000,993,65785.057337833
993,20.816667,994,65785.074007000
994,20.850000,995,65785.107345041
995,20.866667,996,65785.124014208
996,20.900000,997,65785.157352375
997,20.916667,998,65785.174021333
998,20.933333,999,65785.190690416
999,20.966667,1000,65785.224028625
1000,20.983333,1001,65785.240697750
1001,21.016667,1002,65785.274035833
1002,21.033333,1003,65785.290704916
1003,21.066667,1004,65785.324043000
1004,21.083333,1005,65785.340712083
1005,21.116667,1006,65785.374050333
1006,21.133333,1007,65785.390719416
1007,21.166667,1008,65785.424057541
1008,21.183333,1009,65785.440726666
1009,21.216667,1010,65785.474064666
1010,21.233333,1011,65785.490733791
1011,21.250000,1012,65785.507402916
1012,21.283333,1013,65785.540741083
1013,21.300000,1014,65785.557410041
1014,21.333333,1015,65785.590748250
1015,21.350000,1016,65785.607417416
1016,21.383333,1017,65785.640755416
1017,21.400000,1018,65785.657424583
1018,21.433333,1019,65785.690762750
1019,21.450000,1020,65785.707431791
1020,21.483333,1021,65785.740769958
1021,21.500000,1022,65785.757439083
1022,21.533333,1023,65785.790777083
1023,21.550000,1024,65785.807446250
1024,21.583333,1025,65785.840784458
1025,21.600000,1026,65785.857453458
1026,21.616667,1027,65785.874122458
1027,21.650000,1028,65785.907460750
1028,21.666667,1029,65785.924129583
1029,21.700000,1030,65785.957467875
1030,21.716667,1031,65785.974136958
1031,21.733333,1032,65785.990805958
1032,21.766667,1033,65786.024144125
1033,21.783333,1034,65786.040813250
1034,21.800000,1035,65786.057482375
1035,21.833333,1036,65786.090820375
1036,21.850000,1037,65786.107489500
1037,21.866667,1038,65786.124158625
1038,21.900000,1039,65786.157496708
1039,21.916667,1040,65786.174165750
1040,21.933333,1041,65786.190834958
1041,21.966667,1042,65786.224173000
1042,21.983333,1043,65786.240842125
1043,22.000000,1044,65786.257511166
1044,22.033333,1045,65786.290849250
1045,22.050000,1046,65786.307518291
1046,22.083333,1047,65786.340856625
1047,22.100000,1048,65786.357525666
1048,22.116667,1049,65786.374194541
1049,22.150000,1050,65786.407532791
1050,22.166667,1051,65786.424201916
1051,22.183333,1052,65786.440870875
1052,22.216667,1053,65786.474209125
1053,22.233333,1054,65786.490878166
1054,22.250000,1055,65786.507547291
1055,22.283333,1056,65786.540885375
1056,22.300000,1057,65786.557554416
1057,22.316667,1058,65786.574223500
1058,22.350000,1059,65786.607561583
1059,22.366667,1060,65786.624230750
1060,22.383333,1061,65786.640899833
1061,22.416667,1062,65786.674237875
1062,22.433333,1063,65786.690906958
1063,22.450000,1064,65786.707576083
1064,22.483333,1065,65786.740914208
1065,22.500000,1066,65786.757583166
1066,22.516667,1067,65786.774252375
1067,22.550000,1068,65786.807590541
1068,22.566667,1069,65786.824259458
1069,22.583333,1070,65786.840928583
1070,22.600000,1071,65786.857597708
1071,22.633333,1072,65786.890935708
1072,22.650000,1073,65786.907604875
1073,22.666667,1074,65786.924274000
1074,22.700000,1075,65786.957612083
1075,22.716667,1076,65786.974281125
1076,22.733333,1077,65786.990950250
1077,22.766667,1078,65787.024288416
1078,22.783333,1079,65787.040957291
1079,22.800000,1080,65787.057626458
1080,22.816667,1081,65787.074295583
1081,22.850000,1082,65787.107633791
1082,22.866667,1083,65787.124302791
1083,22.883333,1084,65787.140971833
1084,22.900000,1085,65787.157640958
1085,22.933333,1086,65787.190978916
1086,22.950000,1087,65787.207648125
1087,22.966667,1088,65787.224317166
1088,22.983333,1089,65787.240986333
1089,23.016667,1090,65787.274324291
1090,23.033333,1091,65787.290993458
1091,23.050000,1092,65787.307662583
1092,23.083333,1093,65787.341000541
1093,23.100000,1094,65787.357669708
1094,23.116667,1095,65787.374338833
1095,23.150000,1096,65787.407676875
1096,23.166667,1097,65787.424345916
1097,23.183333,1098,65787.441015083
1098,23.200000,1099,65787.457684166
1099,23.233333,1100,65787.491022166
1100,23.250000,1101,65787.507691333
1101,23.266667,1102,65787.524360333
1102,23.300000,1103,65787.557698625
1103,23.316667,1104,65787.574367500
1104,23.350000,1105,65787.607705708
1105,23.366667,1106,65787.624374833
1106,23.383333,1107,65787.641043791
1107,23.416667,1108,65787.674382000
1108,23.433333,1109,65787.691051083
1109,23.466667,1110,65787.724389083
1110,23.483333,1111,65787.741058250
1111,23.500000,1112,65787.757727291
1112,23.533333,1113,65787.791065333
1113,23.550000,1114,65787.807734458
1114,23.583333,1115,65787.841072750
1115,23.600000,1116,65787.857741666
1116,23.616667,1117,65787.874410708
1117,23.650000,1118,65787.907748916
1118,23.666667,1119,65787.924418041
1119,23.683333,1120,65787.941087000
1120,23.716667,1121,65787.974425083
1121,23.733333,1122,65787.991094208
1122,23.750000,1123,65788.007763250
1123,23.783333,1124,65788.041101416
1124,23.800000,1125,65788.057770458
1125,23.833333,1126,65788.091108583
1126,23.850000,1127,65788.107777625
1127,23.866667,1128,65788.124446791
1128,23.900000,1129,65788.157784708
1129,23.916667,1130,65788.174453833
1130,23.950000,1131,65788.207792125
1131,23.966667,1132,65788.224461250
1132,23.983333,1133,65788.241130125
1133,24.016667,1134,65788.274468375
1134,24.033333,1135,65788.291137458
1135,24.066667,1136,65788.324475416
1136,24.083333,1137,65788.341144541
1137,24.116667,1138,65788.374482791
1138,24.133333,1139,65788.391151666
1139,24.150000,1140,65788.407820750
1140,24.183333,1141,65788.441159000
1141,24.200000,1142,65788.457827916
1142,24.233333,1143,65788.491166125
1143,24.250000,1144,65788.507835208
1144,24.283333,1145,65788.541173208
1145,24.300000,1146,65788.557842333
1146,24.333333,1147,65788.591180500
1147,24.350000,1148,65788.607849500
1148,24.383333,1149,65788.641187708
1149,24.400000,1150,65788.657856791
1150,24.433333,1151,65788.691194833
1151,24.450000,1152,65788.707863916
1152,24.466667,1153,65788.724532916
1153,24.483333,1154,65788.741202083
1154,24.500000,1155,65788.757871000
1155,24.516667,1156,65788.774540083
1156,24.533333,1157,65788.791209208
1157,24.566667,1158,65788.824547208
1158,24.583333,1159,65788.841216375
1159,24.600000,1160,65788.857885416
1160,24.633333,1161,65788.891223666
1161,24.650000,1162,65788.907892583
1162,24.683333,1163,65788.941230708
1163,24.700000,1164,65788.957899833
1164,24.733333,1165,65788.991237875
1165,24.750000,1166,65789.007907000
1166,24.783333,1167,65789.041245250
1167,24.800000,1168,65789.057914125
1168,24.816667,1169,65789.074583208
1169,24.850000,1170,65789.107921416
1170,24.866667,1171,65789.124590375
1171,24.883333,1172,65789.141259458
1172,24.916667,1173,65789.174597625
1173,24.933333,1174,65789.191266791
1174,24.950000,1175,65789.207935708
1175,24.983333,1176,65789.241273833
1176,25.000000,1177,65789.257942916
1177,25.016667,1178,65789.274611833
1178,25.033333,1179,65789.291280958
1179,25.066667,1180,65789.324619166
1180,25.083333,1181,65789.341288291
1181,25.100000,1182,65789.357957250
1182,25.133333,1183,65789.391295375
1183,25.150000,1184,65789.407964458
1184,25.166667,1185,65789.424633416
1185,25.200000,1186,65789.457971625
1186,25.216667,1187,65789.474640750
1187,25.233333,1188,65789.491309750
1188,25.266667,1189,65789.524647750
1189,25.283333,1190,65789.541316875
1190,25.300000,1191,65789.557986000
1191,25.333333,1192,65789.591324041
1192,25.350000,1193,65789.607993083
1193,25.366667,1194,65789.624662291
1194,25.383333,1195,65789.641331333
1195,25.416667,1196,65789.674669291
1196,25.433333,1197,65789.691338458
1197,25.450000,1198,65789.708007541
1198,25.483333,1199,65789.741345500
1199,25.500000,1200,65789.758014625
1200,25.516667,1201,65789.774683791
1201,25.533333,1202,65789.791352875
1202,25.566667,1203,65789.824690833
1203,25.583333,1204,65789.841359916
1204,25.600000,1205,65789.858029041
1205,25.633333,1206,65789.891367125
1206,25.650000,1207,65789.908036208
1207,25.666667,1208,65789.924705250
1208,25.700000,1209,65789.958043291
1209,25.716667,1210,65789.974712375
1210,25.733333,1211,65789.991381416
1211,25.750000,1212,65790.008050583
1212,25.783333,1213,65790.041388625
1213,25.800000,1214,65790.058057666
1214,25.816667,1215,65790.074726791
1215,25.850000,1216,65790.108064791
1216,25.866667,1217,65790.124733875
1217,25.883333,1218,65790.141403000
1218,25.916667,1219,65790.174741000
1219,25.933333,1220,65790.191410041
1220,25.950000,1221,65790.208079166
1221,25.983333,1222,65790.241417208
1222,26.000000,1223,65790.258086291
1223,26.016667,1224,65790.274755375
1224,26.033333,1225,65790.291424500
1225,26.066667,1226,65790.324762500
1226,26.083333,1227,65790.341431541
1227,26.100000,1228,65790.358100708
1228,26.133333,1229,65790.391438750
1229,26.150000,1230,65790.408107791
1230,26.166667,1231,65790.424776833
1231,26.200000,1232,65790.458115083
1232,26.216667,1233,65790.474784000
1233,26.233333,1234,65790.491453125
1234,26.250000,1235,65790.508122166
1235,26.283333,1236,65790.541460208
1236,26.300000,1237,65790.558129250
1237,26.316667,1238,65790.574798375
1238,26.350000,1239,65790.608136583
1239,26.366667,1240,65790.624805458
1240,26.383333,1241,65790.641474583
1241,26.416667,1242,65790.674812708
1242,26.433333,1243,65790.691481625
1243,26.450000,1244,65790.708150833
1244,26.483333,1245,65790.741488958
1245,26.500000,1246,65790.758158000
1246,26.533333,1247,65790.791496083
1247,26.550000,1248,65790.808165166
1248,26.566667,1249,65790.824834208
1249,26.600000,1250,65790.858172250
1250,26.616667,1251,65790.874841333
1251,26.650000,1252,65790.908179500
1252,26.666667,1253,65790.924848500
1253,26.683333,1254,65790.941517541
1254,26.716667,1255,65790.974855750
1255,26.733333,1256,65790.991524583
1256,26.766667,1257,65791.024862791
1257,26.783333,1258,65791.041531916
1258,26.816667,1259,65791.074869875
1259,26.833333,1260,65791.091539041
1260,26.866667,1261,65791.124877250
1261,26.883333,1262,65791.141546083
1262,26.916667,1263,65791.174884291
1263,26.933333,1264,65791.191553333
1264,26.950000,1265,65791.208222500
1265,26.983333,1266,65791.241560458
1266,27.000000,1267,65791.258229541
1267,27.033333,1268,65791.291567583
1268,27.050000,1269,65791.308236666
1269,27.083333,1270,65791.341574833
1270,27.100000,1271,65791.358243958
1271,27.133333,1272,65791.391581958
1272,27.150000,1273,65791.408251041
1273,27.166667,1274,65791.424920125
1274,27.200000,1275,65791.458258166
1275,27.216667,1276,65791.474927250
1276,27.250000,1277,65791.508265416
1277,27.266667,1278,65791.524934375
1278,27.283333,1279,65791.541603458
1279,27.316667,1280,65791.574941583
1280,27.333333,1281,65791.591610541
1281,27.366667,1282,65791.624948666
1282,27.383333,1283,65791.641617708
1283,27.416667,1284,65791.674955833
1284,27.433333,1285,65791.691624875
1285,27.466667,1286,65791.724963041
1286,27.483333,1287,65791.741631958
1287,27.516667,1288,65791.774970125
1288,27.533333,1289,65791.791639250
1289,27.566667,1290,65791.824977208
1290,27.583333,1291,65791.841646291
1291,27.600000,1292,65791.858315416
1292,27.633333,1293,65791.891653416
1293,27.650000,1294,65791.908322500
1294,27.683333,1295,65791.941660666
1295,27.700000,1296,65791.958329583
1296,27.733333,1297,65791.991667791
1297,27.750000,1298,65792.008336875
1298,27.766667,1299,65792.025005916
1299,27.800000,1300,65792.058343958
1300,27.816667,1301,65792.075013041
1301,27.850000,1302,65792.108351041
1302,27.866667,1303,65792.125020083
1303,27.900000,1304,65792.158358250
1304,27.916667,1305,65792.175027375
1305,27.950000,1306,65792.208365375
1306,27.966667,1307,65792.225034416
1307,27.983333,1308,65792.241703500
1308,28.016667,1309,65792.275041541
1309,28.033333,1310,65792.291710666
1310,28.066667,1311,65792.325048791
1311,28.083333,1312,65792.341717708
1312,28.100000,1313,65792.358386833
1313,28.133333,1314,65792.391724916
1314,28.150000,1315,65792.408393875
1315,28.183333,1316,65792.441732041
1316,28.200000,1317,65792.458401166
1317,28.216667,1318,65792.475070250
1318,28.250000,1319,65792.508408291
1319,28.266667,1320,65792.525077333
1320,28.283333,1321,65792.541746416
1321,28.316667,1322,65792.575084375
1322,28.333333,1323,65792.591753541
1323,28.350000,1324,65792.608422541
1324,28.383333,1325,65792.641760541
1325,28.400000,1326,65792.658429708
1326,28.416667,1327,65792.675098750
1327,28.450000,1328,65792.708436750
1328,28.466667,1329,65792.725105833
1329,28.483333,1330,65792.741774958
1330,28.500000,1331,65792.758443958
1331,28.533333,1332,65792.791782000
1332,28.550000,1333,65792.808451125
1333,28.566667,1334,65792.825120166
1334,28.600000,1335,65792.858458166
1335,28.616667,1336,65792.875127250
1336,28.633333,1337,65792.891796291
1337,28.666667,1338,65792.925134333
1338,28.683333,1339,65792.941803416
1339,28.716667,1340,65792.975141583
1340,28.733333,1341,65792.991810666
1341,28.750000,1342,65793.008479541
1342,28.783333,1343,65793.041817750
1343,28.800000,1344,65793.058486833
1344,28.833333,1345,65793.091824791
1345,28.850000,1346,65793.108493916
1346,28.866667,1347,65793.125162916
1347,28.900000,1348,65793.158501000
1348,28.916667,1349,65793.175170041
1349,28.950000,1350,65793.208508208
1350,28.966667,1351,65793.225177041
1351,29.000000,1352,65793.258515333
1352,29.016667,1353,65793.275184416
1353,29.050000,1354,65793.308522291
1354,29.066667,1355,65793.325191458
1355,29.083333,1356,65793.341860583
1356,29.116667,1357,65793.375198500
1357,29.133333,1358,65793.391867625
1358,29.166667,1359,65793.425205750
1359,29.183333,1360,65793.441874833
1360,29.216667,1361,65793.475212875
1361,29.233333,1362,65793.491881916
1362,29.266667,1363,65793.525219958
1363,29.283333,1364,65793.541889000
1364,29.300000,1365,65793.558558125
1365,29.333333,1366,65793.591896291
1366,29.350000,1367,65793.608565166
1367,29.383333,1368,65793.641903291
1368,29.400000,1369,65793.658572416
1369,29.433333,1370,65793.691910375
1370,29.450000,1371,65793.708579458
1371,29.466667,1372,65793.725248583
1372,29.500000,1373,65793.758586583
1373,29.516667,1374,65793.775255625
1374,29.533333,1375,65793.791924750
1375,29.566667,1376,65793.825262708
1376,29.583333,1377,65793.841931750
1377,29.600000,1378,65793.858600833
1378,29.633333,1379,65793.891938958
1379,29.650000,1380,65793.908607958
1380,29.666667,1381,65793.925276958
1381,29.700000,1382,65793.958615125
1382,29.716667,1383,65793.975284041
1383,29.733333,1384,65793.991953125
1384,29.766667,1385,65794.025291333
1385,29.783333,1386,65794.041960375
1386,29.800000,1387,65794.058629333
1387,29.833333,1388,65794.091967500
1388,29.850000,1389,65794.108636500
1389,29.866667,1390,65794.125305416
1390,29.900000,1391,65794.158643541
1391,29.916667,1392,65794.175312708
1392,29.933333,1393,65794.191981708
1393,29.950000,1394,65794.208650666
1394,29.983333,1395,65794.241988875
1395,30.000000,1396,65794.258657916
1396,30.016667,1397,65794.275326791
1397,30.033333,1398,65794.291995875
1398,30.066667,1399,65794.325334083
1399,30.083333,1400,65794.342003083
1400,30.100000,1401,65794.358672083
1401,30.116667,1402,65794.375341125
1402,30.150000,1403,65794.408679250
1403,30.166667,1404,65794.425348166
1404,30.183333,1405,65794.442017250
1405,30.200000,1406,65794.458686291
1406,30.216667,1407,65794.475355375
1407,30.250000,1408,65794.508693333
1408,30.266667,1409,65794.525362500
1409,30.283333,1410,65794.542031541
1410,30.300000,1411,65794.558700666
1411,30.333333,1412,65794.592038625
1412,30.350000,1413,65794.608707708
1413,30.366667,1414,65794.625376750
1414,30.383333,1415,65794.642045666
1415,30.400000,1416,65794.658714708
1416,30.433333,1417,65794.692052875
1417,30.450000,1418,65794.708722000
1418,30.466667,1419,65794.725390791
1419,30.483333,1420,65794.742059958
1420,30.500000,1421,65794.758729083
1421,30.533333,1422,65794.792067000
1422,30.550000,1423,65794.808736125
1423,30.566667,1424,65794.825405125
1424,30.583333,1425,65794.842074250
1425,30.600000,1426,65794.858743333
1426,30.633333,1427,65794.892081250
1427,30.650000,1428,65794.908750416
1428,30.666667,1429,65794.925419500
1429,30.683333,1430,65794.942088375
1430,30.716667,1431,65794.975426458
1431,30.733333,1432,65794.992095583
1432,30.750000,1433,65795.008764708
1433,30.766667,1434,65795.025433583
1434,30.783333,1435,65795.042102666
1435,30.816667,1436,65795.075440791
1436,30.833333,1437,65795.092109708
1437,30.850000,1438,65795.108778791
1438,30.866667,1439,65795.125447875
1439,30.900000,1440,65795.158785958
1440,30.916667,1441,65795.175454916
1441,30.933333,1442,65795.192124000
1442,30.950000,1443,65795.208793041
1443,30.983333,1444,65795.242131041
1444,31.000000,1445,65795.258800083
1445,31.016667,1446,65795.275469208
1446,31.050000,1447,65795.308807291
1447,31.066667,1448,65795.325476166
1448,31.083333,1449,65795.342145333
1449,31.116667,1450,65795.375483458
1450,31.133333,1451,65795.392152375
1451,31.150000,1452,65795.408821375
1452,31.166667,1453,65795.425490541
1453,31.200000,1454,65795.458828625
1454,31.216667,1455,65795.475497583
1455,31.233333,1456,65795.492166625
1456,31.266667,1457,65795.525504750
1457,31.283333,1458,65795.542173666
1458,31.300000,1459,65795.558842750
1459,31.316667,1460,65795.575511791
1460,31.350000,1461,65795.608850000
1461,31.366667,1462,65795.625518916
1462,31.383333,1463,65795.642188000
1463,31.400000,1464,65795.658857041
1464,31.433333,1465,65795.692195000
1465,31.450000,1466,65795.708864083
1466,31.466667,1467,65795.725533125
1467,31.483333,1468,65795.742202250
1468,31.516667,1469,65795.775540166
1469,31.533333,1470,65795.792209291
1470,31.550000,1471,65795.808878333
1471,31.566667,1472,65795.825547416
1472,31.600000,1473,65795.858885375
1473,31.616667,1474,65795.875554500
1474,31.633333,1475,65795.892223583
1475,31.650000,1476,65795.908892458
1476,31.683333,1477,65795.942230625
1477,31.700000,1478,65795.958899625
1478,31.716667,1479,65795.975568708
1479,31.733333,1480,65795.992237666
1480,31.766667,1481,65796.025575833
1481,31.783333,1482,65796.042244875
1482,31.816667,1483,65796.075582875
1483,31.833333,1484,65796.092251958
1484,31.866667,1485,65796.125590041
1485,31.883333,1486,65796.142258916
1486,31.900000,1487,65796.158928041
1487,31.933333,1488,65796.192266125
1488,31.950000,1489,65796.208935041
1489,31.983333,1490,65796.242273208
1490,32.000000,1491,65796.258942291
1491,32.016667,1492,65796.275611375
1492,32.050000,1493,65796.308949333
1493,32.066667,1494,65796.325618416
1494,32.083333,1495,65796.342287458
1495,32.100000,1496,65796.358956416
1496,32.133333,1497,65796.392294458
1497,32.150000,1498,65796.408963625
1498,32.166667,1499,65796.425632666
1499,32.200000,1500,65796.458970625
1500,32.216667,1501,65796.475639708
1501,32.233333,1502,65796.492308791
1502,32.250000,1503,65796.508977666
1503,32.283333,1504,65796.542315750
1504,32.300000,1505,65796.558984833
1505,32.316667,1506,65796.575653916
1506,32.350000,1507,65796.608991916
1507,32.366667,1508,65796.625660916
1508,32.383333,1509,65796.642330083
1509,32.400000,1510,65796.658998916
1510,32.433333,1511,65796.692337041
1511,32.450000,1512,65796.709006208
1512,32.466667,1513,65796.725675250
1513,32.483333,1514,65796.742344125
1514,32.516667,1515,65796.775682291
1515,32.533333,1516,65796.792351333
1516,32.550000,1517,65796.809020250
1517,32.566667,1518,65796.825689291
1518,32.600000,1519,65796.859027458
1519,32.616667,1520,65796.875696500
1520,32.633333,1521,65796.892365416
1521,32.650000,1522,65796.909034458
1522,32.683333,1523,65796.942372625
1523,32.700000,1524,65796.959041458
1524,32.716667,1525,65796.975710583
1525,32.733333,1526,65796.992379666
1526,32.750000,1527,65797.009048750
1527,32.783333,1528,65797.042386666
1528,32.800000,1529,65797.059055791
1529,32.816667,1530,65797.075724833
1530,32.833333,1531,65797.092393916
1531,32.850000,1532,65797.109062791
1532,32.866667,1533,65797.125731833
1533,32.883333,1534,65797.142400916
1534,32.900000,1535,65797.159069916
1535,32.916667,1536,65797.175739083
1536,32.950000,1537,65797.209077000
1537,32.966667,1538,65797.225746041
1538,32.983333,1539,65797.242415166
1539,33.000000,1540,65797.259084083
1540,33.016667,1541,65797.275753166
1541,33.033333,1542,65797.292422208
1542,33.050000,1543,65797.309091250
1543,33.066667,1544,65797.325760208
1544,33.100000,1545,65797.359098250
1545,33.116667,1546,65797.375767375
1546,33.133333,1547,65797.392436375
1547,33.150000,1548,65797.409105291
1548,33.166667,1549,65797.425774375
1549,33.200000,1550,65797.459112541
1550,33.216667,1551,65797.475781458
1551,33.233333,1552,65797.492450500
1552,33.250000,1553,65797.509119541
1553,33.283333,1554,65797.542457666
1554,33.300000,1555,65797.559126625
1555,33.316667,1556,65797.575795666
1556,33.333333,1557,65797.592464708
1557,33.366667,1558,65797.625802666
1558,33.383333,1559,65797.642471750
1559,33.400000,1560,65797.659140791
1560,33.416667,1561,65797.675809916
1561,33.450000,1562,65797.709147875
1562,33.466667,1563,65797.725816916
1563,33.483333,1564,65797.742485958
1564,33.500000,1565,65797.759155000
1565,33.533333,1566,65797.792492958
1566,33.550000,1567,65797.809162000
1567,33.566667,1568,65797.825831083
1568,33.600000,1569,65797.859169125
1569,33.616667,1570,65797.875838000
1570,33.633333,1571,65797.892507250
1571,33.650000,1572,65797.909176333
1572,33.683333,1573,65797.942514250
1573,33.700000,1574,65797.959183333
1574,33.716667,1575,65797.975852375
1575,33.733333,1576,65797.992521458
1576,33.750000,1577,65798.009190375
1577,33.766667,1578,65798.025859375
1578,33.800000,1579,65798.059197541
1579,33.816667,1580,65798.075866458
1580,33.833333,1581,65798.092535541
1581,33.850000,1582,65798.109204583
1582,33.883333,1583,65798.142542666
1583,33.900000,1584,65798.159211500
1584,33.916667,1585,65798.175880666
1585,33.933333,1586,65798.192549708
1586,33.966667,1587,65798.225887708
1587,33.983333,1588,65798.242556750
1588,34.000000,1589,65798.259225708
1589,34.016667,1590,65798.275894875
1590,34.033333,1591,65798.292563958
1591,34.066667,1592,65798.325901875
1592,34.083333,1593,65798.342570916
1593,34.100000,1594,65798.359240000
1594,34.116667,1595,65798.375908875
1595,34.133333,1596,65798.392577958
1596,34.166667,1597,65798.425916083
1597,34.183333,1598,65798.442585166
1598,34.200000,1599,65798.459254000
1599,34.216667,1600,65798.475923083
1600,34.250000,1601,65798.509261208
1601,34.266667,1602,65798.525930166
1602,34.283333,1603,65798.542599208
1603,34.300000,1604,65798.559268208
1604,34.316667,1605,65798.575937250
1605,34.350000,1606,65798.609275291
1606,34.366667,1607,65798.625944333
1607,34.383333,1608,65798.642613458
1608,34.400000,1609,65798.659282458
1609,34.433333,1610,65798.692620416
1610,34.450000,1611,65798.709289500
1611,34.466667,1612,65798.725958541
1612,34.483333,1613,65798.742627416
1613,34.516667,1614,65798.775965583
1614,34.533333,1615,65798.792634666
1615,34.550000,1616,65798.809303583
1616,34.566667,1617,65798.825972541
1617,34.600000,1618,65798.859310708
1618,34.616667,1619,65798.875979791
1619,34.633333,1620,65798.892648666
1620,34.650000,1621,65798.909317750
1621,34.683333,1622,65798.942655833
1622,34.700000,1623,65798.959324916
1623,34.716667,1624,65798.975993833
1624,34.750000,1625,65799.009331916
1625,34.766667,1626,65799.026000958
1626,34.783333,1627,65799.042669875
1627,34.800000,1628,65799.059338916
1628,34.833333,1629,65799.092677000
1629,34.850000,1630,65799.109346041
1630,34.866667,1631,65799.126015000
1631,34.883333,1632,65799.142684041
1632,34.916667,1633,65799.176022166
1633,34.933333,1634,65799.192691083
1634,34.950000,1635,65799.209360125
1635,34.983333,1636,65799.242698208
1636,35.000000,1637,65799.259367291
1637,35.016667,1638,65799.276036208
1638,35.033333,1639,65799.292705250
1639,35.066667,1640,65799.326043375
1640,35.083333,1641,65799.342712250
1641,35.100000,1642,65799.359381375
1642,35.116667,1643,65799.376050375
1643,35.150000,1644,65799.409388458
1644,35.166667,1645,65799.426057375
1645,35.183333,1646,65799.442726458
1646,35.200000,1647,65799.459395541
1647,35.233333,1648,65799.492733458
1648,35.250000,1649,65799.509402541
1649,35.266667,1650,65799.526071583
1650,35.300000,1651,65799.559409666
1651,35.316667,1652,65799.576078625
1652,35.350000,1653,65799.609416708
1653,35.366667,1654,65799.626085791
1654,35.383333,1655,65799.642754666
1655,35.416667,1656,65799.676092708
1656,35.433333,1657,65799.692761833
1657,35.450000,1658,65799.709430833
1658,35.483333,1659,65799.742768833
1659,35.500000,1660,65799.759437875
1660,35.516667,1661,65799.776106958
1661,35.550000,1662,65799.809444833
1662,35.566667,1663,65799.826113958
1663,35.600000,1664,65799.859452041
1664,35.616667,1665,65799.876120916
1665,35.650000,1666,65799.909459041
1666,35.666667,1667,65799.926128166
1667,35.683333,1668,65799.942797083
1668,35.716667,1669,65799.976135166
1669,35.733333,1670,65799.992804166
1670,35.750000,1671,65800.009473250
1671,35.783333,1672,65800.042811166
1672,35.800000,1673,65800.059480250
1673,35.833333,1674,65800.092818250
1674,35.850000,1675,65800.109487250
1675,35.866667,1676,65800.126156333
1676,35.900000,1677,65800.159494250
1677,35.916667,1678,65800.176163375
1678,35.950000,1679,65800.209501416
1679,35.966667,1680,65800.226170541
1680,35.983333,1681,65800.242839375
1681,36.016667,1682,65800.276177500
1682,36.033333,1683,65800.292846500
1683,36.050000,1684,65800.309515583
1684,36.083333,1685,65800.342853541
1685,36.100000,1686,65800.359522625
1686,36.116667,1687,65800.376191666
1687,36.150000,1688,65800.409529583
1688,36.166667,1689,65800.426198666
1689,36.200000,1690,65800.459536625
1690,36.216667,1691,65800.476205666
1691,36.233333,1692,65800.492874750
1692,36.266667,1693,65800.526212791
1693,36.283333,1694,65800.542881708
1694,36.316667,1695,65800.576219791
1695,36.333333,1696,65800.592888791
1696,36.350000,1697,65800.609557791
1697,36.383333,1698,65800.642895916
1698,36.400000,1699,65800.659564958
1699,36.433333,1700,65800.692902916
1700,36.450000,1701,65800.709571916
1701,36.466667,1702,65800.726240958
1702,36.500000,1703,65800.759578958
1703,36.516667,1704,65800.776247958
1704,36.550000,1705,65800.809586083
1705,36.566667,1706,65800.826255125
1706,36.600000,1707,65800.859593083
1707,36.616667,1708,65800.876262083
1708,36.633333,1709,65800.892931166
1709,36.666667,1710,65800.926269083
1710,36.683333,1711,65800.942938166
1711,36.700000,1712,65800.959607291
1712,36.733333,1713,65800.992945208
1713,36.750000,1714,65801.009614250
1714,36.783333,1715,65801.042952333
1715,36.800000,1716,65801.059621166
1716,36.816667,1717,65801.076290208
1717,36.850000,1718,65801.109628416
1718,36.866667,1719,65801.126297458
1719,36.883333,1720,65801.142966375
1720,36.916667,1721,65801.176304375
1721,36.933333,1722,65801.192973500
1722,36.966667,1723,65801.226311375
1723,36.983333,1724,65801.242980500
1724,37.000000,1725,65801.259649541
1725,37.033333,1726,65801.292987458
1726,37.050000,1727,65801.309656500
1727,37.066667,1728,65801.326325583
1728,37.100000,1729,65801.359663500
1729,37.116667,1730,65801.376332583
1730,37.133333,1731,65801.393001625
1731,37.166667,1732,65801.426339541
1732,37.183333,1733,65801.443008625
1733,37.200000,1734,65801.459677625
1734,37.233333,1735,65801.493015791
1735,37.250000,1736,65801.509684583
1736,37.266667,1737,65801.526353708
1737,37.300000,1738,65801.559691833
1738,37.316667,1739,65801.576360750
1739,37.350000,1740,65801.609698750
1740,37.366667,1741,65801.626367875
1741,37.383333,1742,65801.643036916
1742,37.416667,1743,65801.676374875
1743,37.433333,1744,65801.693043875
1744,37.450000,1745,65801.709712958
1745,37.483333,1746,65801.743050875
1746,37.500000,1747,65801.759719958
1747,37.533333,1748,65801.793058000
1748,37.550000,1749,65801.809726958
1749,37.566667,1750,65801.826396000
1750,37.600000,1751,65801.859734083
1751,37.616667,1752,65801.876403000
1752,37.650000,1753,65801.909741083
1753,37.666667,1754,65801.926410166
1754,37.683333,1755,65801.943079208
1755,37.716667,1756,65801.976417166
1756,37.733333,1757,65801.993086166
1757,37.766667,1758,65802.026424083
1758,37.783333,1759,65802.043093166
1759,37.816667,1760,65802.076431250
1760,37.833333,1761,65802.093100291
1761,37.850000,1762,65802.109769208
1762,37.883333,1763,65802.143107291
1763,37.900000,1764,65802.159776375
1764,37.933333,1765,65802.193114250
1765,37.950000,1766,65802.209783333
1766,37.966667,1767,65802.226452416
1767,38.000000,1768,65802.259790375
1768,38.016667,1769,65802.276459333
1769,38.050000,1770,65802.309797500
1770,38.066667,1771,65802.326466291
1771,38.100000,1772,65802.359804416
1772,38.116667,1773,65802.376473500
1773,38.150000,1774,65802.409811500
1774,38.166667,1775,65802.426480416
1775,38.183333,1776,65802.443149500
1776,38.216667,1777,65802.476487375
1777,38.233333,1778,65802.493156541
1778,38.266667,1779,65802.526494625
1779,38.283333,1780,65802.543163666
1780,38.316667,1781,65802.576501583
1781,38.333333,1782,65802.593170666
1782,38.366667,1783,65802.626508500
1783,38.383333,1784,65802.643177666
1784,38.416667,1785,65802.676515750
1785,38.433333,1786,65802.693184791
1786,38.466667,1787,65802.726522708
1787,38.483333,1788,65802.743191791
1788,38.516667,1789,65802.776529666
1789,38.550000,1790,65802.809867791
1790,38.566667,1791,65802.826536875
1791,38.600000,1792,65802.859874791
1792,38.616667,1793,65802.876543833
1793,38.650000,1794,65802.909881916
1794,38.666667,1795,65802.926550833
1795,38.700000,1796,65802.959888875
1796,38.716667,1797,65802.976557958
1797,38.750000,1798,65803.009895916
1798,38.766667,1799,65803.026564916
1799,38.800000,1800,65803.059903041
1800,38.816667,1801,65803.076571916
1801,38.850000,1802,65803.109910041
1802,38.866667,1803,65803.126579083
1803,38.900000,1804,65803.159917000
1804,38.916667,1805,65803.176586083
1805,38.950000,1806,65803.209924125
1806,38.966667,1807,65803.226593041
1807,39.000000,1808,65803.259931166
1808,39.016667,1809,65803.276600125
1809,39.050000,1810,65803.309938083
1810,39.066667,1811,65803.326607166
1811,39.100000,1812,65803.359945208
1812,39.116667,1813,65803.376614166
1813,39.150000,1814,65803.409952250
1814,39.166667,1815,65803.426621250
1815,39.200000,1816,65803.459959208
1816,39.216667,1817,65803.476628208
1817,39.250000,1818,65803.509966291
1818,39.266667,1819,65803.526635250
1819,39.283333,1820,65803.543304291
1820,39.316667,1821,65803.576642375
1821,39.333333,1822,65803.593311208
1822,39.366667,1823,65803.626649333
1823,39.383333,1824,65803.643318375
1824,39.416667,1825,65803.676656333
1825,39.433333,1826,65803.693325375
1826,39.450000,1827,65803.709994375
1827,39.483333,1828,65803.743332291
1828,39.500000,1829,65803.760001416
1829,39.533333,1830,65803.793339500
1830,39.550000,1831,65803.810008500
1831,39.566667,1832,65803.826677375
1832,39.600000,1833,65803.860015500
1833,39.616667,1834,65803.876684541
1834,39.650000,1835,65803.910022500
1835,39.666667,1836,65803.926691541
1836,39.683333,1837,65803.943360541
1837,39.716667,1838,65803.976698500
1838,39.733333,1839,65803.993367541
1839,39.766667,1840,65804.026705583
1840,39.783333,1841,65804.043374458
1841,39.800000,1842,65804.060043500
1842,39.833333,1843,65804.093381666
1843,39.850000,1844,65804.110050666
1844,39.883333,1845,65804.143388666
1845,39.900000,1846,65804.160057625
1846,39.916667,1847,65804.176726666
1847,39.950000,1848,65804.210064583
1848,39.966667,1849,65804.226733666
1849,39.983333,1850,65804.243402666
1850,40.016667,1851,65804.276740666
1851,40.033333,1852,65804.293409708
1852,40.066667,1853,65804.326747791
1853,40.083333,1854,65804.343416708
1854,40.100000,1855,65804.360085625
1855,40.133333,1856,65804.393423833
1856,40.150000,1857,65804.410092666
1857,40.166667,1858,65804.426761750
1858,40.200000,1859,65804.460099791
1859,40.216667,1860,65804.476768833
1860,40.233333,1861,65804.493437791
1861,40.266667,1862,65804.526775875
1862,40.283333,1863,65804.543444833
1863,40.316667,1864,65804.576782875
1864,40.333333,1865,65804.593451833
1865,40.350000,1866,65804.610120916
1866,40.383333,1867,65804.643458833
1867,40.400000,1868,65804.660127791
1868,40.416667,1869,65804.676796916
1869,40.450000,1870,65804.710134833
1870,40.466667,1871,65804.726803916
1871,40.483333,1872,65804.743472875
1872,40.516667,1873,65804.776811000
1873,40.533333,1874,65804.793479875
1874,40.566667,1875,65804.826817958
1875,40.583333,1876,65804.843486958
1876,40.600000,1877,65804.860155833
1877,40.633333,1878,65804.893493958
1878,40.650000,1879,65804.910163041
1879,40.666667,1880,65804.926832083
1880,40.700000,1881,65804.960170041
1881,40.716667,1882,65804.976839041
1882,40.750000,1883,65805.010176958
1883,40.766667,1884,65805.026846000
1884,40.783333,1885,65805.043515000
1885,40.816667,1886,65805.076853000
1886,40.833333,1887,65805.093522041
1887,40.850000,1888,65805.110191083
1888,40.883333,1889,65805.143529125
1889,40.900000,1890,65805.160198041
1890,40.916667,1891,65805.176867041
1891,40.950000,1892,65805.210205125
1892,40.966667,1893,65805.226874166
1893,40.983333,1894,65805.243543083
1894,41.016667,1895,65805.276881166
1895,41.033333,1896,65805.293550208
1896,41.050000,1897,65805.310219125
1897,41.083333,1898,65805.343557208
1898,41.100000,1899,65805.360226208
1899,41.116667,1900,65805.376895208
1900,41.150000,1901,65805.410233208
1901,41.166667,1902,65805.426902208
1902,41.183333,1903,65805.443571291
1903,41.216667,1904,65805.476909166
1904,41.233333,1905,65805.493578250
1905,41.250000,1906,65805.510247250
1906,41.283333,1907,65805.543585166
1907,41.300000,1908,65805.560254208
1908,41.333333,1909,65805.593592291
1909,41.350000,1910,65805.610261166
1910,41.366667,1911,65805.626930208
1911,41.400000,1912,65805.660268291
1912,41.416667,1913,65805.676937333
1913,41.450000,1914,65805.710275250
1914,41.466667,1915,65805.726944375
1915,41.483333,1916,65805.743613416
1916,41.516667,1917,65805.776951291
1917,41.533333,1918,65805.793620291
1918,41.550000,1919,65805.810289375
1919,41.583333,1920,65805.843627333
1920,41.600000,1921,65805.860296333
1921,41.616667,1922,65805.876965416
1922,41.650000,1923,65805.910303291
1923,41.666667,1924,65805.926972416
1924,41.683333,1925,65805.943641291
1925,41.716667,1926,65805.976979458
1926,41.733333,1927,65805.993648291
1927,41.750000,1928,65806.010317416
1928,41.783333,1929,65806.043655458
1929,41.800000,1930,65806.060324333
1930,41.816667,1931,65806.076993416
1931,41.833333,1932,65806.093662458
1932,41.866667,1933,65806.127000375
1933,41.883333,1934,65806.143669375
1934,41.900000,1935,65806.160338458
1935,41.916667,1936,65806.177007458
1936,41.950000,1937,65806.210345416
1937,41.966667,1938,65806.227014416
1938,41.983333,1939,65806.243683458
1939,42.000000,1940,65806.260352500
1940,42.016667,1941,65806.277021375
1941,42.050000,1942,65806.310359458
1942,42.066667,1943,65806.327028500
1943,42.083333,1944,65806.343697583
1944,42.100000,1945,65806.360366416
1945,42.116667,1946,65806.377035416
1946,42.133333,1947,65806.393704541
1947,42.166667,1948,65806.427042458
1948,42.183333,1949,65806.443711416
1949,42.200000,1950,65806.460380500
1950,42.216667,1951,65806.477049541
1951,42.233333,1952,65806.493718666
1952,42.250000,1953,65806.510387458
1953,42.266667,1954,65806.527056541
1954,42.283333,1955,65806.543725583
1955,42.316667,1956,65806.577063458
1956,42.333333,1957,65806.593732500
1957,42.350000,1958,65806.610401541
1958,42.366667,1959,65806.627070541
1959,42.383333,1960,65806.643739500
1960,42.400000,1961,65806.660408500
1961,42.433333,1962,65806.693746625
1962,42.450000,1963,65806.710415625
1963,42.466667,1964,65806.727084458
1964,42.483333,1965,65806.743753541
1965,42.516667,1966,65806.777091625
1966,42.533333,1967,65806.793760666
1967,42.550000,1968,65806.810429541
1968,42.566667,1969,65806.827098541
1969,42.583333,1970,65806.843767666
1970,42.616667,1971,65806.877105541
1971,42.633333,1972,65806.893774541
1972,42.650000,1973,65806.910443541
1973,42.666667,1974,65806.927112666
1974,42.700000,1975,65806.960450458
1975,42.716667,1976,65806.977119500
1976,42.733333,1977,65806.993788625
1977,42.750000,1978,65807.010457625
1978,42.783333,1979,65807.043795583
1979,42.800000,1980,65807.060464583
1980,42.816667,1981,65807.077133666
1981,42.850000,1982,65807.110471583
1982,42.866667,1983,65807.127140583
1983,42.883333,1984,65807.143809666
1984,42.916667,1985,65807.177147541
1985,42.933333,1986,65807.193816625
1986,42.950000,1987,65807.210485666
1987,42.966667,1988,65807.227154708
1988,43.000000,1989,65807.260492583
1989,43.016667,1990,65807.277161666
1990,43.033333,1991,65807.293830625
1991,43.066667,1992,65807.327168583
1992,43.083333,1993,65807.343837583
1993,43.100000,1994,65807.360506625
1994,43.133333,1995,65807.393844583
1995,43.150000,1996,65807.410513583
1996,43.166667,1997,65807.427182625
1997,43.200000,1998,65807.460520708
1998,43.216667,1999,65807.477189583
1999,43.233333,2000,65807.493858625
2000,43.266667,2001,65807.527196750
2001,43.283333,2002,65807.543865625
2002,43.300000,2003,65807.560534625
2003,43.333333,2004,65807.593872666
2004,43.350000,2005,65807.610541666
2005,43.366667,2006,65807.627210625
2006,43.400000,2007,65807.660548708
2007,43.416667,2008,65807.677217666
2008,43.433333,2009,65807.693886541
2009,43.466667,2010,65807.727224625
2010,43.483333,2011,65807.743893666
2011,43.500000,2012,65807.760562750
2012,43.533333,2013,65807.793900625
2013,43.550000,2014,65807.810569666
2014,43.566667,2015,65807.827238750
2015,43.600000,2016,65807.860576583
2016,43.616667,2017,65807.877245666
2017,43.650000,2018,65807.910583750
2018,43.666667,2019,65807.927252625
2019,43.683333,2020,65807.943921666
2020,43.716667,2021,65807.977259625
2021,43.733333,2022,65807.993928583
2022,43.766667,2023,65808.027266625
2023,43.783333,2024,65808.043935708
2024,43.800000,2025,65808.060604708
2025,43.833333,2026,65808.093942583
2026,43.850000,2027,65808.110611708
2027,43.883333,2028,65808.143949541
2028,43.900000,2029,65808.160618625
2029,43.933333,2030,65808.193956708
2030,43.950000,2031,65808.210625750
2031,43.966667,2032,65808.227294541
2032,44.000000,2033,65808.260632583
2033,44.016667,2034,65808.277301666
2034,44.033333,2035,65808.293970583
2035,44.066667,2036,65808.327308625
2036,44.083333,2037,65808.343977666
2037,44.100000,2038,65808.360646708
2038,44.133333,2039,65808.393984625
2039,44.150000,2040,65808.410653583
2040,44.183333,2041,65808.443991583
2041,44.200000,2042,65808.460660541
2042,44.216667,2043,65808.477329666
2043,44.233333,2044,65808.493998708
2044,44.266667,2045,65808.527336583
2045,44.283333,2046,65808.544005583
2046,44.300000,2047,65808.560674541
2047,44.333333,2048,65808.594012541
2048,44.350000,2049,65808.610681583
2049,44.366667,2050,65808.627350666
2050,44.383333,2051,65808.644019666
2051,44.416667,2052,65808.677357583
2052,44.433333,2053,65808.694026583
2053,44.450000,2054,65808.710695583
2054,44.466667,2055,65808.727364625
2055,44.483333,2056,65808.744033583
2056,44.516667,2057,65808.777371541
2057,44.533333,2058,65808.794040666
2058,44.550000,2059,65808.810709541
2059,44.566667,2060,65808.827378541
2060,44.583333,2061,65808.844047541
2061,44.616667,2062,65808.877385708
2062,44.633333,2063,65808.894054458
2063,44.650000,2064,65808.910723541
2064,44.666667,2065,65808.927392583
2065,44.683333,2066,65808.944061625
2066,44.716667,2067,65808.977399500
2067,44.733333,2068,65808.994068583
2068,44.750000,2069,65809.010737625
2069,44.766667,2070,65809.027406625
2070,44.783333,2071,65809.044075500
2071,44.816667,2072,65809.077413500
2072,44.833333,2073,65809.094082583
2073,44.850000,2074,65809.110751500
2074,44.866667,2075,65809.127420541
2075,44.883333,2076,65809.144089458
2076,44.916667,2077,65809.177427583
2077,44.933333,2078,65809.194096500
2078,44.950000,2079,65809.210765500
2079,44.966667,2080,65809.227434500
2080,45.000000,2081,65809.260772458
2081,45.016667,2082,65809.277441500
2082,45.033333,2083,65809.294110500
2083,45.050000,2084,65809.310779541
2084,45.083333,2085,65809.344117416
2085,45.100000,2086,65809.360786500
2086,45.116667,2087,65809.377455500
2087,45.133333,2088,65809.394124583
2088,45.166667,2089,65809.427462416
2089,45.183333,2090,65809.444131458
2090,45.200000,2091,65809.460800583
2091,45.233333,2092,65809.494138416
2092,45.250000,2093,65809.510807500
2093,45.266667,2094,65809.527476458
2094,45.283333,2095,65809.544145541
2095,45.316667,2096,65809.577483416
2096,45.333333,2097,65809.594152458
2097,45.350000,2098,65809.610821458
2098,45.383333,2099,65809.644159375
2099,45.400000,2100,65809.660828375
2100,45.416667,2101,65809.677497416
2101,45.450000,2102,65809.710835375
2102,45.466667,2103,65809.727504416
2103,45.483333,2104,65809.744173416
2104,45.516667,2105,65809.777511541
2105,45.533333,2106,65809.794180375
2106,45.550000,2107,65809.810849333
2107,45.583333,2108,65809.844187500
2108,45.600000,2109,65809.860856333
2109,45.616667,2110,65809.877525375
2110,45.650000,2111,65809.910863458
2111,45.666667,2112,65809.927532416
2112,45.683333,2113,65809.944201333
2113,45.716667,2114,65809.977539375
2114,45.733333,2115,65809.994208416
2115,45.750000,2116,65810.010877291
2116,45.783333,2117,65810.044215375
2117,45.800000,2118,65810.060884375
2118,45.816667,2119,65810.077553250
2119,45.850000,2120,65810.110891333
2120,45.866667,2121,65810.127560250
2121,45.883333,2122,65810.144229375
2122,45.916667,2123,65810.177567250
2123,45.933333,2124,65810.194236291
2124,45.950000,2125,65810.210905375
2125,45.983333,2126,65810.244243208
2126,46.000000,2127,65810.260912291
2127,46.016667,2128,65810.277581333
2128,46.050000,2129,65810.310919250
2129,46.066667,2130,65810.327588166
2130,46.083333,2131,65810.344257250
2131,46.116667,2132,65810.377595166
2132,46.133333,2133,65810.394264208
2133,46.150000,2134,65810.410933208
2134,46.183333,2135,65810.444271291
2135,46.200000,2136,65810.460940125
2136,46.216667,2137,65810.477609166
2137,46.250000,2138,65810.510947291
2138,46.266667,2139,65810.527616125
2139,46.283333,2140,65810.544285166
2140,46.316667,2141,65810.577623208
2141,46.333333,2142,65810.594292250
2142,46.350000,2143,65810.610961125
2143,46.383333,2144,65810.644299166
2144,46.400000,2145,65810.660968208
2145,46.416667,2146,65810.677637083
2146,46.450000,2147,65810.710975125
2147,46.466667,2148,65810.727644166
2148,46.483333,2149,65810.744313166
2149,46.516667,2150,65810.777651041
2150,46.533333,2151,65810.794320125
2151,46.550000,2152,65810.810989125
2152,46.583333,2153,65810.844327041
2153,46.600000,2154,65810.860996083
2154,46.616667,2155,65810.877665083
2155,46.650000,2156,65810.911002958
2156,46.666667,2157,65810.927672000
2157,46.683333,2158,65810.944341000
2158,46.716667,2159,65810.977678916
2159,46.733333,2160,65810.994347958
2160,46.750000,2161,65811.011017000
2161,46.783333,2162,65811.044355083
2162,46.800000,2163,65811.061023916
2163,46.816667,2164,65811.077693000
2164,46.850000,2165,65811.111031000
2165,46.866667,2166,65811.127699916
2166,46.883333,2167,65811.144368875
2167,46.916667,2168,65811.177706958
2168,46.933333,2169,65811.194376041
2169,46.950000,2170,65811.211044791
2170,46.983333,2171,65811.244382958
2171,47.000000,2172,65811.261051916
2172,47.016667,2173,65811.277720833
2173,47.050000,2174,65811.311058875
2174,47.066667,2175,65811.327727875
2175,47.083333,2176,65811.344396916
2176,47.116667,2177,65811.377734750
2177,47.133333,2178,65811.394403875
2178,47.150000,2179,65811.411072875
2179,47.183333,2180,65811.444410791
2180,47.200000,2181,65811.461079833
2181,47.216667,2182,65811.477748833
2182,47.250000,2183,65811.511086708
2183,47.266667,2184,65811.527755666
2184,47.283333,2185,65811.544424791
2185,47.316667,2186,65811.577762666
2186,47.333333,2187,65811.594431708
2187,47.350000,2188,65811.611100750
2188,47.383333,2189,65811.644438625
2189,47.400000,2190,65811.661107666
2190,47.416667,2191,65811.677776708
2191,47.450000,2192,65811.711114666
2192,47.466667,2193,65811.727783583
2193,47.483333,2194,65811.744452666
2194,47.516667,2195,65811.777790708
2195,47.533333,2196,65811.794459583
2196,47.550000,2197,65811.811128541
2197,47.583333,2198,65811.844466625
2198,47.600000,2199,65811.861135708
2199,47.616667,2200,65811.877804541
2200,47.650000,2201,65811.911142500
2201,47.666667,2202,65811.927811583
2202,47.683333,2203,65811.944480500
2203,47.716667,2204,65811.977818541
2204,47.733333,2205,65811.994487500
2205,47.750000,2206,65812.011156583
2206,47.783333,2207,65812.044494458
2207,47.800000,2208,65812.061163458
2208,47.816667,2209,65812.077832458
2209,47.850000,2210,65812.111170458
2210,47.866667,2211,65812.127839416
2211,47.883333,2212,65812.144508458
2212,47.916667,2213,65812.177846375
2213,47.933333,2214,65812.194515416
2214,47.950000,2215,65812.211184458
2215,47.983333,2216,65812.244522291
2216,48.000000,2217,65812.261191291
2217,48.016667,2218,65812.277860333
2218,48.050000,2219,65812.311198416
2219,48.066667,2220,65812.327867333
2220,48.083333,2221,65812.344536291
2221,48.116667,2222,65812.377874416
2222,48.133333,2223,65812.394543250
2223,48.150000,2224,65812.411212291
2224,48.166667,2225,65812.427881250
2225,48.200000,2226,65812.461219333
2226,48.216667,2227,65812.477888166
2227,48.233333,2228,65812.494557208
2228,48.266667,2229,65812.527895291
2229,48.283333,2230,65812.544564166
2230,48.300000,2231,65812.561233166
2231,48.316667,2232,65812.577902166
2232,48.350000,2233,65812.611240291
2233,48.366667,2234,65812.627909125
2234,48.383333,2235,65812.644578125
2235,48.416667,2236,65812.677916166
2236,48.433333,2237,65812.694585041
2237,48.450000,2238,65812.711254083
2238,48.466667,2239,65812.727923041
2239,48.500000,2240,65812.761261125
2240,48.516667,2241,65812.777929958
2241,48.533333,2242,65812.794599041
2242,48.550000,2243,65812.811268083
2243,48.583333,2244,65812.844605916
2244,48.600000,2245,65812.861274958
2245,48.616667,2246,65812.877943958
2246,48.633333,2247,65812.894613041
2247,48.666667,2248,65812.927950875
2248,48.683333,2249,65812.944619958
2249,48.700000,2250,65812.961288875
2250,48.716667,2251,65812.977958000
2251,48.750000,2252,65813.011295875
2252,48.766667,2253,65813.027964916
2253,48.783333,2254,65813.044633916
2254,48.800000,2255,65813.061302958
2255,48.833333,2256,65813.094640833
2256,48.850000,2257,65813.111309875
2257,48.866667,2258,65813.127978916
2258,48.883333,2259,65813.144647750
2259,48.900000,2260,65813.161316708
2260,48.933333,2261,65813.194654791
2261,48.950000,2262,65813.211323666
2262,48.966667,2263,65813.227992708
2263,48.983333,2264,65813.244661708
2264,49.016667,2265,65813.277999791
2265,49.033333,2266,65813.294668666
2266,49.050000,2267,65813.311337666
2267,49.066667,2268,65813.328006750
2268,49.100000,2269,65813.361344541
2269,49.116667,2270,65813.378013625
2270,49.133333,2271,65813.394682666
2271,49.166667,2272,65813.428020708
2272,49.183333,2273,65813.444689541
2273,49.200000,2274,65813.461358541
2274,49.233333,2275,65813.494696666
2275,49.250000,2276,65813.511365541
2276,49.266667,2277,65813.528034500
2277,49.300000,2278,65813.561372541
2278,49.316667,2279,65813.578041583
2279,49.333333,2280,65813.594710458
2280,49.350000,2281,65813.611379500
2281,49.366667,2282,65813.628048500
2282,49.383333,2283,65813.644717500
2283,49.400000,2284,65813.661386416
2284,49.433333,2285,65813.694724458
2285,49.450000,2286,65813.711393500
2286,49.466667,2287,65813.728062500
2287,49.500000,2288,65813.761400333
2288,49.516667,2289,65813.778069375
2289,49.550000,2290,65813.811407291
2290,49.566667,2291,65813.828076291
2291,49.583333,2292,65813.844745333
2292,49.600000,2293,65813.861414291
2293,49.633333,2294,65813.894752291
2294,49.650000,2295,65813.911421291
2295,49.666667,2296,65813.928090250
2296,49.683333,2297,65813.944759291
2297,49.700000,2298,65813.961428125
2298,49.733333,2299,65813.994766208
2299,49.750000,2300,65814.011435208
2300,49.766667,2301,65814.028104250
2301,49.783333,2302,65814.044773166
2302,49.816667,2303,65814.078111166
2303,49.833333,2304,65814.094780208
2304,49.850000,2305,65814.111449125
2305,49.866667,2306,65814.128118083
2306,49.900000,2307,65814.161456125
2307,49.916667,2308,65814.178125166
2308,49.933333,2309,65814.194794041
2309,49.966667,2310,65814.228132041
2310,49.983333,2311,65814.244801083
2311,50.000000,2312,65814.261469958
2312,50.033333,2313,65814.294807958
2313,50.050000,2314,65814.311476958
2314,50.066667,2315,65814.328145875
2315,50.083333,2316,65814.344814958
2316,50.116667,2317,65814.378152916
2317,50.133333,2318,65814.394821958
2318,50.150000,2319,65814.411490791
2319,50.183333,2320,65814.444828833
2320,50.200000,2321,65814.461497833
2321,50.216667,2322,65814.478166750
2322,50.250000,2323,65814.511504833
2323,50.266667,2324,65814.528173833
2324,50.283333,2325,65814.544842833
2325,50.316667,2326,65814.578180750
2326,50.333333,2327,65814.594849708
2327,50.350000,2328,65814.611518750
2328,50.383333,2329,65814.644856666
2329,50.400000,2330,65814.661525625
2330,50.416667,2331,65814.678194666
2331,50.450000,2332,65814.711532625
2332,50.466667,2333,65814.728201583
2333,50.483333,2334,65814.744870583
2334,50.516667,2335,65814.778208500
2335,50.533333,2336,65814.794877541
2336,50.550000,2337,65814.811546500
2337,50.583333,2338,65814.844884583
2338,50.600000,2339,65814.861553458
2339,50.616667,2340,65814.878222500
2340,50.633333,2341,65814.894891500
2341,50.666667,2342,65814.928229375
2342,50.683333,2343,65814.944898416
2343,50.700000,2344,65814.961567416
2344,50.733333,2345,65814.994905458
2345,50.750000,2346,65815.011574333
2346,50.766667,2347,65815.028243333
2347,50.783333,2348,65815.044912291
2348,50.816667,2349,65815.078250208
2349,50.833333,2350,65815.094919250
2350,50.850000,2351,65815.111588291
2351,50.866667,2352,65815.128257291
2352,50.900000,2353,65815.161595208
2353,50.916667,2354,65815.178264208
2354,50.933333,2355,65815.194933208
2355,50.966667,2356,65815.228271125
2356,50.983333,2357,65815.244940125
2357,51.000000,2358,65815.261609166
2358,51.016667,2359,65815.278278125
2359,51.050000,2360,65815.311616000
2360,51.066667,2361,65815.328285041
2361,51.083333,2362,65815.344954083
2362,51.100000,2363,65815.361623125
2363,51.133333,2364,65815.394961000
2364,51.150000,2365,65815.411629958
2365,51.166667,2366,65815.428299041
2366,51.183333,2367,65815.444968083
2367,51.216667,2368,65815.478305875
2368,51.233333,2369,65815.494974958
2369,51.250000,2370,65815.511643958
2370,51.266667,2371,65815.528312875
2371,51.300000,2372,65815.561650833
2372,51.316667,2373,65815.578319875
2373,51.333333,2374,65815.594988958
2374,51.350000,2375,65815.611657791
2375,51.383333,2376,65815.644995791
2376,51.400000,2377,65815.661664791
2377,51.416667,2378,65815.678333666
2378,51.433333,2379,65815.695002666
2379,51.466667,2380,65815.728340750
2380,51.483333,2381,65815.745009583
2381,51.500000,2382,65815.761678583
2382,51.516667,2383,65815.778347625
2383,51.550000,2384,65815.811685666
2384,51.566667,2385,65815.828354541
2385,51.583333,2386,65815.845023583
2386,51.600000,2387,65815.861692500
2387,51.616667,2388,65815.878361583
2388,51.650000,2389,65815.911699500
2389,51.666667,2390,65815.928368458
2390,51.683333,2391,65815.945037500
2391,51.716667,2392,65815.978375458
2392,51.733333,2393,65815.995044416
2393,51.750000,2394,65816.011713416
2394,51.783333,2395,65816.045051291
2395,51.800000,2396,65816.061720333
2396,51.816667,2397,65816.078389291
2397,51.833333,2398,65816.095058333
2398,51.866667,2399,65816.128396166
2399,51.883333,2400,65816.145065291
2400,51.900000,2401,65816.161734250
2401,51.933333,2402,65816.195072166
2402,51.950000,2403,65816.211741166
2403,51.966667,2404,65816.228410208
2404,51.983333,2405,65816.245079208
2405,52.016667,2406,65816.278417041
2406,52.033333,2407,65816.295086125
2407,52.050000,2408,65816.311755166
2408,52.066667,2409,65816.328424125
2409,52.100000,2410,65816.361762083
2410,52.116667,2411,65816.378431041
2411,52.133333,2412,65816.395100083
2412,52.150000,2413,65816.411769083
2413,52.166667,2414,65816.428437958
2414,52.200000,2415,65816.461775958
2415,52.216667,2416,65816.478445000
2416,52.233333,2417,65816.495113833
2417,52.266667,2418,65816.528451875
2418,52.283333,2419,65816.545120875
2419,52.300000,2420,65816.561789958
2420,52.316667,2421,65816.578458791
2421,52.350000,2422,65816.611796750
2422,52.366667,2423,65816.628465791
2423,52.383333,2424,65816.645134666
2424,52.400000,2425,65816.661803708
2425,52.416667,2426,65816.678472708
2426,52.450000,2427,65816.711810750
2427,52.466667,2428,65816.728479666
2428,52.483333,2429,65816.745148625
2429,52.500000,2430,65816.761817708
2430,52.533333,2431,65816.795155500
2431,52.550000,2432,65816.811824541
2432,52.566667,2433,65816.828493500
2433,52.583333,2434,65816.845162583
2434,52.616667,2435,65816.878500458
2435,52.633333,2436,65816.895169500
2436,52.650000,2437,65816.911838458
2437,52.683333,2438,65816.945176375
2438,52.700000,2439,65816.961845416
2439,52.716667,2440,65816.978514375
2440,52.733333,2441,65816.995183333
2441,52.766667,2442,65817.028521291
2442,52.783333,2443,65817.045190333
2443,52.800000,2444,65817.061859333
2444,52.816667,2445,65817.078528333
2445,52.850000,2446,65817.111866208
2446,52.866667,2447,65817.128535208
2447,52.883333,2448,65817.145204208
2448,52.916667,2449,65817.178542083
2449,52.933333,2450,65817.195211125
2450,52.950000,2451,65817.211880166
2451,52.966667,2452,65817.228549166
2452,52.983333,2453,65817.245218000
2453,53.016667,2454,65817.278556083
2454,53.033333,2455,65817.295225083
2455,53.050000,2456,65817.311894083
2456,53.083333,2457,65817.345232000
2457,53.100000,2458,65817.361901000
2458,53.116667,2459,65817.378570083
2459,53.150000,2460,65817.411907916
2460,53.166667,2461,65817.428576875
2461,53.183333,2462,65817.445245916
2462,53.216667,2463,65817.478583666
2463,53.233333,2464,65817.495252833
2464,53.250000,2465,65817.511921833
2465,53.283333,2466,65817.545259708
2466,53.300000,2467,65817.561928750
2467,53.333333,2468,65817.595266791
2468,53.350000,2469,65817.611935625
2469,53.366667,2470,65817.628604625
2470,53.400000,2471,65817.661942666
2471,53.416667,2472,65817.678611708
2472,53.450000,2473,65817.711949541
2473,53.466667,2474,65817.728618541
2474,53.483333,2475,65817.745287500
2475,53.516667,2476,65817.778625458
2476,53.533333,2477,65817.795294500
2477,53.550000,2478,65817.811963500
2478,53.583333,2479,65817.845301333
2479,53.600000,2480,65817.861970291
2480,53.633333,2481,65817.895308416
2481,53.650000,2482,65817.911977250
2482,53.683333,2483,65817.945315250
2483,53.700000,2484,65817.961984250
2484,53.733333,2485,65817.995322166
2485,53.750000,2486,65818.011991208
2486,53.783333,2487,65818.045329166
2487,53.800000,2488,65818.061998083
2488,53.833333,2489,65818.095336125
2489,53.850000,2490,65818.112005125
2490,53.866667,2491,65818.128674166
2491,53.900000,2492,65818.162012041
2492,53.933333,2493,65818.195350041
2493,53.950000,2494,65818.212018916
2494,53.983333,2495,65818.245356958
2495,54.000000,2496,65818.262025916
2496,54.033333,2497,65818.295363833
2497,54.050000,2498,65818.312032791
2498,54.083333,2499,65818.345370916
2499,54.100000,2500,65818.362039666
2500,54.116667,2501,65818.378708708
2501,54.150000,2502,65818.412046708
2502,54.166667,2503,65818.428715791
2503,54.200000,2504,65818.462053666
2504,54.216667,2505,65818.478722625
2505,54.250000,2506,65818.512060541
2506,54.266667,2507,65818.528729500
2507,54.300000,2508,65818.562067500
2508,54.316667,2509,65818.578736416
2509,54.350000,2510,65818.612074458
2510,54.366667,2511,65818.628743458
2511,54.400000,2512,65818.662081375
2512,54.416667,2513,65818.678750333
2513,54.450000,2514,65818.712088333
2514,54.466667,2515,65818.728757291
2515,54.483333,2516,65818.745426250
2516,54.516667,2517,65818.778764208
2517,54.533333,2518,65818.795433291
2518,54.550000,2519,65818.812102125
2519,54.583333,2520,65818.845440208
2520,54.600000,2521,65818.862109166
2521,54.616667,2522,65818.878778000
2522,54.650000,2523,65818.912116083
2523,54.666667,2524,65818.928785083
2524,54.683333,2525,65818.945454083
2525,54.716667,2526,65818.978792000
2526,54.733333,2527,65818.995461000
2527,54.750000,2528,65819.012130000
2528,54.783333,2529,65819.045467916
2529,54.800000,2530,65819.062136875
2530,54.816667,2531,65819.078805875
2531,54.850000,2532,65819.112143791
2532,54.866667,2533,65819.128812750
2533,54.883333,2534,65819.145481833
2534,54.900000,2535,65819.162150750
2535,54.933333,2536,65819.195488708
2536,54.950000,2537,65819.212157666
2537,54.966667,2538,65819.228826750
2538,54.983333,2539,65819.245495750
2539,55.016667,2540,65819.278833625
2540,55.033333,2541,65819.295502583
2541,55.050000,2542,65819.312171625
2542,55.066667,2543,65819.328840500
2543,55.100000,2544,65819.362178541
2544,55.116667,2545,65819.378847500
2545,55.133333,2546,65819.395516541
2546,55.150000,2547,65819.412185333
2547,55.166667,2548,65819.428854375
2548,55.200000,2549,65819.462192416
2549,55.216667,2550,65819.478861291
2550,55.233333,2551,65819.495530333
2551,55.250000,2552,65819.512199333
2552,55.266667,2553,65819.528868291
2553,55.283333,2554,65819.545537333
2554,55.316667,2555,65819.578875166
2555,55.333333,2556,65819.595544208
2556,55.350000,2557,65819.612213250
2557,55.366667,2558,65819.628882125
2558,55.383333,2559,65819.645551125
2559,55.416667,2560,65819.678889083
2560,55.433333,2561,65819.695558208
2561,55.450000,2562,65819.712227000
2562,55.466667,2563,65819.728896000
2563,55.483333,2564,65819.745565041
2564,55.500000,2565,65819.762234041
2565,55.516667,2566,65819.778902916
2566,55.550000,2567,65819.812240958
2567,55.566667,2568,65819.828909875
2568,55.583333,2569,65819.845578916
2569,55.600000,2570,65819.862247791
2570,55.616667,2571,65819.878916750
2571,55.633333,2572,65819.895585833
2572,55.666667,2573,65819.928923750
2573,55.683333,2574,65819.945592666
2574,55.700000,2575,65819.962261750
2575,55.716667,2576,65819.978930750
2576,55.733333,2577,65819.995599583
2577,55.750000,2578,65820.012268583
2578,55.783333,2579,65820.045606625
2579,55.800000,2580,65820.062275625
2580,55.816667,2581,65820.078944458
2581,55.833333,2582,65820.095613500
2582,55.850000,2583,65820.112282583
2583,55.883333,2584,65820.145620416
2584,55.900000,2585,65820.162289375
2585,55.916667,2586,65820.178958375
2586,55.933333,2587,65820.195627416
2587,55.950000,2588,65820.212296416
2588,55.966667,2589,65820.228965291
2589,56.000000,2590,65820.262303333
2590,56.016667,2591,65820.278972333
2591,56.033333,2592,65820.295641208
2592,56.050000,2593,65820.312310166
2593,56.066667,2594,65820.328979250
2594,56.083333,2595,65820.345648208
2595,56.116667,2596,65820.378986083
2596,56.133333,2597,65820.395655125
2597,56.150000,2598,65820.412324083
2598,56.166667,2599,65820.428993125
2599,56.183333,2600,65820.445661958
2600,56.216667,2601,65820.479000041
2601,56.233333,2602,65820.495669041
2602,56.250000,2603,65820.512338000
2603,56.266667,2604,65820.529006916
2604,56.300000,2605,65820.562344875
2605,56.316667,2606,65820.579013916
2606,56.333333,2607,65820.595682791
2607,56.350000,2608,65820.612351833
2608,56.383333,2609,65820.645689791
2609,56.400000,2610,65820.662358750
2610,56.416667,2611,65820.679027708
2611,56.433333,2612,65820.695696708
2612,56.450000,2613,65820.712365750
2613,56.466667,2614,65820.729034708
2614,56.500000,2615,65820.762372541
2615,56.516667,2616,65820.779041625
2616,56.533333,2617,65820.795710583
2617,56.550000,2618,65820.812379666
2618,56.583333,2619,65820.845717541
2619,56.600000,2620,65820.862386500
2620,56.616667,2621,65820.879055500
2621,56.650000,2622,65820.912393333
2622,56.666667,2623,65820.929062416
2623,56.683333,2624,65820.945731416
2624,56.700000,2625,65820.962400375
2625,56.733333,2626,65820.995738333
2626,56.750000,2627,65821.012407333
2627,56.766667,2628,65821.029076291
2628,56.800000,2629,65821.062414125
2629,56.816667,2630,65821.079083208
2630,56.833333,2631,65821.095752166
2631,56.866667,2632,65821.129090041
2632,56.883333,2633,65821.145759083
2633,56.900000,2634,65821.162428083
2634,56.916667,2635,65821.179097125
2635,56.933333,2636,65821.195765916
2636,56.966667,2637,65821.229103958
2637,56.983333,2638,65821.245773000
2638,57.000000,2639,65821.262442000
2639,57.016667,2640,65821.279110833
2640,57.050000,2641,65821.312448875
2641,57.066667,2642,65821.329117833
2642,57.083333,2643,65821.345786583
2643,57.116667,2644,65821.379124708
2644,57.133333,2645,65821.395793791
2645,57.150000,2646,65821.412462625
2646,57.166667,2647,65821.429131583
2647,57.200000,2648,65821.462469666
2648,57.216667,2649,65821.479138666
2649,57.233333,2650,65821.495807541
2650,57.266667,2651,65821.529145500
2651,57.283333,2652,65821.545814541
2652,57.300000,2653,65821.562483375
2653,57.333333,2654,65821.595821416
2654,57.350000,2655,65821.612490375
2655,57.366667,2656,65821.629159458
2656,57.400000,2657,65821.662497291
2657,57.416667,2658,65821.679166250
2658,57.433333,2659,65821.695835291
2659,57.466667,2660,65821.729173083
2660,57.483333,2661,65821.745842208
2661,57.500000,2662,65821.762511208
2662,57.516667,2663,65821.779180208
2663,57.550000,2664,65821.812518041
2664,57.566667,2665,65821.829187083
2665,57.583333,2666,65821.845856083
2666,57.616667,2667,65821.879193875
2667,57.633333,2668,65821.895863000
2668,57.666667,2669,65821.929200958
2669,57.683333,2670,65821.945869791
2670,57.700000,2671,65821.962538875
2671,57.733333,2672,65821.995876833
2672,57.750000,2673,65822.012545708
2673,57.766667,2674,65822.029214708
2674,57.800000,2675,65822.062552708
2675,57.816667,2676,65822.079221708
2676,57.833333,2677,65822.095890625
2677,57.866667,2678,65822.129228583
2678,57.883333,2679,65822.145897583
2679,57.900000,2680,65822.162566416
2680,57.933333,2681,65822.195904500
2681,57.950000,2682,65822.212573500
2682,57.966667,2683,65822.229242500
2683,58.000000,2684,65822.262580375
2684,58.016667,2685,65822.279249416
2685,58.033333,2686,65822.295918375
2686,58.066667,2687,65822.329256250
2687,58.083333,2688,65822.345925250
2688,58.100000,2689,65822.362594291
2689,58.133333,2690,65822.395932166
2690,58.150000,2691,65822.412601125
2691,58.166667,2692,65822.429270125
2692,58.183333,2693,65822.445939166
2693,58.216667,2694,65822.479277041
2694,58.233333,2695,65822.495946041
2695,58.250000,2696,65822.512615041
2696,58.266667,2697,65822.529284000
2697,58.300000,2698,65822.562621916
2698,58.316667,2699,65822.579290875
2699,58.333333,2700,65822.595959875
2700,58.366667,2701,65822.629297791
2701,58.383333,2702,65822.645966791
2702,58.400000,2703,65822.662635833
2703,58.416667,2704,65822.679304791
2704,58.450000,2705,65822.712642625
2705,58.466667,2706,65822.729311625
2706,58.483333,2707,65822.745980666
2707,58.500000,2708,65822.762649500
2708,58.533333,2709,65822.795987541
2709,58.550000,2710,65822.812656541
2710,58.566667,2711,65822.829325375
2711,58.600000,2712,65822.862663458
2712,58.616667,2713,65822.879332375
2713,58.633333,2714,65822.896001458
2714,58.650000,2715,65822.912670291
2715,58.683333,2716,65822.946008333
2716,58.700000,2717,65822.962677333
2717,58.716667,2718,65822.979346333
2718,58.750000,2719,65823.012684208
2719,58.766667,2720,65823.029353166
2720,58.783333,2721,65823.046022166
2721,58.816667,2722,65823.079360041
2722,58.833333,2723,65823.096029083
2723,58.850000,2724,65823.112698083
2724,58.883333,2725,65823.146035875
2725,58.900000,2726,65823.162704916
2726,58.933333,2727,65823.196042958
2727,58.950000,2728,65823.212711750
2728,58.966667,2729,65823.229380750
2729,59.000000,2730,65823.262718791
2730,59.016667,2731,65823.279387625
2731,59.050000,2732,65823.312725666
2732,59.066667,2733,65823.329394708
2733,59.100000,2734,65823.362732500
2734,59.116667,2735,65823.379401500
2735,59.133333,2736,65823.396070583
2736,59.166667,2737,65823.429408333
2737,59.183333,2738,65823.446077416
2738,59.216667,2739,65823.479415416
2739,59.233333,2740,65823.496084458
2740,59.250000,2741,65823.512753333
2741,59.283333,2742,65823.546091291
2742,59.300000,2743,65823.562760333
2743,59.316667,2744,65823.579429166
2744,59.350000,2745,65823.612767125
2745,59.366667,2746,65823.629436208
2746,59.383333,2747,65823.646105166
2747,59.416667,2748,65823.679443000
2748,59.433333,2749,65823.696112041
2749,59.450000,2750,65823.712781041
2750,59.483333,2751,65823.746118875
2751,59.500000,2752,65823.762787833
2752,59.516667,2753,65823.779456958
2753,59.550000,2754,65823.812794791
2754,59.566667,2755,65823.829463750
2755,59.583333,2756,65823.846132750
2756,59.616667,2757,65823.879470625
2757,59.633333,2758,65823.896139666
2758,59.650000,2759,65823.912808666
2759,59.683333,2760,65823.946146666
2760,59.700000,2761,65823.962815458
2761,59.716667,2762,65823.979484500
2762,59.750000,2763,65824.012822583
2763,59.766667,2764,65824.029491333
2764,59.783333,2765,65824.046160416
2765,59.816667,2766,65824.079498375
2766,59.833333,2767,65824.096167416
2767,59.850000,2768,65824.112836291
2768,59.883333,2769,65824.146174250
2769,59.900000,2770,65824.162843291
2770,59.916667,2771,65824.179512083
2771,59.950000,2772,65824.212850166
2772,59.966667,2773,65824.229519083
2773,59.983333,2774,65824.246187958
2774,60.016667,2775,65824.279525958
2775,60.033333,2776,65824.296195000
2776,60.050000,2777,65824.312864041
2777,60.083333,2778,65824.346201833
2778,60.100000,2779,65824.362870916
2779,60.133333,2780,65824.396208916
2780,60.150000,2781,65824.412877750
2781,60.166667,2782,65824.429546750
2782,60.200000,2783,65824.462884791
2783,60.216667,2784,65824.479553666
2784,60.233333,2785,65824.496222625
2785,60.266667,2786,65824.529560583
2786,60.283333,2787,65824.546229375
2787,60.300000,2788,65824.562898500
2788,60.333333,2789,65824.596236500
2789,60.350000,2790,65824.612905458
2790,60.366667,2791,65824.629574333
2791,60.400000,2792,65824.662912291
2792,60.416667,2793,65824.679581333
2793,60.433333,2794,65824.696250208
2794,60.450000,2795,65824.712919208
2795,60.483333,2796,65824.746257250
2796,60.500000,2797,65824.762926250
2797,60.516667,2798,65824.779595041
2798,60.550000,2799,65824.812933083
2799,60.566667,2800,65824.829602083
2800,60.583333,2801,65824.846270916
2801,60.616667,2802,65824.879608916
2802,60.633333,2803,65824.896277958
2803,60.650000,2804,65824.912946958
2804,60.666667,2805,65824.929615791
2805,60.700000,2806,65824.962953750
2806,60.716667,2807,65824.979622791
2807,60.733333,2808,65824.996291666
2808,60.766667,2809,65825.029629625
2809,60.783333,2810,65825.046298625
2810,60.800000,2811,65825.062967750
2811,60.816667,2812,65825.079636541
2812,60.850000,2813,65825.112974500
2813,60.866667,2814,65825.129643541
2814,60.883333,2815,65825.146312333
2815,60.900000,2816,65825.162981416
2816,60.933333,2817,65825.196319375
2817,60.950000,2818,65825.212988375
2818,60.966667,2819,65825.229657208
2819,60.983333,2820,65825.246326250
2820,61.016667,2821,65825.279664291
2821,61.033333,2822,65825.296333125
2822,61.050000,2823,65825.313002125
2823,61.066667,2824,65825.329671125
2824,61.100000,2825,65825.363009125
2825,61.116667,2826,65825.379677916
2826,61.133333,2827,65825.396347041
2827,61.150000,2828,65825.413015958
2828,61.183333,2829,65825.446353875
2829,61.200000,2830,65825.463022791
2830,61.216667,2831,65825.479691791
2831,61.233333,2832,65825.496360791
2832,61.266667,2833,65825.529698666
2833,61.283333,2834,65825.546367666
2834,61.300000,2835,65825.563036708
2835,61.316667,2836,65825.579705708
2836,61.350000,2837,65825.613043541
2837,61.366667,2838,65825.629712583
2838,61.383333,2839,65825.646381583
2839,61.416667,2840,65825.679719416
2840,61.433333,2841,65825.696388375
2841,61.450000,2842,65825.713057416
2842,61.466667,2843,65825.729726416
2843,61.500000,2844,65825.763064333
2844,61.516667,2845,65825.779733291
2845,61.533333,2846,65825.796402333
2846,61.550000,2847,65825.813071333
2847,61.583333,2848,65825.846409125
2848,61.600000,2849,65825.863078166
2849,61.616667,2850,65825.879747166
2850,61.650000,2851,65825.913085041
2851,61.666667,2852,65825.929753916
2852,61.683333,2853,65825.946422958
2853,61.700000,2854,65825.963091875
2854,61.733333,2855,65825.996429875
2855,61.750000,2856,65826.013098875
2856,61.766667,2857,65826.029767875
2857,61.800000,2858,65826.063105708
2858,61.816667,2859,65826.079774750
2859,61.833333,2860,65826.096443750
2860,61.866667,2861,65826.129781541
2861,61.883333,2862,65826.146450583
2862,61.900000,2863,65826.163119583
2863,61.933333,2864,65826.196457375
2864,61.950000,2865,65826.213126375
2865,61.966667,2866,65826.229795458
2866,61.983333,2867,65826.246464416
2867,62.016667,2868,65826.279802250
2868,62.033333,2869,65826.296471291
2869,62.050000,2870,65826.313140291
2870,62.083333,2871,65826.346478166
2871,62.100000,2872,65826.363147208
2872,62.116667,2873,65826.379816125
2873,62.133333,2874,65826.396485125
2874,62.166667,2875,65826.429823000
2875,62.183333,2876,65826.446491958
2876,62.200000,2877,65826.463161000
2877,62.233333,2878,65826.496498875
2878,62.250000,2879,65826.513167791
2879,62.266667,2880,65826.529836875
2880,62.283333,2881,65826.546505875
2881,62.316667,2882,65826.579843708
2882,62.333333,2883,65826.596512666
2883,62.350000,2884,65826.613181708
2884,62.383333,2885,65826.646519583
2885,62.400000,2886,65826.663188541
2886,62.416667,2887,65826.679857583
2887,62.433333,2888,65826.696526583
2888,62.466667,2889,65826.729864416
2889,62.483333,2890,65826.746533458
2890,62.500000,2891,65826.763202375
2891,62.516667,2892,65826.779871458
2892,62.550000,2893,65826.813209291
2893,62.566667,2894,65826.829878291
2894,62.583333,2895,65826.846547333
2895,62.600000,2896,65826.863216125
2896,62.616667,2897,65826.879885166
2897,62.650000,2898,65826.913223166
2898,62.666667,2899,65826.929892166
2899,62.683333,2900,65826.946560958
2900,62.716667,2901,65826.979899000
2901,62.733333,2902,65826.996568000
2902,62.750000,2903,65827.013236833
2903,62.783333,2904,65827.046574875
2904,62.800000,2905,65827.063243875
2905,62.816667,2906,65827.079912666
2906,62.833333,2907,65827.096581625
2907,62.866667,2908,65827.129919666
2908,62.883333,2909,65827.146588666
2909,62.900000,2910,65827.163257541
2910,62.933333,2911,65827.196595541
2911,62.950000,2912,65827.213264583
2912,62.966667,2913,65827.229933333
2913,62.983333,2914,65827.246602375
2914,63.016667,2915,65827.279940375
2915,63.033333,2916,65827.296609416
2916,63.050000,2917,65827.313278208
2917,63.083333,2918,65827.346616291
2918,63.100000,2919,65827.363285250
2919,63.116667,2920,65827.379954083
2920,63.133333,2921,65827.396623125
2921,63.166667,2922,65827.429961083
2922,63.183333,2923,65827.446630125
2923,63.200000,2924,65827.463298875
2924,63.233333,2925,65827.496636958
2925,63.250000,2926,65827.513305958
2926,63.266667,2927,65827.529974833
2927,63.300000,2928,65827.563312791
2928,63.316667,2929,65827.579981750
2929,63.333333,2930,65827.596650833
2930,63.366667,2931,65827.629988666
2931,63.383333,2932,65827.646657666
2932,63.416667,2933,65827.679995458
2933,63.433333,2934,65827.696664500
2934,63.450000,2935,65827.713333500
2935,63.483333,2936,65827.746671458
2936,63.500000,2937,65827.763340333
2937,63.533333,2938,65827.796678333
2938,63.550000,2939,65827.813347375
2939,63.566667,2940,65827.830016166
2940,63.600000,2941,65827.863354208
2941,63.616667,2942,65827.880023250
2942,63.650000,2943,65827.913361083
2943,63.666667,2944,65827.930030083
2944,63.700000,2945,65827.963368041
2945,63.716667,2946,65827.980036875
2946,63.750000,2947,65828.013374916
2947,63.766667,2948,65828.030043916
2948,63.800000,2949,65828.063381750
2949,63.816667,2950,65828.080050750
2950,63.850000,2951,65828.113388791
2951,63.866667,2952,65828.130057541
2952,63.900000,2953,65828.163395583
2953,63.916667,2954,65828.180064583
2954,63.950000,2955,65828.213402375
2955,63.966667,2956,65828.230071416
2956,64.000000,2957,65828.263409416
2957,64.016667,2958,65828.280078291
2958,64.050000,2959,65828.313416291
2959,64.066667,2960,65828.330085250
2960,64.100000,2961,65828.363423083
2961,64.116667,2962,65828.380092125
2962,64.150000,2963,65828.413430125
2963,64.166667,2964,65828.430098958
2964,64.200000,2965,65828.463436958
2965,64.216667,2966,65828.480105958
2966,64.250000,2967,65828.513443791
2967,64.266667,2968,65828.530112791
2968,64.300000,2969,65828.563450750
2969,64.316667,2970,65828.580119625
2970,64.350000,2971,65828.613457666
2971,64.366667,2972,65828.630126583
2972,64.400000,2973,65828.663464416
2973,64.433333,2974,65828.696802500
2974,64.450000,2975,65828.713471500
2975,64.483333,2976,65828.746809291
2976,64.500000,2977,65828.763478333
2977,64.533333,2978,65828.796816125
2978,64.550000,2979,65828.813485125
2979,64.566667,2980,65828.830154125
2980,64.600000,2981,65828.863492166
2981,64.616667,2982,65828.880161000
2982,64.633333,2983,65828.896830000
2983,64.666667,2984,65828.930167958
2984,64.683333,2985,65828.946836791
2985,64.700000,2986,65828.963505750
2986,64.733333,2987,65828.996843875
2987,64.750000,2988,65829.013512875
2988,64.766667,2989,65829.030181666
2989,64.783333,2990,65829.046850625
2990,64.816667,2991,65829.080188666
2991,64.833333,2992,65829.096857458
2992,64.850000,2993,65829.113526541
2993,64.866667,2994,65829.130195458
2994,64.883333,2995,65829.146864500
2995,64.916667,2996,65829.180202250
2996,64.933333,2997,65829.196871291
2997,64.950000,2998,65829.213540250
2998,64.966667,2999,65829.230209375
2999,65.000000,3000,65829.263547166
3000,65.016667,3001,65829.280216208
3001,65.033333,3002,65829.296885208
3002,65.066667,3003,65829.330223000
3003,65.083333,3004,65829.346892041
3004,65.100000,3005,65829.363561000
3005,65.133333,3006,65829.396898833
3006,65.150000,3007,65829.413567833
3007,65.183333,3008,65829.446905833
3008,65.200000,3009,65829.463574791
3009,65.216667,3010,65829.480243625
3010,65.250000,3011,65829.513581666
3011,65.266667,3012,65829.530250708
3012,65.300000,3013,65829.563588500
3013,65.316667,3014,65829.580257500
3014,65.350000,3015,65829.613595500
3015,65.366667,3016,65829.630264333
3016,65.400000,3017,65829.663602333
3017,65.416667,3018,65829.680271333
3018,65.450000,3019,65829.713609125
3019,65.466667,3020,65829.730278125
3020,65.500000,3021,65829.763616166
3021,65.516667,3022,65829.780285041
3022,65.550000,3023,65829.813623000
3023,65.583333,3024,65829.846960791
3024,65.600000,3025,65829.863629833
3025,65.633333,3026,65829.896967791
3026,65.650000,3027,65829.913636625
3027,65.683333,3028,65829.946974625
3028,65.716667,3029,65829.980312708
3029,65.733333,3030,65829.996981458
3030,65.766667,3031,65830.030319541
3031,65.783333,3032,65830.046988500
3032,65.816667,3033,65830.080326333
3033,65.833333,3034,65830.096995333
3034,65.866667,3035,65830.130333333
3035,65.883333,3036,65830.147002166
3036,65.916667,3037,65830.180340166
3037,65.950000,3038,65830.213677958
3038,65.966667,3039,65830.230347000
3039,66.000000,3040,65830.263685041
3040,66.016667,3041,65830.280354000
3041,66.050000,3042,65830.313691875
3042,66.066667,3043,65830.330360791
3043,66.100000,3044,65830.363698625
3044,66.116667,3045,65830.380367625
3045,66.150000,3046,65830.413705708
3046,66.166667,3047,65830.430374625
3047,66.200000,3048,65830.463712500
3048,66.216667,3049,65830.480381500
3049,66.250000,3050,65830.513719333
3050,66.266667,3051,65830.530388291
3051,66.300000,3052,65830.563726375
3052,66.316667,3053,65830.580395333
3053,66.333333,3054,65830.597064166
3054,66.366667,3055,65830.630402166
3055,66.383333,3056,65830.647071166
3056,66.400000,3057,65830.663740000
3057,66.433333,3058,65830.697078000
3058,66.450000,3059,65830.713746958
3059,66.466667,3060,65830.730416000
3060,66.500000,3061,65830.763753750
3061,66.516667,3062,65830.780422833
3062,66.533333,3063,65830.797091791
3063,66.566667,3064,65830.830429666
3064,66.583333,3065,65830.847098708
3065,66.600000,3066,65830.863767666
3066,66.633333,3067,65830.897105458
3067,66.650000,3068,65830.913774416
3068,66.666667,3069,65830.930443458
3069,66.683333,3070,65830.947112458
3070,66.716667,3071,65830.980450291
3071,66.733333,3072,65830.997119291
3072,66.750000,3073,65831.013788291
3073,66.783333,3074,65831.047126083
3074,66.800000,3075,65831.063795083
3075,66.816667,3076,65831.080464166
3076,66.833333,3077,65831.097133166
3077,66.866667,3078,65831.130470958
3078,66.883333,3079,65831.147139958
3079,66.900000,3080,65831.163809000
3080,66.916667,3081,65831.180477916
3081,66.950000,3082,65831.213815791
3082,66.966667,3083,65831.230484750
3083,66.983333,3084,65831.247153750
3084,67.000000,3085,65831.263822583
3085,67.016667,3086,65831.280491625
3086,67.050000,3087,65831.313829625
3087,67.066667,3088,65831.330498375
3088,67.083333,3089,65831.347167416
3089,67.100000,3090,65831.363836458
3090,67.133333,3091,65831.397174416
3091,67.150000,3092,65831.413843291
3092,67.166667,3093,65831.430512333
3093,67.183333,3094,65831.447181291
3094,67.216667,3095,65831.480519125
3095,67.233333,3096,65831.497188083
3096,67.250000,3097,65831.513857125
3097,67.283333,3098,65831.547195083
3098,67.300000,3099,65831.563863916
3099,67.316667,3100,65831.580532958
3100,67.333333,3101,65831.597201958
3101,67.366667,3102,65831.630539708
3102,67.383333,3103,65831.647208750
3103,67.416667,3104,65831.680546791
3104,67.433333,3105,65831.697215791
3105,67.450000,3106,65831.713884541
3106,67.483333,3107,65831.747222583
3107,67.500000,3108,65831.763891625
3108,67.516667,3109,65831.780560458
3109,67.550000,3110,65831.813898458
3110,67.566667,3111,65831.830567375
3111,67.583333,3112,65831.847236416
3112,67.616667,3113,65831.880574250
3113,67.633333,3114,65831.897243250
3114,67.666667,3115,65831.930581041
3115,67.683333,3116,65831.947250041
3116,67.700000,3117,65831.963919083
3117,67.733333,3118,65831.997257041
3118,67.750000,3119,65832.013925916
3119,67.766667,3120,65832.030594916
3120,67.800000,3121,65832.063932916
3121,67.816667,3122,65832.080601708
3122,67.833333,3123,65832.097270708
3123,67.866667,3124,65832.130608750
3124,67.883333,3125,65832.147277666
3125,67.900000,3126,65832.163946583
3126,67.933333,3127,65832.197284541
3127,67.950000,3128,65832.213953500
3128,67.966667,3129,65832.230622375
3129,68.000000,3130,65832.263960291
3130,68.016667,3131,65832.280629333
3131,68.033333,3132,65832.297298375
3132,68.066667,3133,65832.330636166
3133,68.083333,3134,65832.347305208
3134,68.116667,3135,65832.380643041
3135,68.133333,3136,65832.397312041
3136,68.150000,3137,65832.413980916
3137,68.183333,3138,65832.447318916
3138,68.200000,3139,65832.463987833
3139,68.233333,3140,65832.497325875
3140,68.250000,3141,65832.513994875
3141,68.266667,3142,65832.530663666
3142,68.300000,3143,65832.564001583
3143,68.316667,3144,65832.580670666
3144,68.350000,3145,65832.614008458
3145,68.366667,3146,65832.630677500
3146,68.383333,3147,65832.647346416
3147,68.416667,3148,65832.680684291
3148,68.433333,3149,65832.697353250
3149,68.466667,3150,65832.730691333
3150,68.483333,3151,65832.747360083
3151,68.500000,3152,65832.764029125
3152,68.533333,3153,65832.797367125
3153,68.550000,3154,65832.814036125
3154,68.583333,3155,65832.847373833
3155,68.600000,3156,65832.864042958
3156,68.616667,3157,65832.880711958
3157,68.650000,3158,65832.914049708
3158,68.666667,3159,65832.930718750
3159,68.683333,3160,65832.947387791
3160,68.716667,3161,65832.980725541
3161,68.733333,3162,65832.997394583
3162,68.766667,3163,65833.030732500
3163,68.783333,3164,65833.047401416
3164,68.800000,3165,65833.064070416
3165,68.833333,3166,65833.097408333
3166,68.850000,3167,65833.114077333
3167,68.883333,3168,65833.147415208
3168,68.900000,3169,65833.164084166
3169,68.916667,3170,65833.180753166
3170,68.950000,3171,65833.214091000
3171,68.966667,3172,65833.230760041
3172,68.983333,3173,65833.247429041
3173,69.016667,3174,65833.280766791
3174,69.033333,3175,65833.297435791
3175,69.050000,3176,65833.314104875
3176,69.083333,3177,65833.347442625
3177,69.100000,3178,65833.364111666
3178,69.116667,3179,65833.380780625
3179,69.150000,3180,65833.414118625
3180,69.166667,3181,65833.430787500
3181,69.183333,3182,65833.447456458
3182,69.216667,3183,65833.480794416
3183,69.233333,3184,65833.497463250
3184,69.250000,3185,65833.514132333
3185,69.283333,3186,65833.547470291
3186,69.300000,3187,65833.564139166
3187,69.333333,3188,65833.597477083
3188,69.350000,3189,65833.614146041
3189,69.366667,3190,65833.630815125
3190,69.400000,3191,65833.664152833
3191,69.416667,3192,65833.680821875
3192,69.450000,3193,65833.714159875
3193,69.466667,3194,65833.730828708
3194,69.483333,3195,65833.747497708
3195,69.516667,3196,65833.780835750
3196,69.533333,3197,65833.797504583
3197,69.550000,3198,65833.814173500
3198,69.583333,3199,65833.847511541
3199,69.600000,3200,65833.864180541
3200,69.633333,3201,65833.897518375
3201,69.650000,3202,65833.914187375
3202,69.666667,3203,65833.930856375
3203,69.700000,3204,65833.964194125
3204,69.716667,3205,65833.980863166
3205,69.750000,3206,65834.014201125
3206,69.766667,3207,65834.030869958
3207,69.783333,3208,65834.047538958
3208,69.816667,3209,65834.080876958
3209,69.833333,3210,65834.097545750
3210,69.850000,3211,65834.114214750
3211,69.883333,3212,65834.147552791
3212,69.900000,3213,65834.164221666
3213,69.916667,3214,65834.180890625
3214,69.950000,3215,65834.214228625
3215,69.966667,3216,65834.230897625
3216,69.983333,3217,65834.247566458
3217,70.016667,3218,65834.280904416
3218,70.033333,3219,65834.297573375
3219,70.050000,3220,65834.314242250
3220,70.083333,3221,65834.347580208
3221,70.100000,3222,65834.364249166
3222,70.116667,3223,65834.380918250
3223,70.150000,3224,65834.414256000
3224,70.166667,3225,65834.430925000
3225,70.183333,3226,65834.447594000
3226,70.216667,3227,65834.480931833
3227,70.233333,3228,65834.497600750
3228,70.250000,3229,65834.514269833
3229,70.266667,3230,65834.530938875
3230,70.300000,3231,65834.564276666
3231,70.316667,3232,65834.580945583
3232,70.333333,3233,65834.597614666
3233,70.366667,3234,65834.630952500
3234,70.383333,3235,65834.647621416
3235,70.400000,3236,65834.664290500
3236,70.433333,3237,65834.697628250
3237,70.450000,3238,65834.714297333
3238,70.466667,3239,65834.730966208
3239,70.500000,3240,65834.764304000
3240,70.516667,3241,65834.780973000
3241,70.533333,3242,65834.797642083
3242,70.566667,3243,65834.830980041
3243,70.583333,3244,65834.847648833
3244,70.600000,3245,65834.864317833
3245,70.633333,3246,65834.897655875
3246,70.650000,3247,65834.914324666
3247,70.666667,3248,65834.930993708
3248,70.700000,3249,65834.964331625
3249,70.716667,3250,65834.981000583
3250,70.733333,3251,65834.997669500
3251,70.766667,3252,65835.031007458
3252,70.783333,3253,65835.047676541
3253,70.800000,3254,65835.064345291
3254,70.833333,3255,65835.097683250
3255,70.850000,3256,65835.114352208
3256,70.866667,3257,65835.131021333
3257,70.900000,3258,65835.164359000
3258,70.916667,3259,65835.181028041
3259,70.933333,3260,65835.197697083
3260,70.966667,3261,65835.231034916
3261,70.983333,3262,65835.247703916
3262,71.000000,3263,65835.264372916
3263,71.033333,3264,65835.297710708
3264,71.050000,3265,65835.314379666
3265,71.066667,3266,65835.331048708
3266,71.100000,3267,65835.364386500
3267,71.116667,3268,65835.381055458
3268,71.133333,3269,65835.397724583
3269,71.166667,3270,65835.431062291
3270,71.183333,3271,65835.447731291
3271,71.200000,3272,65835.464400333
3272,71.233333,3273,65835.497738333
3273,71.250000,3274,65835.514407125
3274,71.266667,3275,65835.531076125
3275,71.283333,3276,65835.547745083
3276,71.316667,3277,65835.581082916
3277,71.333333,3278,65835.597751958
3278,71.350000,3279,65835.614420916
3279,71.383333,3280,65835.647758833
3280,71.400000,3281,65835.664427750
3281,71.416667,3282,65835.681096750
3282,71.450000,3283,65835.714434750
3283,71.466667,3284,65835.731103541
3284,71.483333,3285,65835.747772500
3285,71.516667,3286,65835.781110583
3286,71.533333,3287,65835.797779458
3287,71.550000,3288,65835.814448333
3288,71.583333,3289,65835.847786291
3289,71.600000,3290,65835.864455333
3290,71.616667,3291,65835.881124166
3291,71.633333,3292,65835.897793125
3292,71.666667,3293,65835.931131083
3293,71.683333,3294,65835.947800083
3294,71.700000,3295,65835.964468958
3295,71.733333,3296,65835.997806916
3296,71.750000,3297,65836.014475916
3297,71.766667,3298,65836.031144666
3298,71.783333,3299,65836.047813708
3299,71.816667,3300,65836.081151708
3300,71.833333,3301,65836.097820625
3301,71.850000,3302,65836.114489541
3302,71.866667,3303,65836.131158500
3303,71.900000,3304,65836.164496583
3304,71.916667,3305,65836.181165375
3305,71.933333,3306,65836.197834375
3306,71.950000,3307,65836.214503375
3307,71.983333,3308,65836.247841333
3308,72.000000,3309,65836.264510166
3309,72.016667,3310,65836.281179083
3310,72.033333,3311,65836.297848166
3311,72.066667,3312,65836.331185958
3312,72.083333,3313,65836.347854875
3313,72.100000,3314,65836.364523958
3314,72.116667,3315,65836.381192916
3315,72.133333,3316,65836.397861916
3316,72.166667,3317,65836.431199708
3317,72.183333,3318,65836.447868750
3318,72.200000,3319,65836.464537666
3319,72.216667,3320,65836.481206541
3320,72.250000,3321,65836.514544458
3321,72.266667,3322,65836.531213500
3322,72.283333,3323,65836.547882541
3323,72.300000,3324,65836.564551333
3324,72.316667,3325,65836.581220291
3325,72.333333,3326,65836.597889333
3326,72.366667,3327,65836.631227125
3327,72.383333,3328,65836.647896083
3328,72.400000,3329,65836.664565041
3329,72.416667,3330,65836.681234166
3330,72.433333,3331,65836.697903166
3331,72.450000,3332,65836.714571916
3332,72.483333,3333,65836.747910000
3333,72.500000,3334,65836.764578916
3334,72.516667,3335,65836.781247708
3335,72.533333,3336,65836.797916791
3336,72.550000,3337,65836.814585750
3337,72.566667,3338,65836.831254750
3338,72.583333,3339,65836.847923750
3339,72.600000,3340,65836.864592500
3340,72.633333,3341,65836.897930458
3341,72.650000,3342,65836.914599541
3342,72.666667,3343,65836.931268375
3343,72.683333,3344,65836.947937291
3344,72.700000,3345,65836.964606333
3345,72.716667,3346,65836.981275333
3346,72.733333,3347,65836.997944166
3347,72.750000,3348,65837.014613166
3348,72.766667,3349,65837.031282166
3349,72.800000,3350,65837.064620083
3350,72.816667,3351,65837.081288916
3351,72.833333,3352,65837.097957916
3352,72.850000,3353,65837.114626916
3353,72.866667,3354,65837.131295875
3354,72.883333,3355,65837.147964916
3355,72.900000,3356,65837.164633708
3356,72.916667,3357,65837.181302708
3357,72.933333,3358,65837.197971708
3358,72.950000,3359,65837.214640708
3359,72.966667,3360,65837.231309458
3360,72.983333,3361,65837.247978500
3361,73.016667,3362,65837.281316500
3362,73.033333,3363,65837.297985333
3363,73.050000,3364,65837.314654333
3364,73.066667,3365,65837.331323333
3365,73.083333,3366,65837.347992250
3366,73.100000,3367,65837.364661333
3367,73.116667,3368,65837.381330083
3368,73.133333,3369,65837.397999125
3369,73.150000,3370,65837.414668166
3370,73.166667,3371,65837.431337041
3371,73.183333,3372,65837.448005875
3372,73.200000,3373,65837.464674958
3373,73.216667,3374,65837.481343875
3374,73.233333,3375,65837.498012875
3375,73.250000,3376,65837.514681875
3376,73.266667,3377,65837.531350708
3377,73.283333,3378,65837.548019666
3378,73.300000,3379,65837.564688625
3379,73.316667,3380,65837.581357708
3380,73.333333,3381,65837.598026500
3381,73.350000,3382,65837.614695541
3382,73.366667,3383,65837.631364500
3383,73.383333,3384,65837.648033541
3384,73.400000,3385,65837.664702458
3385,73.416667,3386,65837.681371250
3386,73.433333,3387,65837.698040333
3387,73.450000,3388,65837.714709333
3388,73.466667,3389,65837.731378333
3389,73.483333,3390,65837.748047083
3390,73.500000,3391,65837.764716125
3391,73.533333,3392,65837.798054083
3392,73.550000,3393,65837.814723083
3393,73.566667,3394,65837.831391916
3394,73.583333,3395,65837.848060916
3395,73.600000,3396,65837.864729833
3396,73.616667,3397,65837.881398916
3397,73.633333,3398,65837.898067708
3398,73.650000,3399,65837.914736666
3399,73.666667,3400,65837.931405583
3400,73.683333,3401,65837.948074708
3401,73.700000,3402,65837.964743666
3402,73.733333,3403,65837.998081541
3403,73.750000,3404,65838.014750375
3404,73.766667,3405,65838.031419458
3405,73.783333,3406,65838.048088291
3406,73.800000,3407,65838.064757291
3407,73.833333,3408,65838.098095291
3408,73.850000,3409,65838.114764250
3409,73.866667,3410,65838.131433083
3410,73.883333,3411,65838.148102083
3411,73.900000,3412,65838.164771041
3412,73.916667,3413,65838.181440041
3413,73.950000,3414,65838.214777791
3414,73.966667,3415,65838.231446833
3415,73.983333,3416,65838.248115833
3416,74.000000,3417,65838.264784833
3417,74.016667,3418,65838.281453666
3418,74.050000,3419,65838.314791625
3419,74.066667,3420,65838.331460625
3420,74.083333,3421,65838.348129458
3421,74.100000,3422,65838.364798458
3422,74.133333,3423,65838.398136500
3423,74.150000,3424,65838.414805291
3424,74.166667,3425,65838.431474250
3425,74.183333,3426,65838.448143208
3426,74.216667,3427,65838.481481208
3427,74.233333,3428,65838.498150083
3428,74.250000,3429,65838.514818958
3429,74.283333,3430,65838.548157041
3430,74.300000,3431,65838.564825833
3431,74.316667,3432,65838.581494833
3432,74.350000,3433,65838.614832791
3433,74.366667,3434,65838.631501750
3434,74.383333,3435,65838.648170625
3435,74.400000,3436,65838.664839625
3436,74.433333,3437,65838.698177541
3437,74.450000,3438,65838.714846375
3438,74.466667,3439,65838.731515416
3439,74.500000,3440,65838.764853416
3440,74.516667,3441,65838.781522375
3441,74.533333,3442,65838.798191208
3442,74.566667,3443,65838.831529125
3443,74.583333,3444,65838.848198208
3444,74.600000,3445,65838.864867000
3445,74.616667,3446,65838.881536000
3446,74.650000,3447,65838.914874000
3447,74.666667,3448,65838.931542958
3448,74.683333,3449,65838.948211708
3449,74.716667,3450,65838.981549750
3450,74.733333,3451,65838.998218750
3451,74.750000,3452,65839.014887541
3452,74.766667,3453,65839.031556500
3453,74.800000,3454,65839.064894583
3454,74.816667,3455,65839.081563500
3455,74.833333,3456,65839.098232291
3456,74.866667,3457,65839.131570333
3457,74.883333,3458,65839.148239333
3458,74.900000,3459,65839.164908166
3459,74.933333,3460,65839.198246083
3460,74.950000,3461,65839.214915083
3461,74.966667,3462,65839.231584083
3462,74.983333,3463,65839.248252916
3463,75.016667,3464,65839.281590875
3464,75.033333,3465,65839.298259875
3465,75.050000,3466,65839.314928625
3466,75.083333,3467,65839.348266666
3467,75.100000,3468,65839.364935666
3468,75.116667,3469,65839.381604625
3469,75.150000,3470,65839.414942458
3470,75.166667,3471,65839.431611458
3471,75.183333,3472,65839.448280416
3472,75.216667,3473,65839.481618250
3473,75.233333,3474,65839.498287208
3474,75.250000,3475,65839.514956208
3475,75.283333,3476,65839.548294000
3476,75.300000,3477,65839.564962958
3477,75.316667,3478,65839.581632000
3478,75.350000,3479,65839.614969833
3479,75.366667,3480,65839.631638833
3480,75.383333,3481,65839.648307833
3481,75.416667,3482,65839.681645791
3482,75.433333,3483,65839.698314625
3483,75.450000,3484,65839.714983541
3484,75.466667,3485,65839.731652583
3485,75.500000,3486,65839.764990416
3486,75.516667,3487,65839.781659375
3487,75.533333,3488,65839.798328333
3488,75.566667,3489,65839.831666166
3489,75.583333,3490,65839.848335125
3490,75.600000,3491,65839.865004125
3491,75.633333,3492,65839.898342125
3492,75.650000,3493,65839.915010916
3493,75.666667,3494,65839.931679958
3494,75.683333,3495,65839.948348916
3495,75.716667,3496,65839.981686750
3496,75.733333,3497,65839.998355625
3497,75.750000,3498,65840.015024666
3498,75.766667,3499,65840.031693708
3499,75.800000,3500,65840.065031541
3500,75.816667,3501,65840.081700458
3501,75.833333,3502,65840.098369500
3502,75.866667,3503,65840.131707250
3503,75.883333,3504,65840.148376250
3504,75.900000,3505,65840.165045250
3505,75.916667,3506,65840.181714250
3506,75.950000,3507,65840.215052041
3507,75.966667,3508,65840.231721041
3508,75.983333,3509,65840.248390041
3509,76.000000,3510,65840.265059083
3510,76.033333,3511,65840.298396750
3511,76.050000,3512,65840.315065833
3512,76.066667,3513,65840.331734791
3513,76.100000,3514,65840.365072625
3514,76.116667,3515,65840.381741583
3515,76.133333,3516,65840.398410541
3516,76.150000,3517,65840.415079625
3517,76.183333,3518,65840.448417416
3518,76.200000,3519,65840.465086375
3519,76.216667,3520,65840.481755375
3520,76.250000,3521,65840.515093208
3521,76.266667,3522,65840.531762083
3522,76.283333,3523,65840.548431166
3523,76.316667,3524,65840.581768958
3524,76.333333,3525,65840.598437916
3525,76.350000,3526,65840.615106916
3526,76.366667,3527,65840.631775916
3527,76.400000,3528,65840.665113708
3528,76.416667,3529,65840.681782666
3529,76.433333,3530,65840.698451750
3530,76.466667,3531,65840.731789500
3531,76.483333,3532,65840.748458458
3532,76.500000,3533,65840.765127458
3533,76.533333,3534,65840.798465500
3534,76.550000,3535,65840.815134291
3535,76.566667,3536,65840.831803250
3536,76.583333,3537,65840.848472250
3537,76.616667,3538,65840.881810041
3538,76.633333,3539,65840.898479041
3539,76.650000,3540,65840.915148000
3540,76.683333,3541,65840.948486000
3541,76.700000,3542,65840.965154875
3542,76.716667,3543,65840.981823791
3543,76.750000,3544,65841.015161708
3544,76.766667,3545,65841.031830625
3545,76.783333,3546,65841.048499625
3546,76.816667,3547,65841.081837583
3547,76.833333,3548,65841.098506583
3548,76.850000,3549,65841.115175416
3549,76.866667,3550,65841.131844416
3550,76.900000,3551,65841.165182375
3551,76.916667,3552,65841.181851125
3552,76.933333,3553,65841.198520166
3553,76.966667,3554,65841.231858125
3554,76.983333,3555,65841.248527000
3555,77.000000,3556,65841.265195875
3556,77.016667,3557,65841.281864916
3557,77.050000,3558,65841.315202916
3558,77.066667,3559,65841.331871708
3559,77.083333,3560,65841.348540666
3560,77.116667,3561,65841.381878666
3561,77.133333,3562,65841.398547666
3562,77.150000,3563,65841.415216500
3563,77.183333,3564,65841.448554416
3564,77.200000,3565,65841.465223500
3565,77.216667,3566,65841.481892250
3566,77.233333,3567,65841.498561208
3567,77.266667,3568,65841.531899166
3568,77.283333,3569,65841.548568041
3569,77.300000,3570,65841.565237000
3570,77.333333,3571,65841.598575000
3571,77.350000,3572,65841.615243958
3572,77.366667,3573,65841.631912791
3573,77.400000,3574,65841.665250791
3574,77.416667,3575,65841.681919791
3575,77.433333,3576,65841.698588583
3576,77.450000,3577,65841.715257583
3577,77.483333,3578,65841.748595583
3578,77.500000,3579,65841.765264583
3579,77.533333,3580,65841.798602333
3580,77.550000,3581,65841.815271375
3581,77.566667,3582,65841.831940250
3582,77.600000,3583,65841.865278125
3583,77.616667,3584,65841.881947083
3584,77.633333,3585,65841.898616125
3585,77.666667,3586,65841.931953833
3586,77.683333,3587,65841.948622875
3587,77.700000,3588,65841.965291916
3588,77.733333,3589,65841.998629625
3589,77.750000,3590,65842.015298708
3590,77.766667,3591,65842.031967625
3591,77.800000,3592,65842.065305666
3592,77.816667,3593,65842.081974416
3593,77.833333,3594,65842.098643375
3594,77.866667,3595,65842.131981458
3595,77.883333,3596,65842.148650250
3596,77.900000,3597,65842.165319166
3597,77.933333,3598,65842.198657166
3598,77.950000,3599,65842.215326166
3599,77.983333,3600,65842.248663958
3600,78.000000,3601,65842.265332916
3601,78.016667,3602,65842.282001958
3602,78.050000,3603,65842.315339666
3603,78.066667,3604,65842.332008791
3604,78.083333,3605,65842.348677791
3605,78.116667,3606,65842.382015541
3606,78.133333,3607,65842.398684500
3607,78.166667,3608,65842.432022500
3608,78.183333,3609,65842.448691291
3609,78.200000,3610,65842.465360291
3610,78.233333,3611,65842.498698291
3611,78.250000,3612,65842.515367250
3612,78.283333,3613,65842.548705125
3613,78.300000,3614,65842.565374000
3614,78.333333,3615,65842.598711833
3615,78.350000,3616,65842.615380791
3616,78.366667,3617,65842.632049875
3617,78.400000,3618,65842.665387625
3618,78.416667,3619,65842.682056666
3619,78.450000,3620,65842.715394666
3620,78.466667,3621,65842.732063625
3621,78.483333,3622,65842.748732416
3622,78.516667,3623,65842.782070416
3623,78.533333,3624,65842.798739291
3624,78.566667,3625,65842.832077166
3625,78.583333,3626,65842.848746125
3626,78.600000,3627,65842.865415166
3627,78.633333,3628,65842.898752958
3628,78.650000,3629,65842.915421875
3629,78.683333,3630,65842.948759916
3630,78.700000,3631,65842.965428750
3631,78.716667,3632,65842.982097708
3632,78.750000,3633,65843.015435708
3633,78.766667,3634,65843.032104708
3634,78.800000,3635,65843.065442458
3635,78.816667,3636,65843.082111458
3636,78.833333,3637,65843.098780416
3637,78.866667,3638,65843.132118166
3638,78.883333,3639,65843.148787208
3639,78.916667,3640,65843.182125208
3640,78.933333,3641,65843.198793958
3641,78.966667,3642,65843.232131958
3642,78.983333,3643,65843.248800916
3643,79.016667,3644,65843.282138708
3644,79.033333,3645,65843.298807708
3645,79.066667,3646,65843.332145708
3646,79.083333,3647,65843.348814500
3647,79.116667,3648,65843.382152500
3648,79.133333,3649,65843.398821541
3649,79.166667,3650,65843.432159250
3650,79.183333,3651,65843.448828291
3651,79.216667,3652,65843.482166291
3652,79.233333,3653,65843.498835083
3653,79.266667,3654,65843.532173000
3654,79.283333,3655,65843.548842041
3655,79.316667,3656,65843.582179791
3656,79.333333,3657,65843.598848875
3657,79.366667,3658,65843.632186750
3658,79.383333,3659,65843.648855666
3659,79.416667,3660,65843.682193500
3660,79.433333,3661,65843.698862583
3661,79.466667,3662,65843.732200375
3662,79.483333,3663,65843.748869375
3663,79.516667,3664,65843.782207291
3664,79.533333,3665,65843.798876166
3665,79.566667,3666,65843.832214083
3666,79.583333,3667,65843.848883125
3667,79.616667,3668,65843.882220875
3668,79.633333,3669,65843.898889833
3669,79.666667,3670,65843.932227875
3670,79.683333,3671,65843.948896625
3671,79.716667,3672,65843.982234666
3672,79.733333,3673,65843.998903583
3673,79.766667,3674,65844.032241416
3674,79.783333,3675,65844.048910458
3675,79.816667,3676,65844.082248208
3676,79.833333,3677,65844.098917208
3677,79.866667,3678,65844.132255208
3678,79.883333,3679,65844.148924125
3679,79.916667,3680,65844.182261958
3680,79.933333,3681,65844.198930875
3681,79.966667,3682,65844.232268750
3682,79.983333,3683,65844.248937708
3683,80.016667,3684,65844.282275708
3684,80.033333,3685,65844.298944666
3685,80.066667,3686,65844.332282458
3686,80.083333,3687,65844.348951458
3687,80.116667,3688,65844.382289333
3688,80.133333,3689,65844.398958250
3689,80.166667,3690,65844.432296166
3690,80.183333,3691,65844.448965166
3691,80.216667,3692,65844.482303083
3692,80.233333,3693,65844.498971916
3693,80.266667,3694,65844.532309833
3694,80.283333,3695,65844.548978750
3695,80.316667,3696,65844.582316750
3696,80.333333,3697,65844.598985750
3697,80.366667,3698,65844.632323500
3698,80.383333,3699,65844.648992541
3699,80.416667,3700,65844.682330333
3700,80.433333,3701,65844.698999250
3701,80.466667,3702,65844.732337250
3702,80.483333,3703,65844.749006250
3703,80.516667,3704,65844.782344041
3704,80.533333,3705,65844.799013041
3705,80.566667,3706,65844.832350833
3706,80.583333,3707,65844.849019833
3707,80.600000,3708,65844.865688791
3708,80.616667,3709,65844.882357833
3709,80.633333,3710,65844.899026791
3710,80.666667,3711,65844.932364583
3711,80.683333,3712,65844.949033583
3712,80.716667,3713,65844.982371375
3713,80.733333,3714,65844.999040333
3714,80.766667,3715,65845.032378333
3715,80.783333,3716,65845.049047291
3716,80.816667,3717,65845.082385125
3717,80.833333,3718,65845.099054125
3718,80.850000,3719,65845.115723041
3719,80.883333,3720,65845.149060833
3720,80.900000,3721,65845.165729791
3721,80.916667,3722,65845.182398875
3722,80.950000,3723,65845.215736666
3723,80.966667,3724,65845.232405625
3724,80.983333,3725,65845.249074625
3725,81.016667,3726,65845.282412416
3726,81.033333,3727,65845.299081416
3727,81.050000,3728,65845.315750375
3728,81.083333,3729,65845.349088166
3729,81.100000,3730,65845.365757083
3730,81.133333,3731,65845.399095166
3731,81.150000,3732,65845.415764125
3732,81.166667,3733,65845.432432916
3733,81.200000,3734,65845.465770916
3734,81.216667,3735,65845.482439916
3735,81.233333,3736,65845.499108708
3736,81.266667,3737,65845.532446708
3737,81.283333,3738,65845.549115666
3738,81.300000,3739,65845.565784708
3739,81.333333,3740,65845.599122416
3740,81.350000,3741,65845.615791375
3741,81.366667,3742,65845.632460416
3742,81.400000,3743,65845.665798250
3743,81.416667,3744,65845.682467250
3744,81.433333,3745,65845.699136125
3745,81.466667,3746,65845.732474000
3746,81.483333,3747,65845.749142958
3747,81.500000,3748,65845.765812000
3748,81.533333,3749,65845.799149750
3749,81.550000,3750,65845.815818750
3750,81.566667,3751,65845.832487750
3751,81.600000,3752,65845.865825750
3752,81.616667,3753,65845.882494500
3753,81.633333,3754,65845.899163500
3754,81.666667,3755,65845.932501375
3755,81.683333,3756,65845.949170291
3756,81.700000,3757,65845.965839291
3757,81.716667,3758,65845.982508208
3758,81.750000,3759,65846.015846250
3759,81.766667,3760,65846.032515083
3760,81.783333,3761,65846.049184000
3761,81.816667,3762,65846.082522041
3762,81.833333,3763,65846.099190791
3763,81.850000,3764,65846.115859791
3764,81.883333,3765,65846.149197791
3765,81.900000,3766,65846.165866708
3766,81.916667,3767,65846.182535583
3767,81.950000,3768,65846.215873541
3768,81.966667,3769,65846.232542458
3769,81.983333,3770,65846.249211291
3770,82.016667,3771,65846.282549333
3771,82.033333,3772,65846.299218333
3772,82.050000,3773,65846.315887291
3773,82.066667,3774,65846.332556125
3774,82.100000,3775,65846.365893958
3775,82.116667,3776,65846.382563041
3776,82.133333,3777,65846.399231875
3777,82.166667,3778,65846.432569791
3778,82.183333,3779,65846.449238791
3779,82.200000,3780,65846.465907833
3780,82.216667,3781,65846.482576583
3781,82.250000,3782,65846.515914541
3782,82.266667,3783,65846.532583541
3783,82.283333,3784,65846.549252333
3784,82.300000,3785,65846.565921333
3785,82.333333,3786,65846.599259375
3786,82.350000,3787,65846.615928333
3787,82.366667,3788,65846.632597125
3788,82.383333,3789,65846.649266125
3789,82.416667,3790,65846.682604125
3790,82.433333,3791,65846.699272875
3791,82.450000,3792,65846.715941875
3792,82.466667,3793,65846.732610833
3793,82.500000,3794,65846.765948833
3794,82.516667,3795,65846.782617666
3795,82.533333,3796,65846.799286625
3796,82.550000,3797,65846.815955625
3797,82.583333,3798,65846.849293375
3798,82.600000,3799,65846.865962333
3799,82.616667,3800,65846.882631333
3800,82.633333,3801,65846.899300333
3801,82.666667,3802,65846.932638166
3802,82.683333,3803,65846.949307166
3803,82.700000,3804,65846.965976125
3804,82.716667,3805,65846.982645125
3805,82.750000,3806,65847.015982791
3806,82.766667,3807,65847.032651958
3807,82.783333,3808,65847.049320916
3808,82.800000,3809,65847.065989708
3809,82.833333,3810,65847.099327625
3810,82.850000,3811,65847.115996666
3811,82.866667,3812,65847.132665666
3812,82.883333,3813,65847.149334458
3813,82.916667,3814,65847.182672375
3814,82.933333,3815,65847.199341333
3815,82.950000,3816,65847.216010208
3816,82.966667,3817,65847.232679166
3817,83.000000,3818,65847.266017125
3818,83.016667,3819,65847.282686041
3819,83.033333,3820,65847.299354916
3820,83.066667,3821,65847.332692875
3821,83.083333,3822,65847.349361875
3822,83.100000,3823,65847.366030750
3823,83.133333,3824,65847.399368625
3824,83.150000,3825,65847.416037666
3825,83.166667,3826,65847.432706666
3826,83.183333,3827,65847.449375416
3827,83.216667,3828,65847.482713375
3828,83.233333,3829,65847.499382458
3829,83.250000,3830,65847.516051250
3830,83.266667,3831,65847.532720208
3831,83.300000,3832,65847.566058166
3832,83.316667,3833,65847.582727166
3833,83.333333,3834,65847.599395875
3834,83.350000,3835,65847.616064958
3835,83.383333,3836,65847.649402916
3836,83.400000,3837,65847.666071750
3837,83.416667,3838,65847.682740666
3838,83.433333,3839,65847.699409666
3839,83.450000,3840,65847.716078625
3840,83.483333,3841,65847.749416458
3841,83.500000,3842,65847.766085458
3842,83.516667,3843,65847.782754375
3843,83.550000,3844,65847.816092250
3844,83.566667,3845,65847.832761166
3845,83.583333,3846,65847.849430250
3846,83.600000,3847,65847.866099166
3847,83.616667,3848,65847.882768166
3848,83.650000,3849,65847.916105958
3849,83.666667,3850,65847.932774916
3850,83.683333,3851,65847.949443916
3851,83.700000,3852,65847.966112750
3852,83.733333,3853,65847.999450666
3853,83.750000,3854,65848.016119666
3854,83.766667,3855,65848.032788708
3855,83.783333,3856,65848.049457500
3856,83.800000,3857,65848.066126416
3857,83.833333,3858,65848.099464458
3858,83.850000,3859,65848.116133250
3859,83.866667,3860,65848.132802208
3860,83.883333,3861,65848.149471250
3861,83.900000,3862,65848.166140208
3862,83.916667,3863,65848.182809166
3863,83.950000,3864,65848.216146916
3864,83.966667,3865,65848.232815958
3865,83.983333,3866,65848.249484958
3866,84.000000,3867,65848.266153750
3867,84.016667,3868,65848.282822750
3868,84.050000,3869,65848.316160750
3869,84.066667,3870,65848.332829583
3870,84.083333,3871,65848.349498541
3871,84.100000,3872,65848.366167500
3872,84.116667,3873,65848.382836500
3873,84.133333,3874,65848.399505375
3874,84.166667,3875,65848.432843166
3875,84.183333,3876,65848.449512208
3876,84.200000,3877,65848.466181291
3877,84.216667,3878,65848.482850041
3878,84.233333,3879,65848.499519041
3879,84.250000,3880,65848.516187958
3880,84.266667,3881,65848.532856958
3881,84.300000,3882,65848.566194750
3882,84.316667,3883,65848.582863791
3883,84.333333,3884,65848.599532666
3884,84.350000,3885,65848.616201708
3885,84.366667,3886,65848.632870541
3886,84.383333,3887,65848.649539458
3887,84.416667,3888,65848.682877541
3888,84.433333,3889,65848.699546416
3889,84.450000,3890,65848.716215250
3890,84.466667,3891,65848.732884291
3891,84.483333,3892,65848.749553208
3892,84.500000,3893,65848.766222250
3893,84.533333,3894,65848.799559958
3894,84.550000,3895,65848.816229000
3895,84.566667,3896,65848.832897958
3896,84.583333,3897,65848.849566958
3897,84.600000,3898,65848.866235750
3898,84.616667,3899,65848.882904750
3899,84.650000,3900,65848.916242666
3900,84.666667,3901,65848.932911458
3901,84.683333,3902,65848.949580458
3902,84.700000,3903,65848.966249500
3903,84.716667,3904,65848.982918458
3904,84.733333,3905,65848.999587375
3905,84.766667,3906,65849.032925166
3906,84.783333,3907,65849.049594208
3907,84.800000,3908,65849.066263250
3908,84.816667,3909,65849.082931958
3909,84.833333,3910,65849.099601000
3910,84.866667,3911,65849.132938958
3911,84.883333,3912,65849.149607916
3912,84.900000,3913,65849.166276750
3913,84.916667,3914,65849.182945666
3914,84.933333,3915,65849.199614708
3915,84.950000,3916,65849.216283708
3916,84.983333,3917,65849.249621458
3917,85.000000,3918,65849.266290416
3918,85.016667,3919,65849.282959458
3919,85.033333,3920,65849.299628458
3920,85.050000,3921,65849.316297291
3921,85.083333,3922,65849.349635250
3922,85.100000,3923,65849.366304166
3923,85.116667,3924,65849.382972916
3924,85.133333,3925,65849.399642000
3925,85.150000,3926,65849.416310958
3926,85.166667,3927,65849.432979916
3927,85.200000,3928,65849.466317750
3928,85.216667,3929,65849.482986750
3929,85.233333,3930,65849.499655750
3930,85.250000,3931,65849.516324708
3931,85.266667,3932,65849.532993500
3932,85.283333,3933,65849.549662500
3933,85.316667,3934,65849.583000416
3934,85.333333,3935,65849.599669458
3935,85.350000,3936,65849.616338166
3936,85.366667,3937,65849.633007166
3937,85.383333,3938,65849.649676250
3938,85.416667,3939,65849.683013958
3939,85.433333,3940,65849.699682916
3940,85.450000,3941,65849.716351958
3941,85.466667,3942,65849.733020958
3942,85.500000,3943,65849.766358750
3943,85.516667,3944,65849.783027708
3944,85.533333,3945,65849.799696625
3945,85.550000,3946,65849.816365708
3946,85.583333,3947,65849.849703458
3947,85.600000,3948,65849.866372333
3948,85.616667,3949,65849.883041458
3949,85.633333,3950,65849.899710250
3950,85.650000,3951,65849.916379208
3951,85.666667,3952,65849.933048208
3952,85.700000,3953,65849.966386125
3953,85.716667,3954,65849.983055000
3954,85.733333,3955,65849.999723916
3955,85.750000,3956,65850.016392958
3956,85.766667,3957,65850.033061916
3957,85.783333,3958,65850.049730750
3958,85.800000,3959,65850.066399708
3959,85.816667,3960,65850.083068708
3960,85.850000,3961,65850.116406625
3961,85.866667,3962,65850.133075416
3962,85.883333,3963,65850.149744458
3963,85.900000,3964,65850.166413416
3964,85.916667,3965,65850.183082375
3965,85.933333,3966,65850.199751208
3966,85.966667,3967,65850.233089083
3967,85.983333,3968,65850.249758125
3968,86.000000,3969,65850.266427125
3969,86.016667,3970,65850.283095916
3970,86.050000,3971,65850.316433916
3971,86.066667,3972,65850.333102833
3972,86.083333,3973,65850.349771625
3973,86.100000,3974,65850.366440666
3974,86.133333,3975,65850.399778583
3975,86.150000,3976,65850.416447583
3976,86.166667,3977,65850.433116416
3977,86.183333,3978,65850.449785375
3978,86.216667,3979,65850.483123333
3979,86.233333,3980,65850.499792166
3980,86.250000,3981,65850.516461125
3981,86.266667,3982,65850.533130125
3982,86.300000,3983,65850.566468041
3983,86.316667,3984,65850.583136875
3984,86.333333,3985,65850.599805833
3985,86.350000,3986,65850.616474875
3986,86.383333,3987,65850.649812625
3987,86.400000,3988,65850.666481583
3988,86.416667,3989,65850.683150541
3989,86.450000,3990,65850.716488500
3990,86.466667,3991,65850.733157333
3991,86.483333,3992,65850.749826250
3992,86.500000,3993,65850.766495333
3993,86.533333,3994,65850.799833125
3994,86.550000,3995,65850.816502083
3995,86.566667,3996,65850.833171000
3996,86.583333,3997,65850.849840083
3997,86.616667,3998,65850.883177791
3998,86.633333,3999,65850.899846791
3999,86.650000,4000,65850.916515750
4000,86.666667,4001,65850.933184750
4001,86.700000,4002,65850.966522458
4002,86.716667,4003,65850.983191541
4003,86.733333,4004,65850.999860541
4004,86.750000,4005,65851.016529458
4005,86.783333,4006,65851.049867291
4006,86.800000,4007,65851.066536166
4007,86.816667,4008,65851.083205208
4008,86.833333,4009,65851.099874000
4009,86.866667,4010,65851.133212000
4010,86.883333,4011,65851.149880958
4011,86.900000,4012,65851.166549750
4012,86.916667,4013,65851.183218791
4013,86.950000,4014,65851.216556750
4014,86.966667,4015,65851.233225750
4015,86.983333,4016,65851.249894541
4016,87.000000,4017,65851.266563500
4017,87.033333,4018,65851.299901416
4018,87.050000,4019,65851.316570250
4019,87.066667,4020,65851.333239250
4020,87.083333,4021,65851.349908166
4021,87.116667,4022,65851.383246208
4022,87.133333,4023,65851.399914958
4023,87.150000,4024,65851.416583958
4024,87.166667,4025,65851.433252958
4025,87.200000,4026,65851.466590750
4026,87.216667,4027,65851.483259666
4027,87.233333,4028,65851.499928625
4028,87.250000,4029,65851.516597625
4029,87.283333,4030,65851.549935416
4030,87.300000,4031,65851.566604416
4031,87.316667,4032,65851.583273458
4032,87.333333,4033,65851.599942375
4033,87.366667,4034,65851.633280166
4034,87.383333,4035,65851.649949125
4035,87.400000,4036,65851.666618125
4036,87.416667,4037,65851.683287125
4037,87.450000,4038,65851.716624875
4038,87.466667,4039,65851.733293791
4039,87.483333,4040,65851.749962916
4040,87.500000,4041,65851.766631666
4041,87.533333,4042,65851.799969583
4042,87.550000,4043,65851.816638583
4043,87.566667,4044,65851.833307500
4044,87.583333,4045,65851.849976333
4045,87.616667,4046,65851.883314291
4046,87.633333,4047,65851.899983333
4047,87.650000,4048,65851.916652125
4048,87.666667,4049,65851.933321041
4049,87.683333,4050,65851.949990083
4050,87.716667,4051,65851.983328041
4051,87.733333,4052,65851.999996750
4052,87.750000,4053,65852.016665791
4053,87.766667,4054,65852.033334750
4054,87.783333,4055,65852.050003791
4055,87.800000,4056,65852.066672583
4056,87.833333,4057,65852.100010541
4057,87.850000,4058,65852.116679458
4058,87.866667,4059,65852.133348458
4059,87.883333,4060,65852.150017291
4060,87.900000,4061,65852.166686166
4061,87.916667,4062,65852.183355166
4062,87.950000,4063,65852.216693041
4063,87.966667,4064,65852.233361958
4064,87.983333,4065,65852.250031000
4065,88.000000,4066,65852.266699916
4066,88.016667,4067,65852.283368958
4067,88.033333,4068,65852.300037750
4068,88.050000,4069,65852.316706750
4069,88.083333,4070,65852.350044625
4070,88.100000,4071,65852.366713458
4071,88.116667,4072,65852.383382458
4072,88.133333,4073,65852.400051500
4073,88.150000,4074,65852.416720416
4074,88.166667,4075,65852.433389416
4075,88.183333,4076,65852.450058208
4076,88.216667,4077,65852.483396208
4077,88.233333,4078,65852.500065125
4078,88.250000,4079,65852.516734000
4079,88.266667,4080,65852.533402875
4080,88.283333,4081,65852.550071916
4081,88.300000,4082,65852.566740875
4082,88.333333,4083,65852.600078625
4083,88.350000,4084,65852.616747583
4084,88.366667,4085,65852.633416666
4085,88.383333,4086,65852.650085583
4086,88.400000,4087,65852.666754416
4087,88.416667,4088,65852.683423375
4088,88.450000,4089,65852.716761291
4089,88.466667,4090,65852.733430166
4090,88.483333,4091,65852.750099125
4091,88.500000,4092,65852.766768083
4092,88.516667,4093,65852.783437125
4093,88.533333,4094,65852.800106041
4094,88.550000,4095,65852.816774875
4095,88.583333,4096,65852.850112833
4096,88.600000,4097,65852.866781833
4097,88.616667,4098,65852.883450541
4098,88.633333,4099,65852.900119583
4099,88.650000,4100,65852.916788500
4100,88.666667,4101,65852.933457583
4101,88.700000,4102,65852.966795333
4102,88.716667,4103,65852.983464291
4103,88.733333,4104,65853.000133166
4104,88.750000,4105,65853.016802208
4105,88.783333,4106,65853.050140041
4106,88.800000,4107,65853.066809000
4107,88.816667,4108,65853.083477958
4108,88.833333,4109,65853.100146958
4109,88.850000,4110,65853.116815750
4110,88.883333,4111,65853.150153708
4111,88.900000,4112,65853.166822708
4112,88.916667,4113,65853.183491458
4113,88.933333,4114,65853.200160458
4114,88.966667,4115,65853.233498375
4115,88.983333,4116,65853.250167375
4116,89.000000,4117,65853.266836208
4117,89.016667,4118,65853.283505166
4118,89.050000,4119,65853.316843083
4119,89.066667,4120,65853.333511916
4120,89.083333,4121,65853.350180833
4121,89.100000,4122,65853.366849916
4122,89.133333,4123,65853.400187875
4123,89.150000,4124,65853.416856625
4124,89.166667,4125,65853.433525583
4125,89.200000,4126,65853.466863583
4126,89.216667,4127,65853.483532416
4127,89.233333,4128,65853.500201333
4128,89.266667,4129,65853.533539250
4129,89.283333,4130,65853.550208291
4130,89.300000,4131,65853.566877083
4131,89.316667,4132,65853.583546083
4132,89.350000,4133,65853.616884000
4133,89.366667,4134,65853.633552833
4134,89.383333,4135,65853.650221750
4135,89.416667,4136,65853.683559750
4136,89.433333,4137,65853.700228750
4137,89.450000,4138,65853.716897500
4138,89.466667,4139,65853.733566458
4139,89.500000,4140,65853.766904458
4140,89.516667,4141,65853.783573250
4141,89.533333,4142,65853.800242250
4142,89.550000,4143,65853.816911166
4143,89.566667,4144,65853.833580166
4144,89.600000,4145,65853.866917916
4145,89.616667,4146,65853.883586958
4146,89.633333,4147,65853.900255958
4147,89.650000,4148,65853.916924916
4148,89.683333,4149,65853.950262666
4149,89.700000,4150,65853.966931583
4150,89.716667,4151,65853.983600625
4151,89.733333,4152,65854.000269458
4152,89.766667,4153,65854.033607375
4153,89.783333,4154,65854.050276375
4154,89.800000,4155,65854.066945375
4155,89.816667,4156,65854.083614125
4156,89.833333,4157,65854.100283083
4157,89.866667,4158,65854.133621125
4158,89.883333,4159,65854.150289916
4159,89.900000,4160,65854.166958833
4160,89.916667,4161,65854.183627833
4161,89.933333,4162,65854.200296750
4162,89.966667,4163,65854.233634625
4163,89.983333,4164,65854.250303583
4164,90.000000,4165,65854.266972500
4165,90.016667,4166,65854.283641458
4166,90.033333,4167,65854.300310291
4167,90.050000,4168,65854.316979250
4168,90.083333,4169,65854.350317250
4169,90.100000,4170,65854.366986208
4170,90.116667,4171,65854.383655083
4171,90.133333,4172,65854.400323958
4172,90.166667,4173,65854.433661916
4173,90.183333,4174,65854.450330791
4174,90.200000,4175,65854.466999708
4175,90.216667,4176,65854.483668708
4176,90.250000,4177,65854.517006666
4177,90.266667,4178,65854.533675375
4178,90.283333,4179,65854.550344416
4179,90.300000,4180,65854.567013458
4180,90.333333,4181,65854.600351208
4181,90.350000,4182,65854.617020166
4182,90.383333,4183,65854.650358125
4183,90.400000,4184,65854.667027083
4184,90.416667,4185,65854.683695875
4185,90.450000,4186,65854.717033833
4186,90.466667,4187,65854.733702791
4187,90.483333,4188,65854.750371583
4188,90.516667,4189,65854.783709583
4189,90.533333,4190,65854.800378583
4190,90.566667,4191,65854.833716333
4191,90.583333,4192,65854.850385291
4192,90.616667,4193,65854.883723291
4193,90.633333,4194,65854.900392041
4194,90.650000,4195,65854.917061041
4195,90.683333,4196,65854.950398916
4196,90.700000,4197,65854.967068000
4197,90.716667,4198,65854.983736708
4198,90.733333,4199,65855.000405708
4199,90.766667,4200,65855.033743625
4200,90.783333,4201,65855.050412416
4201,90.800000,4202,65855.067081416
4202,90.833333,4203,65855.100419416
4203,90.850000,4204,65855.117088333
4204,90.883333,4205,65855.150426125
4205,90.900000,4206,65855.167095083
4206,90.916667,4207,65855.183764083
4207,90.950000,4208,65855.217101833
4208,90.966667,4209,65855.233770791
4209,90.983333,4210,65855.250439833
4210,91.000000,4211,65855.267108833
4211,91.033333,4212,65855.300446583
4212,91.050000,4213,65855.317115583
4213,91.083333,4214,65855.350453375
4214,91.100000,4215,65855.367122208
4215,91.116667,4216,65855.383791250
4216,91.150000,4217,65855.417129041
4217,91.166667,4218,65855.433798041
4218,91.183333,4219,65855.450467041
4219,91.216667,4220,65855.483804958
4220,91.233333,4221,65855.500473791
4221,91.266667,4222,65855.533811750
4222,91.283333,4223,65855.550480708
4223,91.316667,4224,65855.583818375
4224,91.333333,4225,65855.600487375
4225,91.366667,4226,65855.633825375
4226,91.383333,4227,65855.650494208
4227,91.400000,4228,65855.667163125
4228,91.416667,4229,65855.683832166
4229,91.450000,4230,65855.717169916
4230,91.466667,4231,65855.733838833
4231,91.500000,4232,65855.767176791
4232,91.516667,4233,65855.783845708
4233,91.550000,4234,65855.817183541
4234,91.566667,4235,65855.833852541
4235,91.583333,4236,65855.850521541
4236,91.616667,4237,65855.883859291
4237,91.633333,4238,65855.900528208
4238,91.650000,4239,65855.917197250
4239,91.666667,4240,65855.933866166
4240,91.700000,4241,65855.967204000
4241,91.716667,4242,65855.983872958
4242,91.733333,4243,65856.000541958
4243,91.766667,4244,65856.033879708
4244,91.783333,4245,65856.050548666
4245,91.800000,4246,65856.067217708
4246,91.833333,4247,65856.100555416
4247,91.850000,4248,65856.117224416
4248,91.866667,4249,65856.133893333
4249,91.900000,4250,65856.167231125
4250,91.916667,4251,65856.183900083
4251,91.933333,4252,65856.200569041
4252,91.966667,4253,65856.233907000
4253,91.983333,4254,65856.250575833
4254,92.000000,4255,65856.267244833
4255,92.033333,4256,65856.300582750
4256,92.050000,4257,65856.317251625
4257,92.066667,4258,65856.333920541
4258,92.100000,4259,65856.367258500
4259,92.116667,4260,65856.383927500
4260,92.133333,4261,65856.400596291
4261,92.150000,4262,65856.417265250
4262,92.183333,4263,65856.450603166
4263,92.200000,4264,65856.467271958
4264,92.216667,4265,65856.483940958
4265,92.233333,4266,65856.500609958
4266,92.266667,4267,65856.533947833
4267,92.283333,4268,65856.550616666
4268,92.300000,4269,65856.567285583
4269,92.333333,4270,65856.600623625
4270,92.350000,4271,65856.617292416
4271,92.366667,4272,65856.633961333
4272,92.383333,4273,65856.650630333
4273,92.416667,4274,65856.683968166
4274,92.433333,4275,65856.700637166
4275,92.450000,4276,65856.717306083
4276,92.466667,4277,65856.733975041
4277,92.500000,4278,65856.767312833
4278,92.516667,4279,65856.783981750
4279,92.533333,4280,65856.800650750
4280,92.550000,4281,65856.817319750
4281,92.583333,4282,65856.850657500
4282,92.600000,4283,65856.867326416
4283,92.616667,4284,65856.883995500
4284,92.633333,4285,65856.900664416
4285,92.666667,4286,65856.934002250
4286,92.683333,4287,65856.950671166
4287,92.700000,4288,65856.967340083
4288,92.716667,4289,65856.984008958
4289,92.733333,4290,65857.000677916
4290,92.766667,4291,65857.034015916
4291,92.783333,4292,65857.050684875
4292,92.800000,4293,65857.067353625
4293,92.816667,4294,65857.084022625
4294,92.833333,4295,65857.100691625
4295,92.866667,4296,65857.134029375
4296,92.883333,4297,65857.150698250
4297,92.900000,4298,65857.167367291
4298,92.916667,4299,65857.184036291
4299,92.950000,4300,65857.217374083
4300,92.966667,4301,65857.234043083
4301,92.983333,4302,65857.250712000
4302,93.000000,4303,65857.267380958
4303,93.033333,4304,65857.300718666
4304,93.050000,4305,65857.317387708
4305,93.066667,4306,65857.334056666
4306,93.083333,4307,65857.350725708
4307,93.116667,4308,65857.384063500
4308,93.133333,4309,65857.400732458
4309,93.150000,4310,65857.417401375
4310,93.166667,4311,65857.434070166
4311,93.200000,4312,65857.467408166
4312,93.216667,4313,65857.484077083
4313,93.233333,4314,65857.500746041
4314,93.250000,4315,65857.517414875
4315,93.266667,4316,65857.534083875
4316,93.300000,4317,65857.567421791
4317,93.316667,4318,65857.584090583
4318,93.333333,4319,65857.600759500
4319,93.366667,4320,65857.634097541
4320,93.383333,4321,65857.650766458
4321,93.400000,4322,65857.667435291
4322,93.416667,4323,65857.684104250
4323,93.450000,4324,65857.717442250
4324,93.466667,4325,65857.734110958
4325,93.483333,4326,65857.750779958
4326,93.500000,4327,65857.767449000
4327,93.533333,4328,65857.800786875
4328,93.550000,4329,65857.817455708
4329,93.566667,4330,65857.834124583
4330,93.583333,4331,65857.850793583
4331,93.616667,4332,65857.884131458
4332,93.633333,4333,65857.900800375
4333,93.650000,4334,65857.917469375
4334,93.683333,4335,65857.950807291
4335,93.700000,4336,65857.967476125
4336,93.716667,4337,65857.984145041
4337,93.733333,4338,65858.000814083
4338,93.766667,4339,65858.034151833
4339,93.783333,4340,65858.050820791
4340,93.800000,4341,65858.067489708
4341,93.833333,4342,65858.100827750
4342,93.850000,4343,65858.117496541
4343,93.866667,4344,65858.134165458
4344,93.900000,4345,65858.167503458
4345,93.916667,4346,65858.184172250
4346,93.933333,4347,65858.200841208
4347,93.950000,4348,65858.217510208
4348,93.983333,4349,65858.250847958
4349,94.000000,4350,65858.267516958
4350,94.016667,4351,65858.284185916
4351,94.050000,4352,65858.317523833
4352,94.066667,4353,65858.334192666
4353,94.083333,4354,65858.350861625
4354,94.116667,4355,65858.384199625
4355,94.133333,4356,65858.400868416
4356,94.150000,4357,65858.417537250
4357,94.183333,4358,65858.450875291
4358,94.200000,4359,65858.467544208
4359,94.216667,4360,65858.484213041
4360,94.250000,4361,65858.517551041
4361,94.266667,4362,65858.534220000
4362,94.283333,4363,65858.550888791
4363,94.300000,4364,65858.567557666
4364,94.333333,4365,65858.600895708
4365,94.350000,4366,65858.617564625
4366,94.383333,4367,65858.650902333
4367,94.400000,4368,65858.667571416
4368,94.416667,4369,65858.684240375
4369,94.450000,4370,65858.717578166
4370,94.466667,4371,65858.734247166
4371,94.483333,4372,65858.750916083
4372,94.516667,4373,65858.784253791
4373,94.533333,4374,65858.800922750
4374,94.550000,4375,65858.817591833
4375,94.583333,4376,65858.850929583
4376,94.600000,4377,65858.867598541
4377,94.616667,4378,65858.884267500
4378,94.650000,4379,65858.917605416
4379,94.666667,4380,65858.934274291
4380,94.683333,4381,65858.950943250
4381,94.700000,4382,65858.967612250
4382,94.716667,4383,65858.984281125
4383,94.750000,4384,65859.017618916
4384,94.766667,4385,65859.034287875
4385,94.800000,4386,65859.067625875
4386,94.816667,4387,65859.084294583
4387,94.833333,4388,65859.100963541
4388,94.866667,4389,65859.134301500
4389,94.883333,4390,65859.150970333
4390,94.900000,4391,65859.167639250
4391,94.916667,4392,65859.184308333
4392,94.950000,4393,65859.217646208
4393,94.966667,4394,65859.234315000
4394,94.983333,4395,65859.250983958
4395,95.016667,4396,65859.284321875
4396,95.033333,4397,65859.300990708
4397,95.050000,4398,65859.317659750
4398,95.083333,4399,65859.350997625
4399,95.100000,4400,65859.367666625
4400,95.116667,4401,65859.384335375
4401,95.133333,4402,65859.401004333
4402,95.166667,4403,65859.434342250
4403,95.183333,4404,65859.451011125
4404,95.200000,4405,65859.467680083
4405,95.233333,4406,65859.501018041
4406,95.250000,4407,65859.517686958
4407,95.266667,4408,65859.534355833
4408,95.300000,4409,65859.567693750
4409,95.316667,4410,65859.584362708
4410,95.333333,4411,65859.601031541
4411,95.366667,4412,65859.634369458
4412,95.383333,4413,65859.651038416
4413,95.400000,4414,65859.667707208
4414,95.433333,4415,65859.701045125
4415,95.466667,4416,65859.734383166
4416,95.483333,4417,65859.751051916
4417,95.516667,4418,65859.784389875
4418,95.533333,4419,65859.801058791
4419,95.550000,4420,65859.817727625
4420,95.583333,4421,65859.851065583
4421,95.600000,4422,65859.867734541
4422,95.633333,4423,65859.901072291
4423,95.650000,4424,65859.917741208
4424,95.666667,4425,65859.934410250
4425,95.683333,4426,65859.951079250
4426,95.716667,4427,65859.984417000
4427,95.733333,4428,65860.001085958
4428,95.766667,4429,65860.034423875
4429,95.783333,4430,65860.051092708
4430,95.800000,4431,65860.067761666
4431,95.833333,4432,65860.101099541
4432,95.850000,4433,65860.117768375
4433,95.883333,4434,65860.151106333
4434,95.900000,4435,65860.167775333
4435,95.933333,4436,65860.201113083
4436,95.950000,4437,65860.217782041
4437,95.966667,4438,65860.234451000
4438,96.000000,4439,65860.267788833
4439,96.016667,4440,65860.284457750
4440,96.050000,4441,65860.317795750
4441,96.066667,4442,65860.334464708
4442,96.100000,4443,65860.367802458
4443,96.116667,4444,65860.384471416
4444,96.133333,4445,65860.401140416
4445,96.166667,4446,65860.434478125
4446,96.183333,4447,65860.451147041
4447,96.216667,4448,65860.484485083
4448,96.233333,4449,65860.501153791
4449,96.266667,4450,65860.534491750
4450,96.283333,4451,65860.551160791
4451,96.316667,4452,65860.584498583
4452,96.333333,4453,65860.601167500
4453,96.366667,4454,65860.634505375
4454,96.383333,4455,65860.651174208
4455,96.400000,4456,65860.667843208
4456,96.433333,4457,65860.701181125
4457,96.450000,4458,65860.717849916
4458,96.483333,4459,65860.751187875
4459,96.500000,4460,65860.767856833
4460,96.533333,4461,65860.801194583
4461,96.550000,4462,65860.817863583
4462,96.583333,4463,65860.851201500
4463,96.600000,4464,65860.867870333
4464,96.633333,4465,65860.901208333
4465,96.650000,4466,65860.917877208
4466,96.683333,4467,65860.951215041
4467,96.700000,4468,65860.967883958
4468,96.733333,4469,65861.001221875
4469,96.750000,4470,65861.017890750
4470,96.783333,4471,65861.051228708
4471,96.800000,4472,65861.067897583
4472,96.833333,4473,65861.101235416
4473,96.850000,4474,65861.117904375
4474,96.883333,4475,65861.151242333
4475,96.900000,4476,65861.167911083
4476,96.933333,4477,65861.201249000
4477,96.950000,4478,65861.217917875
4478,96.983333,4479,65861.251255833
4479,97.000000,4480,65861.267924750
4480,97.033333,4481,65861.301262708
4481,97.050000,4482,65861.317931416
4482,97.083333,4483,65861.351269375
4483,97.100000,4484,65861.367938458
4484,97.133333,4485,65861.401276083
4485,97.150000,4486,65861.417945125
4486,97.183333,4487,65861.451283000
4487,97.200000,4488,65861.467951833
4488,97.233333,4489,65861.501289750
4489,97.250000,4490,65861.517958750
4490,97.283333,4491,65861.551296541
4491,97.300000,4492,65861.567965500
4492,97.333333,4493,65861.601303375
4493,97.350000,4494,65861.617972166
4494,97.383333,4495,65861.651310208
4495,97.400000,4496,65861.667979125
4496,97.433333,4497,65861.701316916
4497,97.450000,4498,65861.717985875
4498,97.483333,4499,65861.751323791
4499,97.500000,4500,65861.767992625
4500,97.533333,4501,65861.801330500
4501,97.550000,4502,65861.817999541
4502,97.566667,4503,65861.834668291
4503,97.583333,4504,65861.851337208
4504,97.600000,4505,65861.868006250
4505,97.633333,4506,65861.901344166
4506,97.650000,4507,65861.918012916
4507,97.683333,4508,65861.951350958
4508,97.700000,4509,65861.968019916
4509,97.733333,4510,65862.001357625
4510,97.750000,4511,65862.018026708
4511,97.783333,4512,65862.051364541
4512,97.800000,4513,65862.068033375
4513,97.833333,4514,65862.101371291
4514,97.850000,4515,65862.118040250
4515,97.866667,4516,65862.134709041
4516,97.900000,4517,65862.168047000
4517,97.916667,4518,65862.184716000
4518,97.933333,4519,65862.201384958
4519,97.950000,4520,65862.218053750
4520,97.983333,4521,65862.251391666
4521,98.000000,4522,65862.268060666
4522,98.016667,4523,65862.284729458
4523,98.050000,4524,65862.318067250
4524,98.066667,4525,65862.334736333
4525,98.100000,4526,65862.368074083
4526,98.116667,4527,65862.384743125
4527,98.150000,4528,65862.418081000
4528,98.166667,4529,65862.434749791
4529,98.200000,4530,65862.468087666
4530,98.216667,4531,65862.484756708
4531,98.233333,4532,65862.501425500
4532,98.266667,4533,65862.534763458
4533,98.283333,4534,65862.551432416
4534,98.316667,4535,65862.584770208
4535,98.333333,4536,65862.601439208
4536,98.366667,4537,65862.634777125
4537,98.383333,4538,65862.651445875
4538,98.416667,4539,65862.684783791
4539,98.433333,4540,65862.701452791
4540,98.466667,4541,65862.734790500
4541,98.483333,4542,65862.751459541
4542,98.516667,4543,65862.784797458
4543,98.533333,4544,65862.801466208
4544,98.566667,4545,65862.834804208
4545,98.583333,4546,65862.851473125
4546,98.616667,4547,65862.884810875
4547,98.633333,4548,65862.901479875
4548,98.666667,4549,65862.934817833
4549,98.683333,4550,65862.951486625
4550,98.700000,4551,65862.968155583
4551,98.733333,4552,65863.001493541
4552,98.750000,4553,65863.018162500
4553,98.783333,4554,65863.051500250
4554,98.800000,4555,65863.068169250
4555,98.833333,4556,65863.101507000
4556,98.850000,4557,65863.118175875
4557,98.883333,4558,65863.151513875
4558,98.900000,4559,65863.168182833
4559,98.916667,4560,65863.184851625
4560,98.950000,4561,65863.218189625
4561,98.983333,4562,65863.251527333
4562,99.000000,4563,65863.268196291
4563,99.016667,4564,65863.284865291
4564,99.050000,4565,65863.318203250
4565,99.066667,4566,65863.334872000
4566,99.100000,4567,65863.368209958
4567,99.116667,4568,65863.384878916
4568,99.150000,4569,65863.418216708
4569,99.166667,4570,65863.434885583
4570,99.200000,4571,65863.468223583
4571,99.216667,4572,65863.484892416
4572,99.250000,4573,65863.518230333
4573,99.266667,4574,65863.534899333
4574,99.283333,4575,65863.551568125
4575,99.316667,4576,65863.584906041
4576,99.333333,4577,65863.601575000
4577,99.366667,4578,65863.634912708
4578,99.383333,4579,65863.651581750
4579,99.416667,4580,65863.684919750
4580,99.433333,4581,65863.701588416
4581,99.466667,4582,65863.734926375
4582,99.483333,4583,65863.751595375
4583,99.500000,4584,65863.768264375
4584,99.516667,4585,65863.784933125
4585,99.550000,4586,65863.818271041
4586,99.566667,4587,65863.834940083
4587,99.600000,4588,65863.868277750
4588,99.616667,4589,65863.884946791
4589,99.633333,4590,65863.901615708
4590,99.650000,4591,65863.918284583
4591,99.683333,4592,65863.951622541
4592,99.700000,4593,65863.968291375
4593,99.716667,4594,65863.984960458
4594,99.750000,4595,65864.018298166
4595,99.766667,4596,65864.034967083
4596,99.800000,4597,65864.068304916
4597,99.816667,4598,65864.084973833
4598,99.833333,4599,65864.101642791
4599,99.866667,4600,65864.134980750
4600,99.883333,4601,65864.151649541
4601,99.916667,4602,65864.184987541
4602,99.933333,4603,65864.201656458
4603,99.950000,4604,65864.218325250
4604,99.983333,4605,65864.251663208
4605,100.000000,4606,65864.268332166
4606,100.016667,4607,65864.285001125
4607,100.050000,4608,65864.318338875
4608,100.066667,4609,65864.335007875
4609,100.083333,4610,65864.351676875
4610,100.116667,4611,65864.385014583
4611,100.133333,4612,65864.401683583
4612,100.150000,4613,65864.418352541
4613,100.183333,4614,65864.451690291
4614,100.200000,4615,65864.468359208
4615,100.216667,4616,65864.485028166
4616,100.250000,4617,65864.518366000
4617,100.266667,4618,65864.535034958
4618,100.283333,4619,65864.551703916
4619,100.316667,4620,65864.585041833
4620,100.333333,4621,65864.601710583
4621,100.350000,4622,65864.618379666
4622,100.366667,4623,65864.635048541
4623,100.400000,4624,65864.668386375
4624,100.416667,4625,65864.685055291
4625,100.433333,4626,65864.701724291
4626,100.466667,4627,65864.735062250
4627,100.483333,4628,65864.751731041
4628,100.500000,4629,65864.768400000
4629,100.516667,4630,65864.785068958
4630,100.550000,4631,65864.818406708
4631,100.566667,4632,65864.835075666
4632,100.583333,4633,65864.851744666
4633,100.600000,4634,65864.868413625
4634,100.616667,4635,65864.885082541
4635,100.650000,4636,65864.918420375
4636,100.666667,4637,65864.935089250
4637,100.683333,4638,65864.951758291
4638,100.716667,4639,65864.985096000
4639,100.733333,4640,65865.001764958
4640,100.750000,4641,65865.018434000
4641,100.783333,4642,65865.051771750
4642,100.800000,4643,65865.068440708
4643,100.816667,4644,65865.085109666
4644,100.850000,4645,65865.118447458
4645,100.866667,4646,65865.135116375
4646,100.900000,4647,65865.168454333
4647,100.916667,4648,65865.185123291
4648,100.933333,4649,65865.201792125
4649,100.966667,4650,65865.235130041
4650,100.983333,4651,65865.251799000
4651,101.000000,4652,65865.268467791
4652,101.033333,4653,65865.301805750
4653,101.050000,4654,65865.318474708
4654,101.066667,4655,65865.335143458
4655,101.100000,4656,65865.368481375
4656,101.116667,4657,65865.385150375
4657,101.150000,4658,65865.418488083
4658,101.166667,4659,65865.435157041
4659,101.183333,4660,65865.451826083
4660,101.216667,4661,65865.485164000
4661,101.233333,4662,65865.501832791
4662,101.266667,4663,65865.535170750
4663,101.283333,4664,65865.551839666
4664,101.300000,4665,65865.568508416
4665,101.316667,4666,65865.585177458
4666,101.350000,4667,65865.618515416
4667,101.366667,4668,65865.635184041
4668,101.400000,4669,65865.668522083
4669,101.416667,4670,65865.685191083
4670,101.450000,4671,65865.718528791
4671,101.466667,4672,65865.735197791
4672,101.483333,4673,65865.751866791
4673,101.516667,4674,65865.785204541
4674,101.533333,4675,65865.801873500
4675,101.566667,4676,65865.835211458
4676,101.583333,4677,65865.851880375
4677,101.600000,4678,65865.868549166
4678,101.633333,4679,65865.901887125
4679,101.650000,4680,65865.918556125
4680,101.683333,4681,65865.951893833
4681,101.700000,4682,65865.968562791
4682,101.716667,4683,65865.985231791
4683,101.750000,4684,65866.018569541
4684,101.766667,4685,65866.035238500
4685,101.783333,4686,65866.051907375
4686,101.800000,4687,65866.068576416
4687,101.816667,4688,65866.085245250
4688,101.850000,4689,65866.118583208
4689,101.866667,4690,65866.135252125
4690,101.900000,4691,65866.168589833
4691,101.916667,4692,65866.185258833
4692,101.950000,4693,65866.218596791
4693,101.966667,4694,65866.235265541
4694,102.000000,4695,65866.268603500
4695,102.016667,4696,65866.285272458
4696,102.033333,4697,65866.301941333
4697,102.066667,4698,65866.335279083
4698,102.083333,4699,65866.351948166
4699,102.100000,4700,65866.368617083
4700,102.133333,4701,65866.401954875
4701,102.150000,4702,65866.418623833
4702,102.166667,4703,65866.435292750
4703,102.200000,4704,65866.468630583
4704,102.216667,4705,65866.485299500
4705,102.233333,4706,65866.501968500
4706,102.266667,4707,65866.535306166
4707,102.283333,4708,65866.551975250
4708,102.300000,4709,65866.568644166
4709,102.333333,4710,65866.601982083
4710,102.350000,4711,65866.618650875
4711,102.366667,4712,65866.635319833
4712,102.400000,4713,65866.668657750
4713,102.416667,4714,65866.685326583
4714,102.433333,4715,65866.701995583
4715,102.466667,4716,65866.735333458
4716,102.483333,4717,65866.752002250
4717,102.500000,4718,65866.768671166
4718,102.516667,4719,65866.785340208
4719,102.550000,4720,65866.818678125
4720,102.566667,4721,65866.835346916
4721,102.600000,4722,65866.868684875
4722,102.616667,4723,65866.885353875
4723,102.633333,4724,65866.902022791
4724,102.666667,4725,65866.935360583
4725,102.683333,4726,65866.952029541
4726,102.700000,4727,65866.968698500
4727,102.716667,4728,65866.985367291
4728,102.750000,4729,65867.018705208
4729,102.766667,4730,65867.035374166
4730,102.783333,4731,65867.052042958
4731,102.800000,4732,65867.068711916
4732,102.833333,4733,65867.102049833
4733,102.850000,4734,65867.118718833
4734,102.866667,4735,65867.135387583
4735,102.883333,4736,65867.152056541
4736,102.916667,4737,65867.185394500
4737,102.933333,4738,65867.202063291
4738,102.950000,4739,65867.218732250
4739,102.966667,4740,65867.235401250
4740,103.000000,4741,65867.268739125
4741,103.016667,4742,65867.285407958
4742,103.033333,4743,65867.302076916
4743,103.066667,4744,65867.335414791
4744,103.083333,4745,65867.352083625
4745,103.100000,4746,65867.368752541
4746,103.116667,4747,65867.385421500
4747,103.150000,4748,65867.418759458
4748,103.166667,4749,65867.435428291
4749,103.183333,4750,65867.452097208
4750,103.216667,4751,65867.485435208
4751,103.233333,4752,65867.502103916
4752,103.250000,4753,65867.518772916
4753,103.266667,4754,65867.535441875
4754,103.300000,4755,65867.568779791
4755,103.316667,4756,65867.585448625
4756,103.333333,4757,65867.602117541
4757,103.366667,4758,65867.635455541
4758,103.383333,4759,65867.652124291
4759,103.400000,4760,65867.668793291
4760,103.416667,4761,65867.685462250
4761,103.450000,4762,65867.718800166
4762,103.466667,4763,65867.735468916
4763,103.483333,4764,65867.752137916
4764,103.500000,4765,65867.768806916
4765,103.533333,4766,65867.802144625
4766,103.550000,4767,65867.818813625
4767,103.566667,4768,65867.835482541
4768,103.600000,4769,65867.868820458
4769,103.616667,4770,65867.885489291
4770,103.633333,4771,65867.902158291
4771,103.650000,4772,65867.918827208
4772,103.683333,4773,65867.952164958
4773,103.700000,4774,65867.968833958
4774,103.716667,4775,65867.985502916
4775,103.750000,4776,65868.018840833
4776,103.766667,4777,65868.035509583
4777,103.783333,4778,65868.052178583
4778,103.800000,4779,65868.068847583
4779,103.833333,4780,65868.102185333
4780,103.850000,4781,65868.118854291
4781,103.866667,4782,65868.135523166
4782,103.883333,4783,65868.152192166
4783,103.900000,4784,65868.168860958
4784,103.933333,4785,65868.202198958
4785,103.950000,4786,65868.218867916
4786,103.966667,4787,65868.235536791
4787,103.983333,4788,65868.252205666
4788,104.000000,4789,65868.268874541
4789,104.016667,4790,65868.285543583
4790,104.050000,4791,65868.318881458
4791,104.066667,4792,65868.335550250
4792,104.083333,4793,65868.352219250
4793,104.100000,4794,65868.368888208
4794,104.116667,4795,65868.385557125
4795,104.150000,4796,65868.418894875
4796,104.166667,4797,65868.435563875
4797,104.183333,4798,65868.452232833
4798,104.200000,4799,65868.468901583
4799,104.216667,4800,65868.485570625
4800,104.233333,4801,65868.502239541
4801,104.250000,4802,65868.518908541
4802,104.283333,4803,65868.552246250
4803,104.300000,4804,65868.568915208
4804,104.316667,4805,65868.585584250
4805,104.333333,4806,65868.602253083
4806,104.350000,4807,65868.618921958
4807,104.383333,4808,65868.652259833
4808,104.400000,4809,65868.668928791
4809,104.416667,4810,65868.685597791
4810,104.433333,4811,65868.702266583
4811,104.450000,4812,65868.718935583
4812,104.466667,4813,65868.735604541
4813,104.500000,4814,65868.768942208
4814,104.516667,4815,65868.785611250
4815,104.533333,4816,65868.802280166
4816,104.550000,4817,65868.818949208
4817,104.566667,4818,65868.835618083
4818,104.583333,4819,65868.852286916
4819,104.600000,4820,65868.868955875
4820,104.616667,4821,65868.885624791
4821,104.650000,4822,65868.918962583
4822,104.666667,4823,65868.935631541
4823,104.683333,4824,65868.952300541
4824,104.700000,4825,65868.968969416
4825,104.716667,4826,65868.985638416
4826,104.750000,4827,65869.018976208
4827,104.766667,4828,65869.035645166
4828,104.783333,4829,65869.052314041
4829,104.800000,4830,65869.068982916
4830,104.816667,4831,65869.085651791
4831,104.833333,4832,65869.102320750
4832,104.866667,4833,65869.135658708
4833,104.883333,4834,65869.152327541
4834,104.900000,4835,65869.168996541
4835,104.916667,4836,65869.185665416
4836,104.933333,4837,65869.202334375
4837,104.966667,4838,65869.235672125
4838,104.983333,4839,65869.252341083
4839,105.000000,4840,65869.269010041
4840,105.016667,4841,65869.285679000
4841,105.050000,4842,65869.319016791
4842,105.066667,4843,65869.335685750
4843,105.083333,4844,65869.352354708
4844,105.100000,4845,65869.369023541
4845,105.116667,4846,65869.385692416
4846,105.150000,4847,65869.419030375
4847,105.166667,4848,65869.435699125
4848,105.183333,4849,65869.452368166
4849,105.200000,4850,65869.469037041
4850,105.216667,4851,65869.485706083
4851,105.233333,4852,65869.502375000
4852,105.266667,4853,65869.535712791
4853,105.283333,4854,65869.552381708
4854,105.300000,4855,65869.569050666
4855,105.316667,4856,65869.585719416
4856,105.333333,4857,65869.602388458
4857,105.350000,4858,65869.619057333
4858,105.366667,4859,65869.635726291
4859,105.400000,4860,65869.669064041
4860,105.416667,4861,65869.685733083
4861,105.433333,4862,65869.702401958
4862,105.450000,4863,65869.719070916
4863,105.466667,4864,65869.735739791
4864,105.483333,4865,65869.752408708
4865,105.500000,4866,65869.769077666
4866,105.516667,4867,65869.785746625
4867,105.550000,4868,65869.819084375
4868,105.566667,4869,65869.835753375
4869,105.583333,4870,65869.852422250
4870,105.600000,4871,65869.869091291
4871,105.616667,4872,65869.885760041
4872,105.633333,4873,65869.902428958
4873,105.666667,4874,65869.935767000
4874,105.683333,4875,65869.952435916
4875,105.700000,4876,65869.969104708
4876,105.716667,4877,65869.985773666
4877,105.733333,4878,65870.002442625
4878,105.750000,4879,65870.019111541
4879,105.783333,4880,65870.052449291
4880,105.800000,4881,65870.069118291
4881,105.816667,4882,65870.085787208
4882,105.833333,4883,65870.102456208
4883,105.850000,4884,65870.119124958
4884,105.866667,4885,65870.135793958
4885,105.900000,4886,65870.169131833
4886,105.916667,4887,65870.185800625
4887,105.933333,4888,65870.202469583
4888,105.950000,4889,65870.219138541
4889,105.966667,4890,65870.235807541
4890,106.000000,4891,65870.269145208
4891,106.016667,4892,65870.285814208
4892,106.033333,4893,65870.302483208
4893,106.050000,4894,65870.319152125
4894,106.066667,4895,65870.335820958
4895,106.100000,4896,65870.369158875
4896,106.116667,4897,65870.385827750
4897,106.133333,4898,65870.402496791
4898,106.150000,4899,65870.419165500
4899,106.166667,4900,65870.435834500
4900,106.183333,4901,65870.452503458
4901,106.200000,4902,65870.469172458
4902,106.233333,4903,65870.502510125
4903,106.250000,4904,65870.519179125
4904,106.266667,4905,65870.535848083
4905,106.283333,4906,65870.552516958
4906,106.300000,4907,65870.569185833
4907,106.333333,4908,65870.602523708
4908,106.350000,4909,65870.619192708
4909,106.366667,4910,65870.635861500
4910,106.383333,4911,65870.652530458
4911,106.400000,4912,65870.669199458
4912,106.433333,4913,65870.702537291
4913,106.450000,4914,65870.719206166
4914,106.466667,4915,65870.735875083
4915,106.483333,4916,65870.752543958
4916,106.516667,4917,65870.785881750
4917,106.533333,4918,65870.802550750
4918,106.550000,4919,65870.819219625
4919,106.566667,4920,65870.835888666
4920,106.583333,4921,65870.852557583
4921,106.616667,4922,65870.885895333
4922,106.633333,4923,65870.902564333
4923,106.650000,4924,65870.919233291
4924,106.683333,4925,65870.952570958
4925,106.700000,4926,65870.969240000
4926,106.716667,4927,65870.985908958
4927,106.733333,4928,65871.002577708
4928,106.766667,4929,65871.035915625
4929,106.783333,4930,65871.052584541
4930,106.800000,4931,65871.069253541
4931,106.833333,4932,65871.102591333
4932,106.850000,4933,65871.119260250
4933,106.866667,4934,65871.135929166
4934,106.900000,4935,65871.169266958
4935,106.916667,4936,65871.185935958
4936,106.933333,4937,65871.202604875
4937,106.966667,4938,65871.235942583
4938,106.983333,4939,65871.252611500
4939,107.000000,4940,65871.269280541
4940,107.016667,4941,65871.285949458
4941,107.050000,4942,65871.319287250
4942,107.066667,4943,65871.335956166
4943,107.083333,4944,65871.352625166
4944,107.116667,4945,65871.385962875
4945,107.133333,4946,65871.402631791
4946,107.166667,4947,65871.435969750
4947,107.183333,4948,65871.452638500
4948,107.200000,4949,65871.469307541
4949,107.233333,4950,65871.502645416
4950,107.250000,4951,65871.519314291
4951,107.283333,4952,65871.552652125
4952,107.300000,4953,65871.569321125
4953,107.333333,4954,65871.602658833
4954,107.350000,4955,65871.619327750
4955,107.366667,4956,65871.635996666
4956,107.400000,4957,65871.669334666
4957,107.416667,4958,65871.686003500
4958,107.450000,4959,65871.719341375
4959,107.466667,4960,65871.736010333
4960,107.500000,4961,65871.769348083
4961,107.533333,4962,65871.802686000
4962,107.550000,4963,65871.819354916
4963,107.566667,4964,65871.836023708
4964,107.600000,4965,65871.869361666
4965,107.616667,4966,65871.886030625
4966,107.650000,4967,65871.919368291
4967,107.666667,4968,65871.936037291
4968,107.700000,4969,65871.969375166
4969,107.716667,4970,65871.986043958
4970,107.750000,4971,65872.019381916
4971,107.766667,4972,65872.036050875
4972,107.800000,4973,65872.069388625
4973,107.816667,4974,65872.086057541
4974,107.833333,4975,65872.102726458
4975,107.850000,4976,65872.119395416
4976,107.883333,4977,65872.152733166
4977,107.900000,4978,65872.169402166
4978,107.916667,4979,65872.186071125
4979,107.933333,4980,65872.202739916
4980,107.966667,4981,65872.236077833
4981,107.983333,4982,65872.252746750
4982,108.016667,4983,65872.286084500
4983,108.033333,4984,65872.302753458
4984,108.050000,4985,65872.319422375
4985,108.083333,4986,65872.352760166
4986,108.100000,4987,65872.369429125
4987,108.133333,4988,65872.402767041
4988,108.150000,4989,65872.419435791
4989,108.183333,4990,65872.452773791
4990,108.200000,4991,65872.469442708
4991,108.216667,4992,65872.486111666
4992,108.250000,4993,65872.519449333
4993,108.266667,4994,65872.536118375
4994,108.300000,4995,65872.569456125
4995,108.316667,4996,65872.586125000
4996,108.350000,4997,65872.619463000
4997,108.366667,4998,65872.636131916
4998,108.383333,4999,65872.652800750
4999,108.416667,5000,65872.686138625
5000,108.433333,5001,65872.702807541
5001,108.450000,5002,65872.719476333
5002,108.483333,5003,65872.752814291
5003,108.500000,5004,65872.769483208
5004,108.533333,5005,65872.802820916
5005,108.550000,5006,65872.819489916
5006,108.566667,5007,65872.836158916
5007,108.600000,5008,65872.869496625
5008,108.616667,5009,65872.886165541
5009,108.650000,5010,65872.919503458
5010,108.666667,5011,65872.936172500
5011,108.700000,5012,65872.969510208
5012,108.716667,5013,65872.986179166
5013,108.733333,5014,65873.002848125
5014,108.766667,5015,65873.036185833
5015,108.783333,5016,65873.052854833
5016,108.816667,5017,65873.086192750
5017,108.833333,5018,65873.102861500
5018,108.850000,5019,65873.119530458
5019,108.883333,5020,65873.152868375
5020,108.900000,5021,65873.169537166
5021,108.916667,5022,65873.186206083
5022,108.950000,5023,65873.219543958
5023,108.966667,5024,65873.236213000
5024,109.000000,5025,65873.269550750
5025,109.016667,5026,65873.286219708
5026,109.033333,5027,65873.302888625
5027,109.050000,5028,65873.319557375
5028,109.083333,5029,65873.352895375
5029,109.100000,5030,65873.369564250
5030,109.116667,5031,65873.386233250
5031,109.150000,5032,65873.419571041
5032,109.166667,5033,65873.436239958
5033,109.200000,5034,65873.469577750
5034,109.216667,5035,65873.486246625
5035,109.233333,5036,65873.502915583
5036,109.266667,5037,65873.536253500
5037,109.283333,5038,65873.552922291
5038,109.300000,5039,65873.569591291
5039,109.333333,5040,65873.602929125
5040,109.350000,5041,65873.619598000
5041,109.366667,5042,65873.636266916
5042,109.400000,5043,65873.669604833
5043,109.416667,5044,65873.686273750
5044,109.433333,5045,65873.702942500
5045,109.450000,5046,65873.719611500
5046,109.483333,5047,65873.752949458
5047,109.500000,5048,65873.769618208
5048,109.516667,5049,65873.786287208
5049,109.533333,5050,65873.802956125
5050,109.550000,5051,65873.819625041
5051,109.566667,5052,65873.836293833
5052,109.600000,5053,65873.869631791
5053,109.616667,5054,65873.886300750
5054,109.633333,5055,65873.902969708
5055,109.650000,5056,65873.919638416
5056,109.683333,5057,65873.952976416
5057,109.700000,5058,65873.969645333
5058,109.716667,5059,65873.986314291
5059,109.733333,5060,65874.002983125
5060,109.766667,5061,65874.036321000
5061,109.783333,5062,65874.052989958
5062,109.800000,5063,65874.069658708
5063,109.833333,5064,65874.102996625
5064,109.850000,5065,65874.119665583
5065,109.866667,5066,65874.136334375
5066,109.900000,5067,65874.169672291
5067,109.916667,5068,65874.186341291
5068,109.933333,5069,65874.203010208
5069,109.966667,5070,65874.236347916
5070,109.983333,5071,65874.253016875
5071,110.000000,5072,65874.269685875
5072,110.033333,5073,65874.303023583
5073,110.050000,5074,65874.319692583
5074,110.066667,5075,65874.336361500
5075,110.100000,5076,65874.369699250
5076,110.116667,5077,65874.386368208
5077,110.133333,5078,65874.403037166
5078,110.166667,5079,65874.436374958
5079,110.183333,5080,65874.453043875
5080,110.216667,5081,65874.486381791
5081,110.233333,5082,65874.503050750
5082,110.250000,5083,65874.519719541
5083,110.283333,5084,65874.553057458
5084,110.300000,5085,65874.569726416
5085,110.333333,5086,65874.603064000
5086,110.350000,5087,65874.619733125
5087,110.366667,5088,65874.636402041
5088,110.400000,5089,65874.669739750
5089,110.416667,5090,65874.686408666
5090,110.450000,5091,65874.719746625
5091,110.466667,5092,65874.736415375
5092,110.483333,5093,65874.753084416
5093,110.516667,5094,65874.786422291
5094,110.533333,5095,65874.803091250
5095,110.566667,5096,65874.836429000
5096,110.583333,5097,65874.853098000
5097,110.616667,5098,65874.886435708
5098,110.633333,5099,65874.903104625
5099,110.666667,5100,65874.936442583
5100,110.683333,5101,65874.953111458
5101,110.700000,5102,65874.969780291
5102,110.733333,5103,65875.003118208
5103,110.750000,5104,65875.019787125
5104,110.783333,5105,65875.053124916
5105,110.800000,5106,65875.069793875
5106,110.816667,5107,65875.086462791
5107,110.850000,5108,65875.119800541
5108,110.866667,5109,65875.136469458
5109,110.883333,5110,65875.153138500
5110,110.916667,5111,65875.186476166
5111,110.933333,5112,65875.203145125
5112,110.966667,5113,65875.236483041
5113,110.983333,5114,65875.253151875
5114,111.000000,5115,65875.269820833
5115,111.033333,5116,65875.303158708
5116,111.050000,5117,65875.319827666
5117,111.066667,5118,65875.336496416
5118,111.100000,5119,65875.369834375
5119,111.116667,5120,65875.386503291
5120,111.150000,5121,65875.419841041
5121,111.166667,5122,65875.436510041
5122,111.183333,5123,65875.453179000
5123,111.216667,5124,65875.486516708
5124,111.233333,5125,65875.503185666
5125,111.250000,5126,65875.519854625
5126,111.283333,5127,65875.553192416
5127,111.300000,5128,65875.569861333
5128,111.333333,5129,65875.603199208
5129,111.350000,5130,65875.619868166
5130,111.366667,5131,65875.636537000
5131,111.400000,5132,65875.669874833
5132,111.416667,5133,65875.686543833
5133,111.433333,5134,65875.703212541
5134,111.466667,5135,65875.736550500
5135,111.483333,5136,65875.753219458
5136,111.500000,5137,65875.769888416
5137,111.533333,5138,65875.803226166
5138,111.550000,5139,65875.819895166
5139,111.583333,5140,65875.853232875
5140,111.600000,5141,65875.869901750
5141,111.616667,5142,65875.886570750
5142,111.650000,5143,65875.919908708
5143,111.666667,5144,65875.936577458
5144,111.683333,5145,65875.953246375
5145,111.716667,5146,65875.986584333
5146,111.733333,5147,65876.003253083
5147,111.750000,5148,65876.019922041
5148,111.783333,5149,65876.053259958
5149,111.800000,5150,65876.069928958
5150,111.816667,5151,65876.086597625
5151,111.850000,5152,65876.119935583
5152,111.866667,5153,65876.136604583
5153,111.883333,5154,65876.153273375
5154,111.916667,5155,65876.186611250
5155,111.933333,5156,65876.203280250
5156,111.950000,5157,65876.219949208
5157,111.983333,5158,65876.253286958
5158,112.000000,5159,65876.269955916
5159,112.016667,5160,65876.286624833
5160,112.050000,5161,65876.319962625
5161,112.066667,5162,65876.336631500
5162,112.083333,5163,65876.353300500
5163,112.116667,5164,65876.386638166
5164,112.133333,5165,65876.403307208
5165,112.150000,5166,65876.419976125
5166,112.183333,5167,65876.453313833
5167,112.200000,5168,65876.469982875
5168,112.216667,5169,65876.486651750
5169,112.233333,5170,65876.503320666
5170,112.250000,5171,65876.519989708
5171,112.283333,5172,65876.553327458
5172,112.300000,5173,65876.569996416
5173,112.316667,5174,65876.586665333
5174,112.333333,5175,65876.603334166
5175,112.350000,5176,65876.620003041
5176,112.366667,5177,65876.636672000
5177,112.383333,5178,65876.653341000
5178,112.416667,5179,65876.686678708
5179,112.433333,5180,65876.703347666
5180,112.450000,5181,65876.720016666
5181,112.466667,5182,65876.736685500
5182,112.483333,5183,65876.753354375
5183,112.500000,5184,65876.770023333
5184,112.516667,5185,65876.786692333
5185,112.550000,5186,65876.820030041
5186,112.566667,5187,65876.836699041
5187,112.583333,5188,65876.853367958
5188,112.600000,5189,65876.870036916
5189,112.616667,5190,65876.886705791
5190,112.650000,5191,65876.920043583
5191,112.666667,5192,65876.936712541
5192,112.683333,5193,65876.953381500
5193,112.700000,5194,65876.970050208
5194,112.733333,5195,65877.003388208
5195,112.750000,5196,65877.020057083
5196,112.766667,5197,65877.036726041
5197,112.783333,5198,65877.053394833
5198,112.816667,5199,65877.086732750
5199,112.833333,5200,65877.103401708
5200,112.866667,5201,65877.136739500
5201,112.883333,5202,65877.153408375
5202,112.900000,5203,65877.170077375
5203,112.933333,5204,65877.203415125
5204,112.950000,5205,65877.220084083
5205,112.983333,5206,65877.253421916
5206,113.000000,5207,65877.270090750
5207,113.016667,5208,65877.286759750
5208,113.050000,5209,65877.320097625
5209,113.066667,5210,65877.336766625
5210,113.083333,5211,65877.353435333
5211,113.116667,5212,65877.386773291
5212,113.133333,5213,65877.403442208
5213,113.150000,5214,65877.420111000
5214,113.183333,5215,65877.453448916
5215,113.200000,5216,65877.470117833
5216,113.233333,5217,65877.503455583
5217,113.250000,5218,65877.520124583
5218,113.283333,5219,65877.553462416
5219,113.300000,5220,65877.570131291
5220,113.333333,5221,65877.603469125
5221,113.350000,5222,65877.620138083
5222,113.383333,5223,65877.653475875
5223,113.400000,5224,65877.670144833
5224,113.433333,5225,65877.703482708
5225,113.466667,5226,65877.736820458
5226,113.483333,5227,65877.753489416
5227,113.516667,5228,65877.786827333
5228,113.533333,5229,65877.803496125
5229,113.566667,5230,65877.836834000
5230,113.583333,5231,65877.853502958
5231,113.616667,5232,65877.886840708
5232,113.633333,5233,65877.903509583
5233,113.666667,5234,65877.936847375
5234,113.683333,5235,65877.953516333
5235,113.700000,5236,65877.970185333
5236,113.733333,5237,65878.003523208
5237,113.750000,5238,65878.020192000
5238,113.783333,5239,65878.053529916
5239,113.800000,5240,65878.070198833
5240,113.816667,5241,65878.086867625
5241,113.833333,5242,65878.103536625
5242,113.866667,5243,65878.136874500
5243,113.883333,5244,65878.153543500
5244,113.900000,5245,65878.170212166
5245,113.933333,5246,65878.203550166
5246,113.950000,5247,65878.220219083
5247,113.966667,5248,65878.236887833
5248,114.000000,5249,65878.270225791
5249,114.016667,5250,65878.286894708
5250,114.050000,5251,65878.320232416
5251,114.066667,5252,65878.336901416
5252,114.100000,5253,65878.370239333
5253,114.116667,5254,65878.386908125
5254,114.133333,5255,65878.403577041
5255,114.150000,5256,65878.420246000
5256,114.183333,5257,65878.453583958
5257,114.200000,5258,65878.470252708
5258,114.233333,5259,65878.503590625
5259,114.250000,5260,65878.520259583
5260,114.283333,5261,65878.553597291
5261,114.300000,5262,65878.570266250
5262,114.316667,5263,65878.586935125
5263,114.350000,5264,65878.620272958
5264,114.366667,5265,65878.636941833
5265,114.400000,5266,65878.670279791
5266,114.416667,5267,65878.686948583
5267,114.450000,5268,65878.720286458
5268,114.466667,5269,65878.736955458
5269,114.500000,5270,65878.770293166
5270,114.516667,5271,65878.786962083
5271,114.550000,5272,65878.820300041
5272,114.566667,5273,65878.836968875
5273,114.600000,5274,65878.870306708
5274,114.616667,5275,65878.886975666
5275,114.650000,5276,65878.920313416
5276,114.666667,5277,65878.936982333
5277,114.683333,5278,65878.953651291
5278,114.716667,5279,65878.986989000
5279,114.733333,5280,65879.003658041
5280,114.766667,5281,65879.036995958
5281,114.783333,5282,65879.053664833
5282,114.816667,5283,65879.087002583
5283,114.833333,5284,65879.103671500
5284,114.850000,5285,65879.120340500
5285,114.883333,5286,65879.153678291
5286,114.900000,5287,65879.170347166
5287,114.933333,5288,65879.203685083
5288,114.950000,5289,65879.220353916
5289,114.966667,5290,65879.237022875
5290,115.000000,5291,65879.270360750
5291,115.016667,5292,65879.287029500
5292,115.050000,5293,65879.320367458
5293,115.066667,5294,65879.337036333
5294,115.083333,5295,65879.353705333
5295,115.116667,5296,65879.387043083
5296,115.133333,5297,65879.403712000
5297,115.166667,5298,65879.437049750
5298,115.183333,5299,65879.453718708
5299,115.216667,5300,65879.487056625
5300,115.233333,5301,65879.503725458
5301,115.250000,5302,65879.520394375
5302,115.283333,5303,65879.553732250
5303,115.300000,5304,65879.570401166
5304,115.333333,5305,65879.603739000
5305,115.350000,5306,65879.620407875
5306,115.366667,5307,65879.637076875
5307,115.400000,5308,65879.670414583
5308,115.416667,5309,65879.687083583
5309,115.450000,5310,65879.720421416
5310,115.466667,5311,65879.737090291
5311,115.500000,5312,65879.770428166
5312,115.516667,5313,65879.787097083
5313,115.533333,5314,65879.803765916
5314,115.566667,5315,65879.837103791
5315,115.583333,5316,65879.853772666
5316,115.616667,5317,65879.887110500
5317,115.633333,5318,65879.903779416
5318,115.650000,5319,65879.920448375
5319,115.683333,5320,65879.953786125
5320,115.700000,5321,65879.970455041
5321,115.733333,5322,65880.003792958
5322,115.750000,5323,65880.020461958
5323,115.766667,5324,65880.037130708
5324,115.800000,5325,65880.070468583
5325,115.816667,5326,65880.087137583
5326,115.833333,5327,65880.103806375
5327,115.866667,5328,65880.137144291
5328,115.883333,5329,65880.153813166
5329,115.900000,5330,65880.170482166
5330,115.933333,5331,65880.203819916
5331,115.950000,5332,65880.220488833
5332,115.966667,5333,65880.237157833
5333,115.983333,5334,65880.253826583
5334,116.016667,5335,65880.287164541
5335,116.033333,5336,65880.303833458
5336,116.050000,5337,65880.320502416
5337,116.083333,5338,65880.353840166
5338,116.100000,5339,65880.370509041
5339,116.116667,5340,65880.387178083
5340,116.150000,5341,65880.420515791
5341,116.166667,5342,65880.437184708
5342,116.200000,5343,65880.470522666
5343,116.216667,5344,65880.487191416
5344,116.233333,5345,65880.503860416
5345,116.266667,5346,65880.537198208
5346,116.283333,5347,65880.553867083
5347,116.316667,5348,65880.587205000
5348,116.333333,5349,65880.603873916
5349,116.366667,5350,65880.637211666
5350,116.383333,5351,65880.653880625
5351,116.400000,5352,65880.670549541
5352,116.433333,5353,65880.703887333
5353,116.450000,5354,65880.720556250
5354,116.483333,5355,65880.753894208
5355,116.500000,5356,65880.770563166
5356,116.516667,5357,65880.787231875
5357,116.550000,5358,65880.820569833
5358,116.566667,5359,65880.837238708
5359,116.583333,5360,65880.853907583
5360,116.616667,5361,65880.887245416
5361,116.633333,5362,65880.903914416
5362,116.650000,5363,65880.920583166
5363,116.683333,5364,65880.953921041
5364,116.700000,5365,65880.970590041
5365,116.716667,5366,65880.987259000
5366,116.733333,5367,65881.003927791
5367,116.750000,5368,65881.020596708
5368,116.766667,5369,65881.037265708
5369,116.783333,5370,65881.053934583
5370,116.816667,5371,65881.087272416
5371,116.833333,5372,65881.103941291
5372,116.850000,5373,65881.120610291
5373,116.883333,5374,65881.153948000
5374,116.900000,5375,65881.170617000
5375,116.916667,5376,65881.187285916
5376,116.950000,5377,65881.220623666
5377,116.966667,5378,65881.237292625
5378,116.983333,5379,65881.253961541
5379,117.016667,5380,65881.287299500
5380,117.033333,5381,65881.303968291
5381,117.066667,5382,65881.337306125
5382,117.083333,5383,65881.353975125
5383,117.100000,5384,65881.370643875
5384,117.133333,5385,65881.403981791
5385,117.150000,5386,65881.420650708
5386,117.183333,5387,65881.453988500
5387,117.200000,5388,65881.470657458
5388,117.216667,5389,65881.487326416
5389,117.250000,5390,65881.520664166
5390,117.266667,5391,65881.537333125
5391,117.283333,5392,65881.554002041
5392,117.316667,5393,65881.587339916
5393,117.333333,5394,65881.604008708
5394,117.350000,5395,65881.620677708
5395,117.383333,5396,65881.654015583
5396,117.400000,5397,65881.670684375
5397,117.416667,5398,65881.687353375
5398,117.433333,5399,65881.704022291
5399,117.466667,5400,65881.737360208
5400,117.483333,5401,65881.754028958
5401,117.516667,5402,65881.787366833
5402,117.533333,5403,65881.804035833
5403,117.566667,5404,65881.837373583
5404,117.583333,5405,65881.854042541
5405,117.616667,5406,65881.887380375
5406,117.633333,5407,65881.904049208
5407,117.666667,5408,65881.937387083
5408,117.683333,5409,65881.954056083
5409,117.716667,5410,65881.987393791
5410,117.733333,5411,65882.004062750
5411,117.766667,5412,65882.037400666
5412,117.783333,5413,65882.054069458
5413,117.816667,5414,65882.087407333
5414,117.833333,5415,65882.104076250
5415,117.866667,5416,65882.137414041
5416,117.883333,5417,65882.154083000
5417,117.916667,5418,65882.187420875
5418,117.933333,5419,65882.204089708
5419,117.966667,5420,65882.237427541
5420,117.983333,5421,65882.254096541
5421,118.016667,5422,65882.287434291
5422,118.033333,5423,65882.304103208
5423,118.066667,5424,65882.337440958
5424,118.083333,5425,65882.354109916
5425,118.116667,5426,65882.387447833
5426,118.133333,5427,65882.404116750
5427,118.166667,5428,65882.437454500
5428,118.183333,5429,65882.454123458
5429,118.216667,5430,65882.487461333
5430,118.250000,5431,65882.520799083
5431,118.266667,5432,65882.537468041
5432,118.300000,5433,65882.570805750
5433,118.316667,5434,65882.587474708
5434,118.350000,5435,65882.620812583
5435,118.366667,5436,65882.637481416
5436,118.400000,5437,65882.670819375
5437,118.433333,5438,65882.704157208
5438,118.450000,5439,65882.720826041
5439,118.483333,5440,65882.754163958
5440,118.500000,5441,65882.770832875
5441,118.533333,5442,65882.804170625
5442,118.550000,5443,65882.820839625
5443,118.583333,5444,65882.854177416
5444,118.600000,5445,65882.870846291
5445,118.633333,5446,65882.904184083
5446,118.666667,5447,65882.937521916
5447,118.683333,5448,65882.954190875
5448,118.716667,5449,65882.987528708
5449,118.733333,5450,65883.004197708
5450,118.766667,5451,65883.037535458
5451,118.783333,5452,65883.054204416
5452,118.816667,5453,65883.087542166
5453,118.850000,5454,65883.120880041
5454,118.866667,5455,65883.137548958
5455,118.900000,5456,65883.170886750
5456,118.916667,5457,65883.187555625
5457,118.950000,5458,65883.220893583
5458,118.966667,5459,65883.237562375
5459,118.983333,5460,65883.254231291
5460,119.000000,5461,65883.270900250
5461,119.033333,5462,65883.304238125
5462,119.050000,5463,65883.320906958
5463,119.066667,5464,65883.337575875
5464,119.083333,5465,65883.354244833
5465,119.100000,5466,65883.370913833
5466,119.133333,5467,65883.404251541
5467,119.150000,5468,65883.420920458
5468,119.166667,5469,65883.437589416
5469,119.183333,5470,65883.454258375
5470,119.200000,5471,65883.470927166
5471,119.216667,5472,65883.487596125
5472,119.250000,5473,65883.520934000
5473,119.266667,5474,65883.537602791
5474,119.283333,5475,65883.554271791
5475,119.300000,5476,65883.570940750
5476,119.316667,5477,65883.587609625
5477,119.333333,5478,65883.604278625
5478,119.366667,5479,65883.637616375
5479,119.383333,5480,65883.654285291
5480,119.400000,5481,65883.670954291
5481,119.416667,5482,65883.687623041
5482,119.433333,5483,65883.704292000
5483,119.466667,5484,65883.737629916
5484,119.483333,5485,65883.754298708
5485,119.500000,5486,65883.770967625
5486,119.516667,5487,65883.787636625
5487,119.533333,5488,65883.804305541
5488,119.550000,5489,65883.820974500
5489,119.583333,5490,65883.854312250
5490,119.600000,5491,65883.870981166
5491,119.616667,5492,65883.887650083
5492,119.650000,5493,65883.920987875
5493,119.666667,5494,65883.937656833
5494,119.700000,5495,65883.970994708
5495,119.716667,5496,65883.987663500
5496,119.750000,5497,65884.021001416
5497,119.766667,5498,65884.037670375
5498,119.783333,5499,65884.054339166
5499,119.800000,5500,65884.071008125
5500,119.816667,5501,65884.087677041
5501,119.833333,5502,65884.104345958
5502,119.866667,5503,65884.137683708
5503,119.883333,5504,65884.154352708
5504,119.900000,5505,65884.171021583
5505,119.916667,5506,65884.187690583
5506,119.950000,5507,65884.221028375
5507,119.966667,5508,65884.237697250
5508,119.983333,5509,65884.254366208
5509,120.000000,5510,65884.271035166
5510,120.033333,5511,65884.304372916
5511,120.050000,5512,65884.321041875
5512,120.066667,5513,65884.337710791
5513,120.083333,5514,65884.354379541
5514,120.100000,5515,65884.371048541
5515,120.133333,5516,65884.404386458
5516,120.150000,5517,65884.421055375
5517,120.166667,5518,65884.437724250
5518,120.183333,5519,65884.454393125
5519,120.200000,5520,65884.471062083
5520,120.233333,5521,65884.504399833
5521,120.250000,5522,65884.521068791
5522,120.266667,5523,65884.537737708
5523,120.283333,5524,65884.554406625
5524,120.300000,5525,65884.571075666
5525,120.316667,5526,65884.587744416
5526,120.350000,5527,65884.621082291
5527,120.366667,5528,65884.637751333
5528,120.383333,5529,65884.654420083
5529,120.400000,5530,65884.671089000
5530,120.416667,5531,65884.687757916
5531,120.450000,5532,65884.721095833
5532,120.466667,5533,65884.737764666
5533,120.483333,5534,65884.754433583
5534,120.500000,5535,65884.771102583
5535,120.516667,5536,65884.787771458
5536,120.533333,5537,65884.804440250
5537,120.550000,5538,65884.821109291
5538,120.583333,5539,65884.854447083
5539,120.600000,5540,65884.871116125
5540,120.616667,5541,65884.887784875
5541,120.633333,5542,65884.904453833
5542,120.650000,5543,65884.921122750
5543,120.666667,5544,65884.937791750
5544,120.700000,5545,65884.971129458
5545,120.716667,5546,65884.987798458
5546,120.733333,5547,65885.004467375
5547,120.750000,5548,65885.021136375
5548,120.766667,5549,65885.037805083
5549,120.783333,5550,65885.054474083
5550,120.816667,5551,65885.087811916
5551,120.833333,5552,65885.104480750
5552,120.850000,5553,65885.121149750
5553,120.866667,5554,65885.137818583
5554,120.883333,5555,65885.154487625
5555,120.900000,5556,65885.171156375
5556,120.933333,5557,65885.204494250
5557,120.950000,5558,65885.221163250
5558,120.966667,5559,65885.237832166
5559,120.983333,5560,65885.254500958
5560,121.000000,5561,65885.271169875
5561,121.016667,5562,65885.287838833
5562,121.033333,5563,65885.304507833
5563,121.066667,5564,65885.337845541
5564,121.083333,5565,65885.354514458
5565,121.100000,5566,65885.371183416
5566,121.116667,5567,65885.387852375
5567,121.133333,5568,65885.404521166
5568,121.150000,5569,65885.421190166
5569,121.183333,5570,65885.454528000
5570,121.200000,5571,65885.471196791
5571,121.216667,5572,65885.487865750
5572,121.233333,5573,65885.504534708
5573,121.250000,5574,65885.521203625
5574,121.266667,5575,65885.537872625
5575,121.300000,5576,65885.571210375
5576,121.316667,5577,65885.587879250
5577,121.333333,5578,65885.604548250
5578,121.350000,5579,65885.621217000
5579,121.366667,5580,65885.637885958
5580,121.400000,5581,65885.671223875
5581,121.416667,5582,65885.687892875
5582,121.433333,5583,65885.704561625
5583,121.450000,5584,65885.721230583
5584,121.466667,5585,65885.737899541
5585,121.500000,5586,65885.771237291
5586,121.516667,5587,65885.787906208
5587,121.533333,5588,65885.804575125
5588,121.550000,5589,65885.821244083
5589,121.583333,5590,65885.854581791
5590,121.600000,5591,65885.871250833
5591,121.616667,5592,65885.887919750
5592,121.633333,5593,65885.904588666
5593,121.666667,5594,65885.937926458
5594,121.683333,5595,65885.954595333
5595,121.700000,5596,65885.971264291
5596,121.733333,5597,65886.004602083
5597,121.750000,5598,65886.021270958
5598,121.766667,5599,65886.037939916
5599,121.783333,5600,65886.054608875
5600,121.816667,5601,65886.087946666
5601,121.833333,5602,65886.104615583
5602,121.850000,5603,65886.121284541
5603,121.883333,5604,65886.154622250
5604,121.900000,5605,65886.171291208
5605,121.916667,5606,65886.187960208
5606,121.933333,5607,65886.204629083
5607,121.966667,5608,65886.237966875
5608,121.983333,5609,65886.254635791
5609,122.000000,5610,65886.271304791
5610,122.033333,5611,65886.304642500
5611,122.050000,5612,65886.321311416
5612,122.066667,5613,65886.337980333
5613,122.083333,5614,65886.354649375
5614,122.116667,5615,65886.387987083
5615,122.133333,5616,65886.404655958
5616,122.150000,5617,65886.421324958
5617,122.166667,5618,65886.437993958
5618,122.200000,5619,65886.471331666
5619,122.216667,5620,65886.488000583
5620,122.233333,5621,65886.504669541
5621,122.250000,5622,65886.521338375
5622,122.266667,5623,65886.538007291
5623,122.300000,5624,65886.571345208
5624,122.316667,5625,65886.588013958
5625,122.333333,5626,65886.604682875
5626,122.350000,5627,65886.621351833
5627,122.366667,5628,65886.638020791
5628,122.400000,5629,65886.671358541
5629,122.416667,5630,65886.688027458
5630,122.433333,5631,65886.704696416
5631,122.450000,5632,65886.721365333
5632,122.466667,5633,65886.738034291
5633,122.483333,5634,65886.754703125
5634,122.516667,5635,65886.788041000
5635,122.533333,5636,65886.804709958
5636,122.550000,5637,65886.821378708
5637,122.566667,5638,65886.838047625
5638,122.583333,5639,65886.854716583
5639,122.600000,5640,65886.871385583
5640,122.616667,5641,65886.888054375
5641,122.650000,5642,65886.921392291
5642,122.666667,5643,65886.938061208
5643,122.683333,5644,65886.954730166
5644,122.700000,5645,65886.971398916
5645,122.716667,5646,65886.988067875
5646,122.733333,5647,65887.004736875
5647,122.766667,5648,65887.038074541
5648,122.783333,5649,65887.054743500
5649,122.800000,5650,65887.071412458
5650,122.816667,5651,65887.088081416
5651,122.850000,5652,65887.121419166
5652,122.866667,5653,65887.138088083
5653,122.883333,5654,65887.154757041
5654,122.916667,5655,65887.188094791
5655,122.933333,5656,65887.204763666
5656,122.950000,5657,65887.221432625
5657,122.983333,5658,65887.254770541
5658,123.000000,5659,65887.271439333
5659,123.016667,5660,65887.288108291
5660,123.050000,5661,65887.321446166
5661,123.066667,5662,65887.338114958
5662,123.083333,5663,65887.354783875
5663,123.116667,5664,65887.388121833
5664,123.133333,5665,65887.404790708
5665,123.150000,5666,65887.421459500
5666,123.183333,5667,65887.454797416
5667,123.200000,5668,65887.471466375
5668,123.216667,5669,65887.488135208
5669,123.250000,5670,65887.521473041
5670,123.266667,5671,65887.538142000
5671,123.300000,5672,65887.571479750
5672,123.316667,5673,65887.588148666
5673,123.333333,5674,65887.604817625
5674,123.366667,5675,65887.638155375
5675,123.383333,5676,65887.654824333
5676,123.400000,5677,65887.671493208
5677,123.433333,5678,65887.704831166
5678,123.450000,5679,65887.721499875
5679,123.483333,5680,65887.754837833
5680,123.500000,5681,65887.771506750
5681,123.516667,5682,65887.788175583
5682,123.550000,5683,65887.821513458
5683,123.566667,5684,65887.838182375
5684,123.583333,5685,65887.854851375
5685,123.616667,5686,65887.888189041
5686,123.633333,5687,65887.904858041
5687,123.650000,5688,65887.921527000
5688,123.683333,5689,65887.954864666
5689,123.700000,5690,65887.971533666
5690,123.716667,5691,65887.988202541
5691,123.750000,5692,65888.021540333
5692,123.766667,5693,65888.038209208
5693,123.800000,5694,65888.071547208
5694,123.816667,5695,65888.088215958
5695,123.850000,5696,65888.121553833
5696,123.866667,5697,65888.138222791
5697,123.900000,5698,65888.171560541
5698,123.916667,5699,65888.188229458
5699,123.933333,5700,65888.204898416
5700,123.966667,5701,65888.238236166
5701,123.983333,5702,65888.254905041
5702,124.016667,5703,65888.288242958
5703,124.033333,5704,65888.304911750
5704,124.066667,5705,65888.338249666
5705,124.083333,5706,65888.354918583
5706,124.100000,5707,65888.371587541
5707,124.133333,5708,65888.404925333
5708,124.150000,5709,65888.421594208
5709,124.183333,5710,65888.454931958
5710,124.200000,5711,65888.471600875
5711,124.233333,5712,65888.504938833
5712,124.250000,5713,65888.521607750
5713,124.283333,5714,65888.554945458
5714,124.300000,5715,65888.571614416
5715,124.316667,5716,65888.588283375
5716,124.350000,5717,65888.621621041
5717,124.366667,5718,65888.638290041
5718,124.400000,5719,65888.671627916
5719,124.416667,5720,65888.688296708
5720,124.433333,5721,65888.704965666
5721,124.450000,5722,65888.721634583
5722,124.483333,5723,65888.754972375
5723,124.500000,5724,65888.771641250
5724,124.516667,5725,65888.788310208
5725,124.550000,5726,65888.821648083
5726,124.566667,5727,65888.838316916
5727,124.583333,5728,65888.854985833
5728,124.616667,5729,65888.888323791
5729,124.633333,5730,65888.904992500
5730,124.650000,5731,65888.921661416
5731,124.666667,5732,65888.938330375
5732,124.700000,5733,65888.971668333
5733,124.716667,5734,65888.988337041
5734,124.733333,5735,65889.005006041
5735,124.766667,5736,65889.038343958
5736,124.783333,5737,65889.055012750
5737,124.800000,5738,65889.071681666
5738,124.816667,5739,65889.088350583
5739,124.850000,5740,65889.121688541
5740,124.866667,5741,65889.138357250
5741,124.883333,5742,65889.155026208
5742,124.916667,5743,65889.188364083
5743,124.933333,5744,65889.205032916
5744,124.950000,5745,65889.221701833
5745,124.966667,5746,65889.238370791
5746,125.000000,5747,65889.271708708
5747,125.016667,5748,65889.288377500
5748,125.033333,5749,65889.305046375
5749,125.066667,5750,65889.338384291
5750,125.083333,5751,65889.355053125
5751,125.100000,5752,65889.371722041
5752,125.133333,5753,65889.405059916
5753,125.150000,5754,65889.421728708
5754,125.183333,5755,65889.455066625
5755,125.200000,5756,65889.471735541
5756,125.216667,5757,65889.488404500
5757,125.250000,5758,65889.521742250
5758,125.266667,5759,65889.538411166
5759,125.283333,5760,65889.555080166
5760,125.316667,5761,65889.588417875
5761,125.333333,5762,65889.605086791
5762,125.366667,5763,65889.638424750
5763,125.383333,5764,65889.655093416
5764,125.400000,5765,65889.671762416
5765,125.433333,5766,65889.705100333
5766,125.450000,5767,65889.721769083
5767,125.466667,5768,65889.738438041
5768,125.500000,5769,65889.771775875
5769,125.516667,5770,65889.788444916
5770,125.533333,5771,65889.805113625
5771,125.566667,5772,65889.838451500
5772,125.583333,5773,65889.855120500
5773,125.600000,5774,65889.871789250
5774,125.616667,5775,65889.888458208
5775,125.650000,5776,65889.921796041
5776,125.666667,5777,65889.938465083
5777,125.683333,5778,65889.955133791
5778,125.716667,5779,65889.988471666
5779,125.733333,5780,65890.005140708
5780,125.750000,5781,65890.021809416
5781,125.766667,5782,65890.038478416
5782,125.800000,5783,65890.071816291
5783,125.816667,5784,65890.088485250
5784,125.833333,5785,65890.105154041
5785,125.850000,5786,65890.121822958
5786,125.883333,5787,65890.155160791
5787,125.900000,5788,65890.171829666
5788,125.916667,5789,65890.188498583
5789,125.933333,5790,65890.205167500
5790,125.950000,5791,65890.221836458
5791,125.983333,5792,65890.255174208
5792,126.000000,5793,65890.271843125
5793,126.016667,5794,65890.288512041
5794,126.033333,5795,65890.305181041
5795,126.066667,5796,65890.338518708
5796,126.083333,5797,65890.355187666
5797,126.100000,5798,65890.371856666
5798,126.116667,5799,65890.388525583
5799,126.133333,5800,65890.405194375
5800,126.166667,5801,65890.438532250
5801,126.183333,5802,65890.455201208
5802,126.200000,5803,65890.471870000
5803,126.216667,5804,65890.488538916
5804,126.233333,5805,65890.505207875
5805,126.266667,5806,65890.538545791
5806,126.283333,5807,65890.555214541
5807,126.300000,5808,65890.571883500
5808,126.333333,5809,65890.605221375
5809,126.350000,5810,65890.621890166
5810,126.366667,5811,65890.638559125
5811,126.383333,5812,65890.655228041
5812,126.416667,5813,65890.688565958
5813,126.433333,5814,65890.705234666
5814,126.450000,5815,65890.721903625
5815,126.483333,5816,65890.755241541
5816,126.500000,5817,65890.771910333
5817,126.516667,5818,65890.788579250
5818,126.550000,5819,65890.821917208
5819,126.566667,5820,65890.838585958
5820,126.583333,5821,65890.855254875
5821,126.616667,5822,65890.888592750
5822,126.633333,5823,65890.905261708
5823,126.650000,5824,65890.921930541
5824,126.683333,5825,65890.955268375
5825,126.700000,5826,65890.971937375
5826,126.733333,5827,65891.005275041
5827,126.750000,5828,65891.021944041
5828,126.766667,5829,65891.038612958
5829,126.800000,5830,65891.071950666
5830,126.816667,5831,65891.088619625
5831,126.850000,5832,65891.121957500
5832,126.866667,5833,65891.138626250
5833,126.883333,5834,65891.155295208
5834,126.916667,5835,65891.188633125
5835,126.933333,5836,65891.205302083
5836,126.966667,5837,65891.238639791
5837,126.983333,5838,65891.255308750
5838,127.016667,5839,65891.288646500
5839,127.033333,5840,65891.305315333
5840,127.066667,5841,65891.338653291
5841,127.083333,5842,65891.355322250
5842,127.100000,5843,65891.371991041
5843,127.133333,5844,65891.405328875
5844,127.150000,5845,65891.421997875
5845,127.183333,5846,65891.455335583
5846,127.200000,5847,65891.472004458
5847,127.233333,5848,65891.505342416
5848,127.250000,5849,65891.522011166
5849,127.283333,5850,65891.555349041
5850,127.300000,5851,65891.572018041
5851,127.333333,5852,65891.605355750
5852,127.350000,5853,65891.622024666
5853,127.383333,5854,65891.655362583
5854,127.400000,5855,65891.672031291
5855,127.433333,5856,65891.705369208
5856,127.450000,5857,65891.722038208
5857,127.483333,5858,65891.755375875
5858,127.500000,5859,65891.772044833
5859,127.533333,5860,65891.805382708
5860,127.550000,5861,65891.822051500
5861,127.583333,5862,65891.855389333
5862,127.600000,5863,65891.872058291
5863,127.633333,5864,65891.905396000
5864,127.650000,5865,65891.922064958
5865,127.683333,5866,65891.955402875
5866,127.700000,5867,65891.972071583
5867,127.733333,5868,65892.005409541
5868,127.750000,5869,65892.022078500
5869,127.783333,5870,65892.055416125
5870,127.800000,5871,65892.072085166
5871,127.833333,5872,65892.105423041
5872,127.850000,5873,65892.122091750
5873,127.883333,5874,65892.155429750
5874,127.900000,5875,65892.172098625
5875,127.916667,5876,65892.188767333
5876,127.950000,5877,65892.222105333
5877,127.966667,5878,65892.238774208
5878,127.983333,5879,65892.255443000
5879,128.016667,5880,65892.288780875
5880,128.033333,5881,65892.305449875
5881,128.050000,5882,65892.322118833
5882,128.083333,5883,65892.355456458
5883,128.100000,5884,65892.372125500
5884,128.116667,5885,65892.388794416
5885,128.133333,5886,65892.405463208
5886,128.166667,5887,65892.438801041
5887,128.183333,5888,65892.455470000
5888,128.200000,5889,65892.472139000
5889,128.233333,5890,65892.505476666
5890,128.250000,5891,65892.522145541
5891,128.266667,5892,65892.538814583
5892,128.283333,5893,65892.555483291
5893,128.300000,5894,65892.572152291
5894,128.333333,5895,65892.605490166
5895,128.350000,5896,65892.622159083
5896,128.366667,5897,65892.638827833
5897,128.400000,5898,65892.672165750
5898,128.416667,5899,65892.688834708
5899,128.433333,5900,65892.705503458
5900,128.466667,5901,65892.738841333
5901,128.483333,5902,65892.755510250
5902,128.516667,5903,65892.788847958
5903,128.533333,5904,65892.805516875
5904,128.566667,5905,65892.838854833
5905,128.583333,5906,65892.855523583
5906,128.616667,5907,65892.888861541
5907,128.633333,5908,65892.905530416
5908,128.666667,5909,65892.938868166
5909,128.683333,5910,65892.955537083
5910,128.716667,5911,65892.988874958
5911,128.733333,5912,65893.005543750
5912,128.766667,5913,65893.038881583
5913,128.783333,5914,65893.055550583
5914,128.816667,5915,65893.088888333
5915,128.833333,5916,65893.105557250
5916,128.866667,5917,65893.138895125
5917,128.883333,5918,65893.155563875
5918,128.916667,5919,65893.188901750
5919,128.950000,5920,65893.222239708
5920,128.966667,5921,65893.238908416
5921,129.000000,5922,65893.272246333
5922,129.016667,5923,65893.288915250
5923,129.050000,5924,65893.322252916
5924,129.066667,5925,65893.338921916
5925,129.100000,5926,65893.372259791
5926,129.116667,5927,65893.388928625
5927,129.150000,5928,65893.422266416
5928,129.166667,5929,65893.438935416
5929,129.200000,5930,65893.472273166
5930,129.216667,5931,65893.488942041
5931,129.250000,5932,65893.522279958
5932,129.266667,5933,65893.538948750
5933,129.300000,5934,65893.572286625
5934,129.316667,5935,65893.588955583
5935,129.350000,5936,65893.622293291
5936,129.366667,5937,65893.638962166
5937,129.400000,5938,65893.672299958
5938,129.416667,5939,65893.688968875
5939,129.433333,5940,65893.705637833
5940,129.466667,5941,65893.738975666
5941,129.483333,5942,65893.755644458
5942,129.516667,5943,65893.788982333
5943,129.533333,5944,65893.805651291
5944,129.550000,5945,65893.822320000
5945,129.583333,5946,65893.855657875
5946,129.600000,5947,65893.872326916
5947,129.616667,5948,65893.888995833
5948,129.650000,5949,65893.922333541
5949,129.666667,5950,65893.939002500
5950,129.683333,5951,65893.955671416
5951,129.700000,5952,65893.972340250
5952,129.733333,5953,65894.005678083
5953,129.750000,5954,65894.022347041
5954,129.766667,5955,65894.039015958
5955,129.783333,5956,65894.055684750
5956,129.816667,5957,65894.089022666
5957,129.833333,5958,65894.105691541
5958,129.850000,5959,65894.122360333
5959,129.866667,5960,65894.139029291
5960,129.900000,5961,65894.172367208
5961,129.916667,5962,65894.189036041
5962,129.933333,5963,65894.205704916
5963,129.950000,5964,65894.222373833
5964,129.983333,5965,65894.255711708
5965,130.000000,5966,65894.272380458
5966,130.016667,5967,65894.289049458
5967,130.033333,5968,65894.305718416
5968,130.066667,5969,65894.339056208
5969,130.083333,5970,65894.355724958
5970,130.100000,5971,65894.372393916
5971,130.133333,5972,65894.405731875
5972,130.150000,5973,65894.422400625
5973,130.166667,5974,65894.439069583
5974,130.183333,5975,65894.455738500
5975,130.216667,5976,65894.489076416
5976,130.233333,5977,65894.505745125
5977,130.250000,5978,65894.522414083
5978,130.266667,5979,65894.539083083
5979,130.300000,5980,65894.572420750
5980,130.316667,5981,65894.589089666
5981,130.333333,5982,65894.605758666
5982,130.366667,5983,65894.639096500
5983,130.383333,5984,65894.655765250
5984,130.400000,5985,65894.672434208
5985,130.416667,5986,65894.689103166
5986,130.450000,5987,65894.722440875
5987,130.466667,5988,65894.739109833
5988,130.483333,5989,65894.755778750
5989,130.500000,5990,65894.772447750
5990,130.516667,5991,65894.789116666
5991,130.550000,5992,65894.822454333
5992,130.566667,5993,65894.839123333
5993,130.583333,5994,65894.855792291
5994,130.600000,5995,65894.872461041
5995,130.633333,5996,65894.905798875
5996,130.650000,5997,65894.922467833
5997,130.666667,5998,65894.939136833
5998,130.683333,5999,65894.955805500
5999,130.716667,6000,65894.989143416
6000,130.733333,6001,65895.005812416
6001,130.750000,6002,65895.022481083
6002,130.766667,6003,65895.039150083
6003,130.800000,6004,65895.072488000
6004,130.816667,6005,65895.089156791
6005,130.833333,6006,65895.105825625
6006,130.866667,6007,65895.139163625
6007,130.883333,6008,65895.155832541
6008,130.900000,6009,65895.172501250
6009,130.916667,6010,65895.189170250
6010,130.950000,6011,65895.222508041
6011,130.966667,6012,65895.239177083
6012,130.983333,6013,65895.255845791
6013,131.016667,6014,65895.289183666
6014,131.033333,6015,65895.305852666
6015,131.050000,6016,65895.322521375
6016,131.066667,6017,65895.339190333
6017,131.100000,6018,65895.372528208
6018,131.116667,6019,65895.389197041
6019,131.133333,6020,65895.405865916
6020,131.166667,6021,65895.439203875
6021,131.183333,6022,65895.455872750
6022,131.200000,6023,65895.472541541
6023,131.233333,6024,65895.505879500
6024,131.250000,6025,65895.522548416
6025,131.266667,6026,65895.539217125
6026,131.300000,6027,65895.572555000
6027,131.316667,6028,65895.589223916
6028,131.333333,6029,65895.605892916
6029,131.366667,6030,65895.639230541
6030,131.383333,6031,65895.655899583
6031,131.400000,6032,65895.672568500
6032,131.416667,6033,65895.689237291
6033,131.450000,6034,65895.722575166
6034,131.466667,6035,65895.739244083
6035,131.500000,6036,65895.772581791
6036,131.516667,6037,65895.789250750
6037,131.533333,6038,65895.805919666
6038,131.566667,6039,65895.839257416
6039,131.583333,6040,65895.855926375
6040,131.600000,6041,65895.872595250
6041,131.633333,6042,65895.905933208
6042,131.650000,6043,65895.922601958
6043,131.666667,6044,65895.939270916
6044,131.700000,6045,65895.972608750
6045,131.716667,6046,65895.989277458
6046,131.750000,6047,65896.022615458
6047,131.766667,6048,65896.039284333
6048,131.783333,6049,65896.055953291
6049,131.816667,6050,65896.089291041
6050,131.833333,6051,65896.105959958
6051,131.866667,6052,65896.139297583
6052,131.883333,6053,65896.155966625
6053,131.916667,6054,65896.189304500
6054,131.933333,6055,65896.205973416
6055,131.950000,6056,65896.222642208
6056,131.983333,6057,65896.255980083
6057,132.000000,6058,65896.272649041
6058,132.033333,6059,65896.305986666
6059,132.050000,6060,65896.322655708
6060,132.083333,6061,65896.355993500
6061,132.100000,6062,65896.372662291
6062,132.133333,6063,65896.406000208
6063,132.166667,6064,65896.439337875
6064,132.183333,6065,65896.456006875
6065,132.216667,6066,65896.489344708
6066,132.233333,6067,65896.506013500
6067,132.266667,6068,65896.539351375
6068,132.300000,6069,65896.572689250
6069,132.333333,6070,65896.606026958
6070,132.350000,6071,65896.622695916
6071,132.383333,6072,65896.656033625
6072,132.400000,6073,65896.672702625
6073,132.433333,6074,65896.706040500
6074,132.450000,6075,65896.722709416
6075,132.483333,6076,65896.756047083
6076,132.500000,6077,65896.772716083
6077,132.516667,6078,65896.789385000
6078,132.533333,6079,65896.806053708
6079,132.566667,6080,65896.839391625
6080,132.583333,6081,65896.856060583
6081,132.616667,6082,65896.889398250
6082,132.633333,6083,65896.906067208
6083,132.666667,6084,65896.939405083
6084,132.683333,6085,65896.956073875
6085,132.716667,6086,65896.989411750
6086,132.750000,6087,65897.022749625
6087,132.766667,6088,65897.039418375
6088,132.800000,6089,65897.072756291
6089,132.816667,6090,65897.089425250
6090,132.850000,6091,65897.122762958
6091,132.883333,6092,65897.156100750
6092,132.900000,6093,65897.172769791
6093,132.916667,6094,65897.189438541
6094,132.950000,6095,65897.222776416
6095,132.983333,6096,65897.256114125
6096,133.000000,6097,65897.272783041
6097,133.033333,6098,65897.306120916
6098,133.050000,6099,65897.322789833
6099,133.083333,6100,65897.356127583
6100,133.100000,6101,65897.372796541
6101,133.116667,6102,65897.389465416
6102,133.133333,6103,65897.406134250
6103,133.166667,6104,65897.439472125
6104,133.183333,6105,65897.456141000
6105,133.216667,6106,65897.489478791
6106,133.233333,6107,65897.506147666
6107,133.266667,6108,65897.539485541
6108,133.300000,6109,65897.572823250
6109,133.316667,6110,65897.589492166
6110,133.350000,6111,65897.622830000
6111,133.366667,6112,65897.639498875
6112,133.400000,6113,65897.672836750
6113,133.416667,6114,65897.689505666
6114,133.450000,6115,65897.722843375
6115,133.466667,6116,65897.739512333
6116,133.500000,6117,65897.772850166
6117,133.516667,6118,65897.789519000
6118,133.550000,6119,65897.822856875
6119,133.566667,6120,65897.839525791
6120,133.600000,6121,65897.872863500
6121,133.616667,6122,65897.889532416
6122,133.650000,6123,65897.922870166
6123,133.683333,6124,65897.956208083
6124,133.700000,6125,65897.972877041
6125,133.733333,6126,65898.006214666
6126,133.750000,6127,65898.022883583
6127,133.783333,6128,65898.056221583
6128,133.800000,6129,65898.072890458
6129,133.816667,6130,65898.089559166
6130,133.833333,6131,65898.106228125
6131,133.866667,6132,65898.139566000
6132,133.883333,6133,65898.156234750
6133,133.900000,6134,65898.172903791
6134,133.916667,6135,65898.189572666
6135,133.933333,6136,65898.206241583
6136,133.966667,6137,65898.239579333
6137,133.983333,6138,65898.256248250
6138,134.000000,6139,65898.272917166
6139,134.033333,6140,65898.306254916
6140,134.050000,6141,65898.322923833
6141,134.083333,6142,65898.356261708
6142,134.100000,6143,65898.372930541
6143,134.133333,6144,65898.406268375
6144,134.150000,6145,65898.422937250
6145,134.183333,6146,65898.456274958
6146,134.200000,6147,65898.472944000
6147,134.216667,6148,65898.489612958
6148,134.250000,6149,65898.522950625
6149,134.266667,6150,65898.539619583
6150,134.300000,6151,65898.572957458
6151,134.316667,6152,65898.589626375
6152,134.333333,6153,65898.606295166
6153,134.366667,6154,65898.639632916
6154,134.383333,6155,65898.656301875
6155,134.400000,6156,65898.672970750
6156,134.416667,6157,65898.689639708
6157,134.450000,6158,65898.722977541
6158,134.466667,6159,65898.739646458
6159,134.483333,6160,65898.756315250
6160,134.500000,6161,65898.772984208
6161,134.533333,6162,65898.806322083
6162,134.550000,6163,65898.822990833
6163,134.566667,6164,65898.839659750
6164,134.583333,6165,65898.856328666
6165,134.616667,6166,65898.889666541
6166,134.633333,6167,65898.906335333
6167,134.666667,6168,65898.939673250
6168,134.683333,6169,65898.956342166
6169,134.716667,6170,65898.989679875
6170,134.733333,6171,65899.006348791
6171,134.766667,6172,65899.039686666
6172,134.783333,6173,65899.056355375
6173,134.816667,6174,65899.089693333
6174,134.833333,6175,65899.106362291
6175,134.866667,6176,65899.139700000
6176,134.883333,6177,65899.156368916
6177,134.916667,6178,65899.189706833
6178,134.933333,6179,65899.206375541
6179,134.966667,6180,65899.239713416
6180,134.983333,6181,65899.256382416
6181,135.016667,6182,65899.289720041
6182,135.033333,6183,65899.306389000
6183,135.066667,6184,65899.339726708
6184,135.083333,6185,65899.356395666
6185,135.100000,6186,65899.373064625
6186,135.133333,6187,65899.406402458
6187,135.150000,6188,65899.423071250
6188,135.183333,6189,65899.456409125
6189,135.200000,6190,65899.473078083
6190,135.233333,6191,65899.506415791
6191,135.250000,6192,65899.523084708
6192,135.283333,6193,65899.556422625
6193,135.300000,6194,65899.573091375
6194,135.316667,6195,65899.589760333
6195,135.350000,6196,65899.623098166
6196,135.366667,6197,65899.639766916
6197,135.383333,6198,65899.656435916
6198,135.416667,6199,65899.689773750
6199,135.433333,6200,65899.706442750
6200,135.466667,6201,65899.739780458
6201,135.483333,6202,65899.756449416
6202,135.516667,6203,65899.789787041
6203,135.533333,6204,65899.806456041
6204,135.566667,6205,65899.839793875
6205,135.583333,6206,65899.856462791
6206,135.616667,6207,65899.889800583
6207,135.633333,6208,65899.906469500
6208,135.666667,6209,65899.939807208
6209,135.683333,6210,65899.956476083
6210,135.716667,6211,65899.989814041
6211,135.733333,6212,65900.006482916
6212,135.766667,6213,65900.039820625
6213,135.783333,6214,65900.056489583
6214,135.816667,6215,65900.089827250
6215,135.833333,6216,65900.106496250
6216,135.866667,6217,65900.139834125
6217,135.900000,6218,65900.173171833
6218,135.916667,6219,65900.189840791
6219,135.950000,6220,65900.223178583
6220,135.966667,6221,65900.239847416
6221,136.000000,6222,65900.273185291
6222,136.016667,6223,65900.289854166
6223,136.050000,6224,65900.323191916
6224,136.066667,6225,65900.339860875
6225,136.100000,6226,65900.373198750
6226,136.116667,6227,65900.389867541
6227,136.150000,6228,65900.423205375
6228,136.166667,6229,65900.439874291
6229,136.200000,6230,65900.473212041
6230,136.233333,6231,65900.506549875
6231,136.250000,6232,65900.523218833
6232,136.283333,6233,65900.556556583
6233,136.300000,6234,65900.573225458
6234,136.333333,6235,65900.606563291
6235,136.350000,6236,65900.623232125
6236,136.383333,6237,65900.656570000
6237,136.400000,6238,65900.673238958
6238,136.433333,6239,65900.706576666
6239,136.450000,6240,65900.723245625
6240,136.483333,6241,65900.756583291
6241,136.500000,6242,65900.773252250
6242,136.533333,6243,65900.806590083
6243,136.550000,6244,65900.823259041
6244,136.566667,6245,65900.839927750
6245,136.600000,6246,65900.873265666
6246,136.616667,6247,65900.889934625
6247,136.650000,6248,65900.923272333
6248,136.666667,6249,65900.939941250
6249,136.700000,6250,65900.973279083
6250,136.733333,6251,65901.006616833
6251,136.750000,6252,65901.023285791
6252,136.783333,6253,65901.056623416
6253,136.800000,6254,65901.073292416
6254,136.833333,6255,65901.106630291
6255,136.850000,6256,65901.123299250
6256,136.883333,6257,65901.156636958
6257,136.916667,6258,65901.189974791
6258,136.933333,6259,65901.206643541
6259,136.950000,6260,65901.223312500
6260,136.983333,6261,65901.256650333
6261,137.000000,6262,65901.273319375
6262,137.033333,6263,65901.306657000
6263,137.050000,6264,65901.323325916
6264,137.083333,6265,65901.356663666
6265,137.100000,6266,65901.373332583
6266,137.133333,6267,65901.406670458
6267,137.150000,6268,65901.423339375
6268,137.183333,6269,65901.456677083
6269,137.200000,6270,65901.473346041
6270,137.216667,6271,65901.490015000
6271,137.250000,6272,65901.523352666
6272,137.266667,6273,65901.540021583
6273,137.300000,6274,65901.573359500
6274,137.316667,6275,65901.590028291
6275,137.350000,6276,65901.623366083
6276,137.366667,6277,65901.640035041
6277,137.400000,6278,65901.673372750
6278,137.416667,6279,65901.690041750
6279,137.450000,6280,65901.723379583
6280,137.466667,6281,65901.740048375
6281,137.483333,6282,65901.756717250
6282,137.516667,6283,65901.790055166
6283,137.533333,6284,65901.806723916
6284,137.566667,6285,65901.840061750
6285,137.583333,6286,65901.856730708
6286,137.600000,6287,65901.873399625
6287,137.633333,6288,65901.906737333
6288,137.650000,6289,65901.923406333
6289,137.683333,6290,65901.956744000
6290,137.700000,6291,65901.973412916
6291,137.733333,6292,65902.006750750
6292,137.750000,6293,65902.023419666
6293,137.783333,6294,65902.056757416
6294,137.800000,6295,65902.073426416
6295,137.833333,6296,65902.106764083
6296,137.850000,6297,65902.123433083
6297,137.883333,6298,65902.156770916
6298,137.900000,6299,65902.173439666
6299,137.933333,6300,65902.206777583
6300,137.950000,6301,65902.223446416
6301,137.966667,6302,65902.240115458
6302,138.000000,6303,65902.273453083
6303,138.016667,6304,65902.290122041
6304,138.033333,6305,65902.306791000
6305,138.050000,6306,65902.323459791
6306,138.066667,6307,65902.340128666
6307,138.100000,6308,65902.373466583
6308,138.116667,6309,65902.390135500
6309,138.133333,6310,65902.406804250
6310,138.150000,6311,65902.423473208
6311,138.166667,6312,65902.440142166
6312,138.200000,6313,65902.473479833
6313,138.216667,6314,65902.490148750
6314,138.233333,6315,65902.506817750
6315,138.250000,6316,65902.523486625
6316,138.283333,6317,65902.556824375
6317,138.300000,6318,65902.573493333
6318,138.316667,6319,65902.590162208
6319,138.333333,6320,65902.606831083
6320,138.350000,6321,65902.623499916
6321,138.383333,6322,65902.656837791
6322,138.400000,6323,65902.673506750
6323,138.416667,6324,65902.690175583
6324,138.433333,6325,65902.706844458
6325,138.466667,6326,65902.740182250
6326,138.483333,6327,65902.756851166
6327,138.500000,6328,65902.773519958
6328,138.533333,6329,65902.806857833
6329,138.550000,6330,65902.823526791
6330,138.566667,6331,65902.840195750
6331,138.583333,6332,65902.856864500
6332,138.616667,6333,65902.890202375
6333,138.633333,6334,65902.906871291
6334,138.666667,6335,65902.940208958
6335,138.683333,6336,65902.956877916
6336,138.700000,6337,65902.973546875
6337,138.733333,6338,65903.006884541
6338,138.750000,6339,65903.023553458
6339,138.766667,6340,65903.040222416
6340,138.800000,6341,65903.073560083
6341,138.816667,6342,65903.090229083
6342,138.833333,6343,65903.106897958
6343,138.850000,6344,65903.123566875
6344,138.883333,6345,65903.156904583
6345,138.900000,6346,65903.173573583
6346,138.916667,6347,65903.190242500
6347,138.933333,6348,65903.206911375
6348,138.966667,6349,65903.240249125
6349,138.983333,6350,65903.256918041
6350,139.000000,6351,65903.273586958
6351,139.033333,6352,65903.306924625
6352,139.050000,6353,65903.323593666
6353,139.066667,6354,65903.340262541
6354,139.100000,6355,65903.373600250
6355,139.116667,6356,65903.390269250
6356,139.133333,6357,65903.406938125
6357,139.166667,6358,65903.440275958
6358,139.183333,6359,65903.456944750
6359,139.216667,6360,65903.490282625
6360,139.233333,6361,65903.506951541
6361,139.250000,6362,65903.523620375
6362,139.283333,6363,65903.556958166
6363,139.300000,6364,65903.573627125
6364,139.316667,6365,65903.590295958
6365,139.350000,6366,65903.623633791
6366,139.366667,6367,65903.640302708
6367,139.400000,6368,65903.673640416
6368,139.416667,6369,65903.690309250
6369,139.433333,6370,65903.706978250
6370,139.466667,6371,65903.740315958
6371,139.483333,6372,65903.756984875
6372,139.516667,6373,65903.790322750
6373,139.533333,6374,65903.806991708
6374,139.550000,6375,65903.823660458
6375,139.583333,6376,65903.856998333
6376,139.600000,6377,65903.873667250
6377,139.633333,6378,65903.907004916
6378,139.650000,6379,65903.923673875
6379,139.683333,6380,65903.957011708
6380,139.700000,6381,65903.973680500
6381,139.716667,6382,65903.990349500
6382,139.750000,6383,65904.023687333
6383,139.766667,6384,65904.040356083
6384,139.800000,6385,65904.073693958
6385,139.816667,6386,65904.090362833
6386,139.833333,6387,65904.107031750
6387,139.866667,6388,65904.140369541
6388,139.883333,6389,65904.157038458
6389,139.916667,6390,65904.190376125
6390,139.933333,6391,65904.207045083
6391,139.966667,6392,65904.240382958
6392,139.983333,6393,65904.257051875
6393,140.016667,6394,65904.290389541
6394,140.033333,6395,65904.307058500
6395,140.066667,6396,65904.340396166
6396,140.083333,6397,65904.357065125
6397,140.100000,6398,65904.373734041
6398,140.133333,6399,65904.407071958
6399,140.150000,6400,65904.423740708
6400,140.183333,6401,65904.457078541
6401,140.200000,6402,65904.473747458
6402,140.233333,6403,65904.507085208
6403,140.250000,6404,65904.523754125
6404,140.266667,6405,65904.540423000
6405,140.300000,6406,65904.573760750
6406,140.316667,6407,65904.590429708
6407,140.333333,6408,65904.607098583
6408,140.366667,6409,65904.640436333
6409,140.383333,6410,65904.657105208
6410,140.416667,6411,65904.690443083
6411,140.433333,6412,65904.707112041
6412,140.450000,6413,65904.723780791
6413,140.483333,6414,65904.757118666
6414,140.500000,6415,65904.773787583
6415,140.516667,6416,65904.790456375
6416,140.533333,6417,65904.807125250
6417,140.566667,6418,65904.840463125
6418,140.583333,6419,65904.857132000
6419,140.600000,6420,65904.873800791
6420,140.633333,6421,65904.907138666
6421,140.650000,6422,65904.923807625
6422,140.666667,6423,65904.940476458
6423,140.700000,6424,65904.973814208
6424,140.716667,6425,65904.990483208
6425,140.733333,6426,65905.007151916
6426,140.766667,6427,65905.040489791
6427,140.783333,6428,65905.057158750
6428,140.800000,6429,65905.073827708
6429,140.833333,6430,65905.107165416
6430,140.850000,6431,65905.123834333
6431,140.866667,6432,65905.140503291
6432,140.900000,6433,65905.173840875
6433,140.916667,6434,65905.190509875
6434,140.933333,6435,65905.207178708
6435,140.950000,6436,65905.223847750
6436,140.983333,6437,65905.257185458
6437,141.000000,6438,65905.273854375
6438,141.016667,6439,65905.290523250
6439,141.050000,6440,65905.323861041
6440,141.066667,6441,65905.340529875
6441,141.083333,6442,65905.357198791
6442,141.100000,6443,65905.373867791
6443,141.133333,6444,65905.407205500
6444,141.150000,6445,65905.423874416
6445,141.166667,6446,65905.440543333
6446,141.200000,6447,65905.473881041
6447,141.216667,6448,65905.490550000
6448,141.233333,6449,65905.507218875
6449,141.266667,6450,65905.540556500
6450,141.283333,6451,65905.557225500
6451,141.300000,6452,65905.573894458
6452,141.316667,6453,65905.590563333
6453,141.350000,6454,65905.623901041
6454,141.366667,6455,65905.640570041
6455,141.383333,6456,65905.657238958
6456,141.416667,6457,65905.690576666
6457,141.433333,6458,65905.707245500
6458,141.466667,6459,65905.740583375
6459,141.483333,6460,65905.757252208
6460,141.516667,6461,65905.790590000
6461,141.533333,6462,65905.807258958
6462,141.566667,6463,65905.840596708
6463,141.583333,6464,65905.857265583
6464,141.600000,6465,65905.873934500
6465,141.633333,6466,65905.907272250
6466,141.650000,6467,65905.923941125
6467,141.683333,6468,65905.957279041
6468,141.700000,6469,65905.973947916
6469,141.716667,6470,65905.990616666
6470,141.750000,6471,65906.023954500
6471,141.766667,6472,65906.040623500
6472,141.800000,6473,65906.073961166
6473,141.816667,6474,65906.090630083
6474,141.850000,6475,65906.123967958
6475,141.866667,6476,65906.140636708
6476,141.883333,6477,65906.157305708
6477,141.916667,6478,65906.190643583
6478,141.933333,6479,65906.207312250
6479,141.966667,6480,65906.240650166
6480,141.983333,6481,65906.257319083
6481,142.000000,6482,65906.273988000
6482,142.033333,6483,65906.307325708
6483,142.050000,6484,65906.323994625
6484,142.083333,6485,65906.357332291
6485,142.100000,6486,65906.374001250
6486,142.116667,6487,65906.390670208
6487,142.150000,6488,65906.424007875
6488,142.166667,6489,65906.440676833
6489,142.183333,6490,65906.457345750
6490,142.216667,6491,65906.490683625
6491,142.233333,6492,65906.507352375
6492,142.266667,6493,65906.540690250
6493,142.283333,6494,65906.557359125
6494,142.300000,6495,65906.574027916
6495,142.333333,6496,65906.607365750
6496,142.350000,6497,65906.624034666
6497,142.366667,6498,65906.640703541
6498,142.400000,6499,65906.674041291
6499,142.416667,6500,65906.690710291
6500,142.433333,6501,65906.707379166
6501,142.450000,6502,65906.724047958
6502,142.483333,6503,65906.757385750
6503,142.500000,6504,65906.774054708
6504,142.516667,6505,65906.790723666
6505,142.550000,6506,65906.824061333
6506,142.566667,6507,65906.840730291
6507,142.583333,6508,65906.857399208
6508,142.600000,6509,65906.874067958
6509,142.633333,6510,65906.907405791
6510,142.650000,6511,65906.924074750
6511,142.666667,6512,65906.940743708
6512,142.683333,6513,65906.957412416
6513,142.716667,6514,65906.990750291
6514,142.733333,6515,65907.007419250
6515,142.750000,6516,65907.024088000
6516,142.766667,6517,65907.040756916
6517,142.783333,6518,65907.057425791
6518,142.816667,6519,65907.090763750
6519,142.833333,6520,65907.107432500
6520,142.850000,6521,65907.124101375
6521,142.866667,6522,65907.140770333
6522,142.900000,6523,65907.174108041
6523,142.916667,6524,65907.190777000
6524,142.933333,6525,65907.207445833
6525,142.966667,6526,65907.240783791
6526,142.983333,6527,65907.257452416
6527,143.000000,6528,65907.274121458
6528,143.033333,6529,65907.307459333
6529,143.050000,6530,65907.324128083
6530,143.066667,6531,65907.340797000
6531,143.083333,6532,65907.357465958
6532,143.116667,6533,65907.390803750
6533,143.133333,6534,65907.407472541
6534,143.150000,6535,65907.424141500
6535,143.183333,6536,65907.457479333
6536,143.200000,6537,65907.474148083
6537,143.216667,6538,65907.490817041
6538,143.250000,6539,65907.524154875
6539,143.266667,6540,65907.540823791
6540,143.283333,6541,65907.557492583
6541,143.316667,6542,65907.590830375
6542,143.333333,6543,65907.607499250
6543,143.350000,6544,65907.624168125
6544,143.383333,6545,65907.657506000
6545,143.400000,6546,65907.674174875
6546,143.416667,6547,65907.690843833
6547,143.450000,6548,65907.724181541
6548,143.466667,6549,65907.740850416
6549,143.483333,6550,65907.757519333
6550,143.516667,6551,65907.790857041
6551,143.533333,6552,65907.807525958
6552,143.550000,6553,65907.824194875
6553,143.583333,6554,65907.857532625
6554,143.600000,6555,65907.874201541
6555,143.633333,6556,65907.907539333
6556,143.650000,6557,65907.924208125
6557,143.683333,6558,65907.957546000
6558,143.700000,6559,65907.974214916
6559,143.716667,6560,65907.990883833
6560,143.750000,6561,65908.024221458
6561,143.766667,6562,65908.040890416
6562,143.800000,6563,65908.074228166
6563,143.816667,6564,65908.090897125
6564,143.850000,6565,65908.124234875
6565,143.866667,6566,65908.140903708
6566,143.900000,6567,65908.174241541
6567,143.916667,6568,65908.190910458
6568,143.950000,6569,65908.224248166
6569,143.966667,6570,65908.240917125
6570,143.983333,6571,65908.257586000
6571,144.016667,6572,65908.290923750
6572,144.033333,6573,65908.307592666
6573,144.066667,6574,65908.340930500
6574,144.083333,6575,65908.357599333
6575,144.116667,6576,65908.390937166
6576,144.133333,6577,65908.407606000
6577,144.166667,6578,65908.440943750
6578,144.183333,6579,65908.457612625
6579,144.200000,6580,65908.474281583
6580,144.233333,6581,65908.507619458
6581,144.250000,6582,65908.524288208
6582,144.283333,6583,65908.557626041
6583,144.300000,6584,65908.574295000
6584,144.316667,6585,65908.590963750
6585,144.350000,6586,65908.624301583
6586,144.366667,6587,65908.640970541
6587,144.400000,6588,65908.674308250
6588,144.416667,6589,65908.690977125
6589,144.433333,6590,65908.707646125
6590,144.466667,6591,65908.740983791
6591,144.483333,6592,65908.757652708
6592,144.500000,6593,65908.774321625
6593,144.516667,6594,65908.790990541
6594,144.550000,6595,65908.824328250
6595,144.566667,6596,65908.840997125
6596,144.583333,6597,65908.857666083
6597,144.616667,6598,65908.891003791
6598,144.633333,6599,65908.907672666
6599,144.650000,6600,65908.924341625
6600,144.683333,6601,65908.957679375
6601,144.700000,6602,65908.974348250
6602,144.716667,6603,65908.991017166
6603,144.750000,6604,65909.024355041
6604,144.766667,6605,65909.041023750
6605,144.783333,6606,65909.057692708
6606,144.800000,6607,65909.074361583
6607,144.833333,6608,65909.107699416
6608,144.850000,6609,65909.124368208
6609,144.866667,6610,65909.141037125
6610,144.900000,6611,65909.174375041
6611,144.916667,6612,65909.191043791
6612,144.933333,6613,65909.207712666
6613,144.966667,6614,65909.241050583
6614,144.983333,6615,65909.257719333
6615,145.000000,6616,65909.274388250
6616,145.033333,6617,65909.307726083
6617,145.050000,6618,65909.324395000
6618,145.066667,6619,65909.341063750
6619,145.100000,6620,65909.374401625
6620,145.116667,6621,65909.391070583
6621,145.133333,6622,65909.407739458
6622,145.166667,6623,65909.441077166
6623,145.183333,6624,65909.457746041
6624,145.200000,6625,65909.474415041
6625,145.233333,6626,65909.507752666
6626,145.250000,6627,65909.524421583
6627,145.266667,6628,65909.541090500
6628,145.300000,6629,65909.574428208
6629,145.316667,6630,65909.591097208
6630,145.333333,6631,65909.607766083
6631,145.366667,6632,65909.641103791
6632,145.383333,6633,65909.657772625
6633,145.400000,6634,65909.674441666
6634,145.433333,6635,65909.707779333
6635,145.450000,6636,65909.724448208
6636,145.466667,6637,65909.741117125
6637,145.500000,6638,65909.774455041
6638,145.516667,6639,65909.791123708
6639,145.533333,6640,65909.807792666
6640,145.566667,6641,65909.841130541
6641,145.583333,6642,65909.857799333
6642,145.616667,6643,65909.891137166
6643,145.633333,6644,65909.907806125
6644,145.650000,6645,65909.924475000
6645,145.683333,6646,65909.957812666
6646,145.700000,6647,65909.974481666
6647,145.716667,6648,65909.991150541
6648,145.750000,6649,65910.024488250
6649,145.766667,6650,65910.041157125
6650,145.800000,6651,65910.074494958
6651,145.816667,6652,65910.091163791
6652,145.833333,6653,65910.107832625
6653,145.866667,6654,65910.141170541
6654,145.883333,6655,65910.157839291
6655,145.916667,6656,65910.191177125
6656,145.933333,6657,65910.207846041
6657,145.950000,6658,65910.224515000
6658,145.983333,6659,65910.257852625
6659,146.000000,6660,65910.274521541
6660,146.016667,6661,65910.291190541
6661,146.050000,6662,65910.324528208
6662,146.066667,6663,65910.341197083
6663,146.100000,6664,65910.374535000
6664,146.116667,6665,65910.391203708
6665,146.133333,6666,65910.407872666
6666,146.166667,6667,65910.441210500
6667,146.183333,6668,65910.457879208
6668,146.200000,6669,65910.474548166
6669,146.233333,6670,65910.507886000
6670,146.250000,6671,65910.524555000
6671,146.283333,6672,65910.557892666
6672,146.300000,6673,65910.574561541
6673,146.316667,6674,65910.591230458
6674,146.350000,6675,65910.624568125
6675,146.366667,6676,65910.641237125
6676,146.400000,6677,65910.674574750
6677,146.416667,6678,65910.691243666
6678,146.450000,6679,65910.724581500
6679,146.466667,6680,65910.741250458
6680,146.500000,6681,65910.774588083
6681,146.516667,6682,65910.791257041
6682,146.533333,6683,65910.807925958
6683,146.566667,6684,65910.841263666
6684,146.583333,6685,65910.857932583
6685,146.616667,6686,65910.891270416
6686,146.633333,6687,65910.907939166
6687,146.666667,6688,65910.941277125
6688,146.683333,6689,65910.957946000
6689,146.716667,6690,65910.991283625
6690,146.733333,6691,65911.007952541
6691,146.766667,6692,65911.041290416
6692,146.783333,6693,65911.057959208
6693,146.816667,6694,65911.091297000
6694,146.833333,6695,65911.107965916
6695,146.866667,6696,65911.141303625
6696,146.883333,6697,65911.157972500
6697,146.916667,6698,65911.191310375
6698,146.933333,6699,65911.207979166
6699,146.950000,6700,65911.224648083
6700,146.983333,6701,65911.257985875
6701,147.000000,6702,65911.274654625
6702,147.033333,6703,65911.307992458
6703,147.050000,6704,65911.324661500
6704,147.083333,6705,65911.357999083
6705,147.100000,6706,65911.374668000
6706,147.133333,6707,65911.408005875
6707,147.150000,6708,65911.424674666
6708,147.183333,6709,65911.458012416
6709,147.200000,6710,65911.474681333
6710,147.233333,6711,65911.508019041
6711,147.250000,6712,65911.524687916
6712,147.266667,6713,65911.541356958
6713,147.300000,6714,65911.574694583
6714,147.316667,6715,65911.591363541
6715,147.350000,6716,65911.624701375
6716,147.366667,6717,65911.641370291
6717,147.400000,6718,65911.674707916
6718,147.416667,6719,65911.691376916
6719,147.450000,6720,65911.724714625
6720,147.466667,6721,65911.741383458
6721,147.483333,6722,65911.758052375
6722,147.516667,6723,65911.791390291
6723,147.533333,6724,65911.808059041
6724,147.566667,6725,65911.841396875
6725,147.583333,6726,65911.858065791
6726,147.616667,6727,65911.891403458
6727,147.633333,6728,65911.908072416
6728,147.650000,6729,65911.924741333
6729,147.683333,6730,65911.958079041
6730,147.700000,6731,65911.974747875
6731,147.733333,6732,65912.008085750
6732,147.750000,6733,65912.024754541
6733,147.783333,6734,65912.058092375
6734,147.800000,6735,65912.074761291
6735,147.816667,6736,65912.091430000
6736,147.850000,6737,65912.124767875
6737,147.866667,6738,65912.141436791
6738,147.900000,6739,65912.174774500
6739,147.916667,6740,65912.191443416
6740,147.950000,6741,65912.224781208
6741,147.966667,6742,65912.241450000
6742,148.000000,6743,65912.274787791
6743,148.016667,6744,65912.291456708
6744,148.050000,6745,65912.324794416
6745,148.066667,6746,65912.341463416
6746,148.083333,6747,65912.358132291
6747,148.116667,6748,65912.391469958
6748,148.133333,6749,65912.408138875
6749,148.166667,6750,65912.441476708
6750,148.183333,6751,65912.458145708
6751,148.216667,6752,65912.491483333
6752,148.233333,6753,65912.508152291
6753,148.266667,6754,65912.541489916
6754,148.283333,6755,65912.558158875
6755,148.316667,6756,65912.591496708
6756,148.333333,6757,65912.608165625
6757,148.366667,6758,65912.641503250
6758,148.383333,6759,65912.658172291
6759,148.416667,6760,65912.691509875
6760,148.433333,6761,65912.708178791
6761,148.450000,6762,65912.724847791
6762,148.483333,6763,65912.758185541
6763,148.500000,6764,65912.774854416
6764,148.533333,6765,65912.808192166
6765,148.550000,6766,65912.824861125
6766,148.583333,6767,65912.858198750
6767,148.600000,6768,65912.874867708
6768,148.633333,6769,65912.908205583
6769,148.650000,6770,65912.924874333
6770,148.683333,6771,65912.958212125
6771,148.700000,6772,65912.974881083
6772,148.733333,6773,65913.008218750
6773,148.750000,6774,65913.024887666
6774,148.783333,6775,65913.058225500
6775,148.800000,6776,65913.074894208
6776,148.816667,6777,65913.091563208
6777,148.850000,6778,65913.124901000
6778,148.866667,6779,65913.141569750
6779,148.883333,6780,65913.158238666
6780,148.916667,6781,65913.191576541
6781,148.933333,6782,65913.208245458
6782,148.966667,6783,65913.241583083
6783,148.983333,6784,65913.258252083
6784,149.000000,6785,65913.274920958
6785,149.033333,6786,65913.308258666
6786,149.050000,6787,65913.324927583
6787,149.066667,6788,65913.341596583
6788,149.100000,6789,65913.374934166
6789,149.116667,6790,65913.391603083
6790,149.150000,6791,65913.424940916
6791,149.166667,6792,65913.441609625
6792,149.183333,6793,65913.458278625
6793,149.216667,6794,65913.491616458
6794,149.233333,6795,65913.508285208
6795,149.250000,6796,65913.524954083
6796,149.283333,6797,65913.558292000
6797,149.300000,6798,65913.574960958
6798,149.316667,6799,65913.591629583
6799,149.350000,6800,65913.624967500
6800,149.366667,6801,65913.641636375
6801,149.383333,6802,65913.658305375
6802,149.400000,6803,65913.674974125
6803,149.433333,6804,65913.708311958
6804,149.450000,6805,65913.724980916
6805,149.466667,6806,65913.741649666
6806,149.500000,6807,65913.774987500
6807,149.516667,6808,65913.791656333
6808,149.533333,6809,65913.808325166
6809,149.550000,6810,65913.824994041
6810,149.583333,6811,65913.858331916
6811,149.600000,6812,65913.875000750
6812,149.616667,6813,65913.891669583
6813,149.650000,6814,65913.925007458
6814,149.666667,6815,65913.941676375
6815,149.683333,6816,65913.958345041
6816,149.700000,6817,65913.975013958
6817,149.733333,6818,65914.008351916
6818,149.750000,6819,65914.025020791
6819,149.766667,6820,65914.041689500
6820,149.800000,6821,65914.075027333
6821,149.816667,6822,65914.091696333
6822,149.833333,6823,65914.108365041
6823,149.866667,6824,65914.141702875
6824,149.883333,6825,65914.158371875
6825,149.900000,6826,65914.175040750
6826,149.933333,6827,65914.208378416
6827,149.950000,6828,65914.225047333
6828,149.966667,6829,65914.241716250
6829,150.000000,6830,65914.275053958
6830,150.016667,6831,65914.291722791
6831,150.033333,6832,65914.308391833
6832,150.066667,6833,65914.341729500
6833,150.083333,6834,65914.358398333
6834,150.100000,6835,65914.375067333
6835,150.133333,6836,65914.408404958
6836,150.150000,6837,65914.425073916
6837,150.166667,6838,65914.441742833
6838,150.200000,6839,65914.475080708
6839,150.216667,6840,65914.491749375
6840,150.233333,6841,65914.508418375
6841,150.250000,6842,65914.525087250
6842,150.283333,6843,65914.558424916
6843,150.300000,6844,65914.575093833
6844,150.333333,6845,65914.608431708
6845,150.350000,6846,65914.625100625
6846,150.366667,6847,65914.641769375
6847,150.400000,6848,65914.675107250
6848,150.416667,6849,65914.691776083
6849,150.433333,6850,65914.708444875
6850,150.466667,6851,65914.741782791
6851,150.483333,6852,65914.758451625
6852,150.500000,6853,65914.775120625
6853,150.533333,6854,65914.808458250
6854,150.550000,6855,65914.825127208
6855,150.583333,6856,65914.858464833
6856,150.600000,6857,65914.875133750
6857,150.633333,6858,65914.908471625
6858,150.650000,6859,65914.925140333
6859,150.683333,6860,65914.958478166
6860,150.700000,6861,65914.975147166
6861,150.716667,6862,65914.991816041
6862,150.750000,6863,65915.025153666
6863,150.766667,6864,65915.041822666
6864,150.783333,6865,65915.058491583
6865,150.800000,6866,65915.075160500
6866,150.833333,6867,65915.108498125
6867,150.850000,6868,65915.125167125
6868,150.883333,6869,65915.158504750
6869,150.900000,6870,65915.175173750
6870,150.916667,6871,65915.191842625
6871,150.950000,6872,65915.225180208
6872,150.966667,6873,65915.241849208
6873,151.000000,6874,65915.275187083
6874,151.016667,6875,65915.291855916
6875,151.050000,6876,65915.325193666
6876,151.066667,6877,65915.341862500
6877,151.100000,6878,65915.375200250
6878,151.116667,6879,65915.391869208
6879,151.133333,6880,65915.408538083
6880,151.166667,6881,65915.441875958
6881,151.183333,6882,65915.458544666
6882,151.216667,6883,65915.491882541
6883,151.233333,6884,65915.508551458
6884,151.266667,6885,65915.541889041
6885,151.283333,6886,65915.558558041
6886,151.300000,6887,65915.575226916
6887,151.333333,6888,65915.608564625
6888,151.350000,6889,65915.625233583
6889,151.383333,6890,65915.658571375
6890,151.400000,6891,65915.675240125
6891,151.433333,6892,65915.708578000
6892,151.450000,6893,65915.725246875
6893,151.483333,6894,65915.758584583
6894,151.500000,6895,65915.775253500
6895,151.533333,6896,65915.808591375
6896,151.550000,6897,65915.825260041
6897,151.583333,6898,65915.858597958
6898,151.600000,6899,65915.875266833
6899,151.616667,6900,65915.891935750
6900,151.650000,6901,65915.925273416
6901,151.666667,6902,65915.941942333
6902,151.700000,6903,65915.975280041
6903,151.716667,6904,65915.991948958
6904,151.750000,6905,65916.025286833
6905,151.766667,6906,65916.041955708
6906,151.783333,6907,65916.058624458
6907,151.816667,6908,65916.091962250
6908,151.833333,6909,65916.108631166
6909,151.866667,6910,65916.141968875
6910,151.883333,6911,65916.158637833
6911,151.900000,6912,65916.175306791
6912,151.933333,6913,65916.208644416
6913,151.950000,6914,65916.225313333
6914,151.966667,6915,65916.241982291
6915,152.000000,6916,65916.275319958
6916,152.016667,6917,65916.291988916
6917,152.050000,6918,65916.325326708
6918,152.066667,6919,65916.341995375
6919,152.083333,6920,65916.358664375
6920,152.116667,6921,65916.392002208
6921,152.133333,6922,65916.408671125
6922,152.166667,6923,65916.442008833
6923,152.183333,6924,65916.458677750
6924,152.200000,6925,65916.475346666
6925,152.233333,6926,65916.508684291
6926,152.250000,6927,65916.525353250
6927,152.283333,6928,65916.558691083
6928,152.300000,6929,65916.575359833
6929,152.316667,6930,65916.592028750
6930,152.350000,6931,65916.625366541
6931,152.366667,6932,65916.642035375
6932,152.383333,6933,65916.658704250
6933,152.416667,6934,65916.692042125
6934,152.433333,6935,65916.708711041
6935,152.466667,6936,65916.742048708
6936,152.483333,6937,65916.758717625
6937,152.500000,6938,65916.775386541
6938,152.533333,6939,65916.808724208
6939,152.550000,6940,65916.825393166
6940,152.583333,6941,65916.858730958
6941,152.600000,6942,65916.875399791
6942,152.616667,6943,65916.892068666
6943,152.650000,6944,65916.925406416
6944,152.666667,6945,65916.942075166
6945,152.683333,6946,65916.958744208
6946,152.716667,6947,65916.992081958
6947,152.733333,6948,65917.008750958
6948,152.766667,6949,65917.042088625
6949,152.783333,6950,65917.058757500
6950,152.800000,6951,65917.075426416
6951,152.833333,6952,65917.108764125
6952,152.850000,6953,65917.125433083
6953,152.883333,6954,65917.158770833
6954,152.900000,6955,65917.175439625
6955,152.933333,6956,65917.208777500
6956,152.950000,6957,65917.225446416
6957,152.983333,6958,65917.258784041
6958,153.000000,6959,65917.275452958
6959,153.016667,6960,65917.292121916
6960,153.050000,6961,65917.325459583
6961,153.066667,6962,65917.342128500
6962,153.100000,6963,65917.375466333
6963,153.116667,6964,65917.392135000
6964,153.150000,6965,65917.425472875
6965,153.166667,6966,65917.442141875
6966,153.200000,6967,65917.475479500
6967,153.216667,6968,65917.492148416
6968,153.250000,6969,65917.525486291
6969,153.266667,6970,65917.542155041
6970,153.300000,6971,65917.575492875
6971,153.316667,6972,65917.592161750
6972,153.350000,6973,65917.625499416
6973,153.366667,6974,65917.642168333
6974,153.383333,6975,65917.658837291
6975,153.416667,6976,65917.692174958
6976,153.433333,6977,65917.708843916
6977,153.466667,6978,65917.742181708
6978,153.483333,6979,65917.758850541
6979,153.516667,6980,65917.792188333
6980,153.533333,6981,65917.808857208
6981,153.566667,6982,65917.842194916
6982,153.583333,6983,65917.858863833
6983,153.616667,6984,65917.892201666
6984,153.633333,6985,65917.908870541
6985,153.666667,6986,65917.942208250
6986,153.683333,6987,65917.958877208
6987,153.716667,6988,65917.992214875
6988,153.733333,6989,65918.008883791
6989,153.766667,6990,65918.042221541
6990,153.800000,6991,65918.075559333
6991,153.816667,6992,65918.092228166
6992,153.850000,6993,65918.125566041
6993,153.866667,6994,65918.142234750
6994,153.900000,6995,65918.175572625
6995,153.916667,6996,65918.192241583
6996,153.950000,6997,65918.225579208
6997,153.966667,6998,65918.242248166
6998,154.000000,6999,65918.275586000
6999,154.033333,7000,65918.308923666
7000,154.050000,7001,65918.325592583
7001,154.083333,7002,65918.358930166
7002,154.100000,7003,65918.375599208
7003,154.133333,7004,65918.408937041
7004,154.150000,7005,65918.425605958
7005,154.166667,7006,65918.442274666
7006,154.200000,7007,65918.475612541
7007,154.216667,7008,65918.492281458
7008,154.233333,7009,65918.508950125
7009,154.266667,7010,65918.542288041
7010,154.283333,7011,65918.558956916
7011,154.300000,7012,65918.575625875
7012,154.333333,7013,65918.608963583
7013,154.350000,7014,65918.625632500
7014,154.383333,7015,65918.658970083
7015,154.400000,7016,65918.675639041
7016,154.416667,7017,65918.692308000
7017,154.450000,7018,65918.725645875
7018,154.466667,7019,65918.742314625
7019,154.500000,7020,65918.775652375
7020,154.516667,7021,65918.792321291
7021,154.533333,7022,65918.808990083
7022,154.566667,7023,65918.842327916
7023,154.583333,7024,65918.858996833
7024,154.616667,7025,65918.892334458
7025,154.633333,7026,65918.909003500
7026,154.666667,7027,65918.942341250
7027,154.683333,7028,65918.959010083
7028,154.716667,7029,65918.992347916
7029,154.733333,7030,65919.009016750
7030,154.750000,7031,65919.025685541
7031,154.766667,7032,65919.042354500
7032,154.800000,7033,65919.075692333
7033,154.816667,7034,65919.092361208
7034,154.850000,7035,65919.125698875
7035,154.866667,7036,65919.142367833
7036,154.900000,7037,65919.175705458
7037,154.916667,7038,65919.192374458
7038,154.950000,7039,65919.225712208
7039,154.966667,7040,65919.242381125
7040,155.000000,7041,65919.275718875
7041,155.016667,7042,65919.292387708
7042,155.050000,7043,65919.325725541
7043,155.066667,7044,65919.342394291
7044,155.100000,7045,65919.375732166
7045,155.116667,7046,65919.392401083
7046,155.133333,7047,65919.409069833
7047,155.166667,7048,65919.442407708
7048,155.183333,7049,65919.459076583
7049,155.216667,7050,65919.492414333
7050,155.233333,7051,65919.509083208
7051,155.250000,7052,65919.525752083
7052,155.283333,7053,65919.559089750
7053,155.300000,7054,65919.575758666
7054,155.316667,7055,65919.592427666
7055,155.350000,7056,65919.625765333
7056,155.366667,7057,65919.642434250
7057,155.400000,7058,65919.675772041
7058,155.416667,7059,65919.692441041
7059,155.433333,7060,65919.709109708
7060,155.466667,7061,65919.742447583
7061,155.483333,7062,65919.759116416
7062,155.500000,7063,65919.775785250
7063,155.533333,7064,65919.809123083
7064,155.550000,7065,65919.825791958
7065,155.583333,7066,65919.859129708
7066,155.600000,7067,65919.875798625
7067,155.633333,7068,65919.909136416
7068,155.650000,7069,65919.925805250
7069,155.666667,7070,65919.942474125
7070,155.700000,7071,65919.975811875
7071,155.716667,7072,65919.992480875
7072,155.750000,7073,65920.025818541
7073,155.766667,7074,65920.042487500
7074,155.783333,7075,65920.059156375
7075,155.816667,7076,65920.092494083
7076,155.833333,7077,65920.109163000
7077,155.850000,7078,65920.125831916
7078,155.883333,7079,65920.159169541
7079,155.900000,7080,65920.175838500
7080,155.933333,7081,65920.209176333
7081,155.950000,7082,65920.225845125
7082,155.966667,7083,65920.242514041
7083,156.000000,7084,65920.275851791
7084,156.016667,7085,65920.292520708
7085,156.033333,7086,65920.309189541
7086,156.066667,7087,65920.342527375
7087,156.083333,7088,65920.359196291
7088,156.100000,7089,65920.375865000
7089,156.133333,7090,65920.409202833
7090,156.150000,7091,65920.425871791
7091,156.166667,7092,65920.442540625
7092,156.200000,7093,65920.475878333
7093,156.216667,7094,65920.492547250
7094,156.233333,7095,65920.509216250
7095,156.266667,7096,65920.542553875
7096,156.283333,7097,65920.559222833
7097,156.300000,7098,65920.575891708
7098,156.333333,7099,65920.609229416
7099,156.350000,7100,65920.625898291
7100,156.366667,7101,65920.642567166
7101,156.400000,7102,65920.675904916
7102,156.416667,7103,65920.692573833
7103,156.450000,7104,65920.725911625
7104,156.466667,7105,65920.742580583
7105,156.483333,7106,65920.759249375
7106,156.516667,7107,65920.792587083
7107,156.533333,7108,65920.809256041
7108,156.550000,7109,65920.825924791
7109,156.583333,7110,65920.859262666
7110,156.600000,7111,65920.875931625
7111,156.616667,7112,65920.892600375
7112,156.650000,7113,65920.925938208
7113,156.666667,7114,65920.942607125
7114,156.683333,7115,65920.959276000
7115,156.716667,7116,65920.992613666
7116,156.733333,7117,65921.009282625
7117,156.750000,7118,65921.025951500
7118,156.783333,7119,65921.059289208
7119,156.800000,7120,65921.075958041
7120,156.816667,7121,65921.092627083
7121,156.850000,7122,65921.125964750
7122,156.866667,7123,65921.142633625
7123,156.900000,7124,65921.175971458
7124,156.916667,7125,65921.192640250
7125,156.933333,7126,65921.209309125
7126,156.966667,7127,65921.242647000
7127,156.983333,7128,65921.259315916
7128,157.000000,7129,65921.275984666
7129,157.033333,7130,65921.309322458
7130,157.050000,7131,65921.325991416
7131,157.066667,7132,65921.342660166
7132,157.100000,7133,65921.375998000
7133,157.116667,7134,65921.392666875
7134,157.150000,7135,65921.426004625
7135,157.166667,7136,65921.442673500
7136,157.183333,7137,65921.459342416
7137,157.216667,7138,65921.492680083
7138,157.233333,7139,65921.509349000
7139,157.250000,7140,65921.526017958
7140,157.266667,7141,65921.542686833
7141,157.300000,7142,65921.576024541
7142,157.316667,7143,65921.592693458
7143,157.333333,7144,65921.609362333
7144,157.350000,7145,65921.626031333
7145,157.383333,7146,65921.659369000
7146,157.400000,7147,65921.676037916
7147,157.433333,7148,65921.709375750
7148,157.450000,7149,65921.726044500
7149,157.466667,7150,65921.742713416
7150,157.500000,7151,65921.776051208
7151,157.516667,7152,65921.792720000
7152,157.533333,7153,65921.809388916
7153,157.566667,7154,65921.842726750
7154,157.583333,7155,65921.859395666
7155,157.616667,7156,65921.892733291
7156,157.633333,7157,65921.909402208
7157,157.650000,7158,65921.926071166
7158,157.683333,7159,65921.959408875
7159,157.700000,7160,65921.976077750
7160,157.716667,7161,65921.992746666
7161,157.750000,7162,65922.026084333
7162,157.766667,7163,65922.042753250
7163,157.783333,7164,65922.059422208
7164,157.816667,7165,65922.092759916
7165,157.833333,7166,65922.109428833
7166,157.850000,7167,65922.126097666
7167,157.866667,7168,65922.142766583
7168,157.900000,7169,65922.176104250
7169,157.916667,7170,65922.192773125
7170,157.933333,7171,65922.209442166
7171,157.950000,7172,65922.226111000
7172,157.983333,7173,65922.259448708
7173,158.000000,7174,65922.276117625
7174,158.016667,7175,65922.292786541
7175,158.033333,7176,65922.309455333
7176,158.066667,7177,65922.342793125
7177,158.083333,7178,65922.359462083
7178,158.100000,7179,65922.376131000
7179,158.116667,7180,65922.392799791
7180,158.150000,7181,65922.426137583
7181,158.166667,7182,65922.442806458
7182,158.183333,7183,65922.459475208
7183,158.200000,7184,65922.476144166
7184,158.233333,7185,65922.509481958
7185,158.250000,7186,65922.526150875
7186,158.266667,7187,65922.542819666
7187,158.283333,7188,65922.559488583
7188,158.316667,7189,65922.592826458
7189,158.333333,7190,65922.609495208
7190,158.350000,7191,65922.626164083
7191,158.366667,7192,65922.642833000
7192,158.400000,7193,65922.676170833
7193,158.416667,7194,65922.692839625
7194,158.433333,7195,65922.709508541
7195,158.450000,7196,65922.726177458
7196,158.483333,7197,65922.759515083
7197,158.500000,7198,65922.776184041
7198,158.516667,7199,65922.792852916
7199,158.533333,7200,65922.809521833
7200,158.550000,7201,65922.826190833
7201,158.583333,7202,65922.859528416
7202,158.600000,7203,65922.876197250
7203,158.616667,7204,65922.892866291
7204,158.633333,7205,65922.909535041
7205,158.666667,7206,65922.942872833
7206,158.683333,7207,65922.959541750
7207,158.700000,7208,65922.976210750
7208,158.716667,7209,65922.992879458
7209,158.750000,7210,65923.026217333
7210,158.766667,7211,65923.042886208
7211,158.783333,7212,65923.059555000
7212,158.800000,7213,65923.076223916
7213,158.833333,7214,65923.109561791
7214,158.850000,7215,65923.126230708
7215,158.866667,7216,65923.142899375
7216,158.900000,7217,65923.176237250
7217,158.916667,7218,65923.192906166
7218,158.933333,7219,65923.209574916
7219,158.950000,7220,65923.226243750
7220,158.983333,7221,65923.259581708
7221,159.000000,7222,65923.276250583
7222,159.016667,7223,65923.292919375
7223,159.050000,7224,65923.326257166
7224,159.066667,7225,65923.342926041
7225,159.083333,7226,65923.359594833
7226,159.100000,7227,65923.376263791
7227,159.133333,7228,65923.409601583
7228,159.150000,7229,65923.426270375
7229,159.166667,7230,65923.442939250
7230,159.183333,7231,65923.459608166
7231,159.216667,7232,65923.492946041
7232,159.233333,7233,65923.509614791
7233,159.250000,7234,65923.526283666
7234,159.283333,7235,65923.559621541
7235,159.300000,7236,65923.576290458
7236,159.316667,7237,65923.592959166
7237,159.350000,7238,65923.626297000
7238,159.366667,7239,65923.642966000
7239,159.383333,7240,65923.659634708
7240,159.416667,7241,65923.692972541
7241,159.433333,7242,65923.709641458
7242,159.450000,7243,65923.726310208
7243,159.483333,7244,65923.759648041
7244,159.500000,7245,65923.776316916
7245,159.516667,7246,65923.792985875
7246,159.550000,7247,65923.826323458
7247,159.566667,7248,65923.842992416
7248,159.583333,7249,65923.859661375
7249,159.616667,7250,65923.892998958
7250,159.633333,7251,65923.909667958
7251,159.650000,7252,65923.926336875
7252,159.666667,7253,65923.943005833
7253,159.700000,7254,65923.976343458
7254,159.716667,7255,65923.993012416
7255,159.733333,7256,65924.009681291
7256,159.766667,7257,65924.043018958
7257,159.783333,7258,65924.059687791
7258,159.816667,7259,65924.093025791
7259,159.833333,7260,65924.109694500
7260,159.850000,7261,65924.126363375
7261,159.883333,7262,65924.159701208
7262,159.900000,7263,65924.176369958
7263,159.916667,7264,65924.193038916
7264,159.950000,7265,65924.226376750
7265,159.966667,7266,65924.243045666
7266,159.983333,7267,65924.259714375
7267,160.016667,7268,65924.293052208
7268,160.033333,7269,65924.309721166
7269,160.066667,7270,65924.343058833
7270,160.083333,7271,65924.359727750
7271,160.100000,7272,65924.376396666
7272,160.133333,7273,65924.409734291
7273,160.150000,7274,65924.426403208
7274,160.166667,7275,65924.443072125
7275,160.200000,7276,65924.476409791
7276,160.216667,7277,65924.493078708
7277,160.233333,7278,65924.509747666
7278,160.266667,7279,65924.543085541
7279,160.283333,7280,65924.559754291
7280,160.300000,7281,65924.576423208
7281,160.333333,7282,65924.609761000
7282,160.350000,7283,65924.626429708
7283,160.366667,7284,65924.643098666
7284,160.400000,7285,65924.676436500
7285,160.416667,7286,65924.693105416
7286,160.433333,7287,65924.709774166
7287,160.466667,7288,65924.743111958
7288,160.483333,7289,65924.759780958
7289,160.500000,7290,65924.776449708
7290,160.533333,7291,65924.809787500
7291,160.550000,7292,65924.826456416
7292,160.566667,7293,65924.843125125
7293,160.583333,7294,65924.859794083
7294,160.616667,7295,65924.893131958
7295,160.633333,7296,65924.909800833
7296,160.650000,7297,65924.926469583
7297,160.683333,7298,65924.959807458
7298,160.700000,7299,65924.976476333
7299,160.716667,7300,65924.993145250
7300,160.733333,7301,65925.009814000
7301,160.766667,7302,65925.043151833
7302,160.783333,7303,65925.059820791
7303,160.800000,7304,65925.076489541
7304,160.816667,7305,65925.093158458
7305,160.850000,7306,65925.126496208
7306,160.866667,7307,65925.143165083
7307,160.883333,7308,65925.159833958
7308,160.900000,7309,65925.176502875
7309,160.933333,7310,65925.209840666
7310,160.950000,7311,65925.226509458
7311,160.966667,7312,65925.243178375
7312,160.983333,7313,65925.259847208
7313,161.016667,7314,65925.293184875
7314,161.033333,7315,65925.309853875
7315,161.050000,7316,65925.326522666
7316,161.066667,7317,65925.343191708
7317,161.100000,7318,65925.376529333
7318,161.116667,7319,65925.393198291
7319,161.133333,7320,65925.409867208
7320,161.150000,7321,65925.426536166
7321,161.166667,7322,65925.443204833
7322,161.200000,7323,65925.476542708
7323,161.216667,7324,65925.493211625
7324,161.233333,7325,65925.509880500
7325,161.250000,7326,65925.526549291
7326,161.283333,7327,65925.559887083
7327,161.300000,7328,65925.576556041
7328,161.316667,7329,65925.593224750
7329,161.333333,7330,65925.609893708
7330,161.366667,7331,65925.643231541
7331,161.383333,7332,65925.659900416
7332,161.400000,7333,65925.676569250
7333,161.416667,7334,65925.693238166
7334,161.433333,7335,65925.709907041
7335,161.466667,7336,65925.743244666
7336,161.483333,7337,65925.759913625
7337,161.500000,7338,65925.776582541
7338,161.516667,7339,65925.793251458
7339,161.533333,7340,65925.809920333
7340,161.566667,7341,65925.843258000
7341,161.583333,7342,65925.859926958
7342,161.600000,7343,65925.876595833
7343,161.616667,7344,65925.893264625
7344,161.633333,7345,65925.909933541
7345,161.666667,7346,65925.943271375
7346,161.683333,7347,65925.959940333
7347,161.700000,7348,65925.976609000
7348,161.716667,7349,65925.993277916
7349,161.750000,7350,65926.026615791
7350,161.766667,7351,65926.043284500
7351,161.783333,7352,65926.059953416
7352,161.816667,7353,65926.093291291
7353,161.833333,7354,65926.109960208
7354,161.850000,7355,65926.126628916
7355,161.883333,7356,65926.159966833
7356,161.900000,7357,65926.176635666
7357,161.916667,7358,65926.193304458
7358,161.933333,7359,65926.209973333
7359,161.966667,7360,65926.243311166
7360,161.983333,7361,65926.259979958
7361,162.000000,7362,65926.276648833
7362,162.033333,7363,65926.309986708
7363,162.050000,7364,65926.326655625
7364,162.066667,7365,65926.343324375
7365,162.100000,7366,65926.376662208
7366,162.116667,7367,65926.393331083
7367,162.133333,7368,65926.410000041
7368,162.166667,7369,65926.443337666
7369,162.183333,7370,65926.460006625
7370,162.200000,7371,65926.476675541
7371,162.233333,7372,65926.510013166
7372,162.250000,7373,65926.526682083
7373,162.266667,7374,65926.543351000
7374,162.283333,7375,65926.560019750
7375,162.316667,7376,65926.593357625
7376,162.333333,7377,65926.610026458
7377,162.350000,7378,65926.626695500
7378,162.366667,7379,65926.643364166
7379,162.400000,7380,65926.676702041
7380,162.416667,7381,65926.693370875
7381,162.433333,7382,65926.710039666
7382,162.450000,7383,65926.726708583
7383,162.483333,7384,65926.760046375
7384,162.500000,7385,65926.776715333
7385,162.516667,7386,65926.793384083
7386,162.533333,7387,65926.810053000
7387,162.566667,7388,65926.843390875
7388,162.583333,7389,65926.860059583
7389,162.600000,7390,65926.876728458
7390,162.633333,7391,65926.910066333
7391,162.650000,7392,65926.926735291
7392,162.666667,7393,65926.943404000
7393,162.700000,7394,65926.976741791
7394,162.716667,7395,65926.993410750
7395,162.733333,7396,65927.010079500
7396,162.766667,7397,65927.043417375
7397,162.783333,7398,65927.060086208
7398,162.800000,7399,65927.076755125
7399,162.833333,7400,65927.110092750
7400,162.850000,7401,65927.126761666
7401,162.883333,7402,65927.160099333
7402,162.900000,7403,65927.176768291
7403,162.933333,7404,65927.210106166
7404,162.950000,7405,65927.226775041
7405,162.966667,7406,65927.243443833
7406,163.000000,7407,65927.276781541
7407,163.016667,7408,65927.293450583
7408,163.050000,7409,65927.326788208
7409,163.066667,7410,65927.343457083
7410,163.083333,7411,65927.360126083
7411,163.116667,7412,65927.393463666
7412,163.133333,7413,65927.410132625
7413,163.150000,7414,65927.426801541
7414,163.183333,7415,65927.460139166
7415,163.200000,7416,65927.476808041
7416,163.216667,7417,65927.493477041
7417,163.250000,7418,65927.526814791
7418,163.266667,7419,65927.543483625
7419,163.283333,7420,65927.560152541
7420,163.300000,7421,65927.576821416
7421,163.333333,7422,65927.610159083
7422,163.350000,7423,65927.626828041
7423,163.366667,7424,65927.643496958
7424,163.400000,7425,65927.676834583
7425,163.416667,7426,65927.693503500
7426,163.433333,7427,65927.710172458
7427,163.466667,7428,65927.743510291
7428,163.483333,7429,65927.760179041
7429,163.500000,7430,65927.776847916
7430,163.516667,7431,65927.793516833
7431,163.550000,7432,65927.826854458
7432,163.566667,7433,65927.843523458
7433,163.583333,7434,65927.860192333
7434,163.616667,7435,65927.893530166
7435,163.633333,7436,65927.910198875
7436,163.650000,7437,65927.926867750
7437,163.683333,7438,65927.960205666
7438,163.700000,7439,65927.976874416
7439,163.716667,7440,65927.993543333
7440,163.750000,7441,65928.026881166
7441,163.766667,7442,65928.043550041
7442,163.783333,7443,65928.060218833
7443,163.816667,7444,65928.093556625
7444,163.833333,7445,65928.110225583
7445,163.850000,7446,65928.126894208
7446,163.883333,7447,65928.160232083
7447,163.900000,7448,65928.176901000
7448,163.933333,7449,65928.210238708
7449,163.950000,7450,65928.226907583
7450,163.966667,7451,65928.243576583
7451,164.000000,7452,65928.276914125
7452,164.016667,7453,65928.293583125
7453,164.033333,7454,65928.310252000
7454,164.066667,7455,65928.343589875
7455,164.083333,7456,65928.360258583
7456,164.116667,7457,65928.393596458
7457,164.133333,7458,65928.410265333
7458,164.150000,7459,65928.426934041
7459,164.183333,7460,65928.460271916
7460,164.200000,7461,65928.476940833
7461,164.233333,7462,65928.510278458
7462,164.250000,7463,65928.526947416
7463,164.283333,7464,65928.560285291
7464,164.300000,7465,65928.576953958
7465,164.316667,7466,65928.593622916
7466,164.350000,7467,65928.626960791
7467,164.366667,7468,65928.643629666
7468,164.400000,7469,65928.676967333
7469,164.416667,7470,65928.693636250
7470,164.433333,7471,65928.710305125
7471,164.466667,7472,65928.743642791
7472,164.483333,7473,65928.760311750
7473,164.516667,7474,65928.793649583
7474,164.533333,7475,65928.810318291
7475,164.550000,7476,65928.826987208
7476,164.583333,7477,65928.860324958
7477,164.600000,7478,65928.876993791
7478,164.616667,7479,65928.893662708
7479,164.650000,7480,65928.927000541
7480,164.666667,7481,65928.943669458
7481,164.683333,7482,65928.960338208
7482,164.716667,7483,65928.993676000
7483,164.733333,7484,65929.010344916
7484,164.750000,7485,65929.027013666
7485,164.783333,7486,65929.060351541
7486,164.800000,7487,65929.077020458
7487,164.816667,7488,65929.093689166
7488,164.850000,7489,65929.127026958
7489,164.866667,7490,65929.143695916
7490,164.900000,7491,65929.177033583
7491,164.916667,7492,65929.193702500
7492,164.933333,7493,65929.210371458
7493,164.966667,7494,65929.243709083
7494,164.983333,7495,65929.260378000
7495,165.016667,7496,65929.293715833
7496,165.033333,7497,65929.310384708
7497,165.050000,7498,65929.327053458
7498,165.083333,7499,65929.360391333
7499,165.100000,7500,65929.377060250
7500,165.133333,7501,65929.410397875
7501,165.150000,7502,65929.427066833
7502,165.166667,7503,65929.443735708
7503,165.200000,7504,65929.477073375
7504,165.216667,7505,65929.493742333
7505,165.250000,7506,65929.527080083
7506,165.266667,7507,65929.543748875
7507,165.283333,7508,65929.560417791
7508,165.316667,7509,65929.593755583
7509,165.333333,7510,65929.610424541
7510,165.366667,7511,65929.643762166
7511,165.383333,7512,65929.660431125
7512,165.416667,7513,65929.693768750
7513,165.433333,7514,65929.710437666
7514,165.450000,7515,65929.727106583
7515,165.483333,7516,65929.760444375
7516,165.500000,7517,65929.777113125
7517,165.533333,7518,65929.810451041
7518,165.550000,7519,65929.827119875
7519,165.566667,7520,65929.843788625
7520,165.600000,7521,65929.877126416
7521,165.616667,7522,65929.893795416
7522,165.650000,7523,65929.927133083
7523,165.666667,7524,65929.943801958
7524,165.683333,7525,65929.960470916
7525,165.716667,7526,65929.993808541
7526,165.733333,7527,65930.010477416
7527,165.766667,7528,65930.043815291
7528,165.783333,7529,65930.060484166
7529,165.800000,7530,65930.077152875
7530,165.833333,7531,65930.110490791
7531,165.850000,7532,65930.127159708
7532,165.883333,7533,65930.160497375
7533,165.900000,7534,65930.177166291
7534,165.933333,7535,65930.210504041
7535,165.950000,7536,65930.227172875
7536,165.966667,7537,65930.243841708
7537,166.000000,7538,65930.277179541
7538,166.016667,7539,65930.293848333
7539,166.050000,7540,65930.327186166
7540,166.066667,7541,65930.343855125
7541,166.083333,7542,65930.360523958
7542,166.116667,7543,65930.393861666
7543,166.133333,7544,65930.410530625
7544,166.150000,7545,65930.427199458
7545,166.183333,7546,65930.460537125
7546,166.200000,7547,65930.477206000
7547,166.216667,7548,65930.493875000
7548,166.250000,7549,65930.527212583
7549,166.266667,7550,65930.543881500
7550,166.283333,7551,65930.560550458
7551,166.316667,7552,65930.593888083
7552,166.333333,7553,65930.610557000
7553,166.366667,7554,65930.643894791
7554,166.383333,7555,65930.660563583
7555,166.416667,7556,65930.693901458
7556,166.433333,7557,65930.710570291
7557,166.450000,7558,65930.727239208
7558,166.483333,7559,65930.760576916
7559,166.500000,7560,65930.777245791
7560,166.533333,7561,65930.810583500
7561,166.550000,7562,65930.827252375
7562,166.566667,7563,65930.843921250
7563,166.600000,7564,65930.877259125
7564,166.616667,7565,65930.893927875
7565,166.633333,7566,65930.910596833
7566,166.650000,7567,65930.927265666
7567,166.683333,7568,65930.960603416
7568,166.700000,7569,65930.977272291
7569,166.716667,7570,65930.993941166
7570,166.750000,7571,65931.027278916
7571,166.766667,7572,65931.043947750
7572,166.783333,7573,65931.060616666
7573,166.816667,7574,65931.093954500
7574,166.833333,7575,65931.110623291
7575,166.866667,7576,65931.143961083
7576,166.883333,7577,65931.160630000
7577,166.900000,7578,65931.177298875
7578,166.933333,7579,65931.210636583
7579,166.950000,7580,65931.227305458
7580,166.966667,7581,65931.243974333
7581,167.000000,7582,65931.277312000
7582,167.016667,7583,65931.293980958
7583,167.033333,7584,65931.310649875
7584,167.066667,7585,65931.343987500
7585,167.083333,7586,65931.360656375
7586,167.100000,7587,65931.377325333
7587,167.133333,7588,65931.410662958
7588,167.150000,7589,65931.427331958
7589,167.183333,7590,65931.460669750
7590,167.200000,7591,65931.477338666
7591,167.216667,7592,65931.494007416
7592,167.250000,7593,65931.527345250
7593,167.266667,7594,65931.544014166
7594,167.300000,7595,65931.577351791
7595,167.316667,7596,65931.594020750
7596,167.333333,7597,65931.610689541
7597,167.366667,7598,65931.644027291
7598,167.383333,7599,65931.660696208
7599,167.416667,7600,65931.694034000
7600,167.433333,7601,65931.710702750
7601,167.450000,7602,65931.727371750
7602,167.483333,7603,65931.760709500
7603,167.500000,7604,65931.777378500
7604,167.516667,7605,65931.794047083
7605,167.550000,7606,65931.827384958
7606,167.566667,7607,65931.844053916
7607,167.583333,7608,65931.860722666
7608,167.616667,7609,65931.894060416
7609,167.633333,7610,65931.910729333
7610,167.650000,7611,65931.927398166
7611,167.683333,7612,65931.960735958
7612,167.700000,7613,65931.977404833
7613,167.716667,7614,65931.994073791
7614,167.750000,7615,65932.027411416
7615,167.766667,7616,65932.044080375
7616,167.800000,7617,65932.077418041
7617,167.816667,7618,65932.094086916
7618,167.833333,7619,65932.110755791
7619,167.866667,7620,65932.144093625
7620,167.883333,7621,65932.160762458
7621,167.916667,7622,65932.194100208
7622,167.933333,7623,65932.210769125
7623,167.950000,7624,65932.227437875
7624,167.983333,7625,65932.260775708
7625,168.000000,7626,65932.277444583
7626,168.033333,7627,65932.310782375
7627,168.050000,7628,65932.327451250
7628,168.066667,7629,65932.344120083
7629,168.100000,7630,65932.377457791
7630,168.116667,7631,65932.394126666
7631,168.133333,7632,65932.410795583
7632,168.166667,7633,65932.444133416
7633,168.183333,7634,65932.460802250
7634,168.200000,7635,65932.477471125
7635,168.233333,7636,65932.510808875
7636,168.250000,7637,65932.527477625
7637,168.266667,7638,65932.544146583
7638,168.300000,7639,65932.577484375
7639,168.316667,7640,65932.594153291
7640,168.333333,7641,65932.610822041
7641,168.366667,7642,65932.644159833
7642,168.383333,7643,65932.660828791
7643,168.400000,7644,65932.677497458
7644,168.433333,7645,65932.710835375
7645,168.450000,7646,65932.727504250
7646,168.466667,7647,65932.744173208
7647,168.500000,7648,65932.777510833
7648,168.516667,7649,65932.794179791
7649,168.533333,7650,65932.810848666
7650,168.566667,7651,65932.844186333
7651,168.583333,7652,65932.860855250
7652,168.600000,7653,65932.877524166
7653,168.633333,7654,65932.910861833
7654,168.650000,7655,65932.927530708
7655,168.666667,7656,65932.944199625
7656,168.700000,7657,65932.977537291
7657,168.716667,7658,65932.994206166
7658,168.750000,7659,65933.027544041
7659,168.766667,7660,65933.044213000
7660,168.783333,7661,65933.060881666
7661,168.816667,7662,65933.094219500
7662,168.833333,7663,65933.110888416
7663,168.866667,7664,65933.144226041
7664,168.883333,7665,65933.160894958
7665,168.916667,7666,65933.194232791
7666,168.933333,7667,65933.210901583
7667,168.966667,7668,65933.244239416
7668,168.983333,7669,65933.260908208
7669,169.016667,7670,65933.294246000
7670,169.033333,7671,65933.310914875
7671,169.050000,7672,65933.327583708
7672,169.083333,7673,65933.360921416
7673,169.100000,7674,65933.377590375
7674,169.133333,7675,65933.410928125
7675,169.150000,7676,65933.427596916
7676,169.183333,7677,65933.460934708
7677,169.200000,7678,65933.477603666
7678,169.233333,7679,65933.510941333
7679,169.250000,7680,65933.527610166
7680,169.266667,7681,65933.544279083
7681,169.300000,7682,65933.577616750
7682,169.316667,7683,65933.594285625
7683,169.350000,7684,65933.627623500
7684,169.366667,7685,65933.644292166
7685,169.383333,7686,65933.660961208
7686,169.416667,7687,65933.694298916
7687,169.433333,7688,65933.710967958
7688,169.466667,7689,65933.744305583
7689,169.483333,7690,65933.760974458
7690,169.500000,7691,65933.777643375
7691,169.533333,7692,65933.810981083
7692,169.550000,7693,65933.827649958
7693,169.583333,7694,65933.860987750
7694,169.600000,7695,65933.877656541
7695,169.616667,7696,65933.894325416
7696,169.650000,7697,65933.927663208
7697,169.666667,7698,65933.944331958
7698,169.700000,7699,65933.977669833
7699,169.716667,7700,65933.994338750
7700,169.750000,7701,65934.027676333
7701,169.766667,7702,65934.044345291
7702,169.800000,7703,65934.077683125
7703,169.816667,7704,65934.094351916
7704,169.850000,7705,65934.127689708
7705,169.866667,7706,65934.144358666
7706,169.900000,7707,65934.177696250
7707,169.916667,7708,65934.194365125
7708,169.933333,7709,65934.211034041
7709,169.966667,7710,65934.244371750
7710,169.983333,7711,65934.261040625
7711,170.016667,7712,65934.294378500
7712,170.033333,7713,65934.311047333
7713,170.050000,7714,65934.327716166
7714,170.083333,7715,65934.361053916
7715,170.100000,7716,65934.377722833
7716,170.116667,7717,65934.394391625
7717,170.150000,7718,65934.427729416
7718,170.166667,7719,65934.444398333
7719,170.183333,7720,65934.461067208
7720,170.216667,7721,65934.494404875
7721,170.233333,7722,65934.511073833
7722,170.266667,7723,65934.544411458
7723,170.283333,7724,65934.561080333
7724,170.300000,7725,65934.577749291
7725,170.333333,7726,65934.611087166
7726,170.350000,7727,65934.627755875
7727,170.366667,7728,65934.644424750
7728,170.400000,7729,65934.677762625
7729,170.416667,7730,65934.694431333
7730,170.450000,7731,65934.727769166
7731,170.466667,7732,65934.744438125
7732,170.483333,7733,65934.761106791
7733,170.500000,7734,65934.777775750
7734,170.516667,7735,65934.794444666
7735,170.533333,7736,65934.811113541
7736,170.566667,7737,65934.844451250
7737,170.583333,7738,65934.861120166
7738,170.600000,7739,65934.877789083
7739,170.616667,7740,65934.894457875
7740,170.633333,7741,65934.911126708
7741,170.650000,7742,65934.927795625
7742,170.683333,7743,65934.961133416
7743,170.700000,7744,65934.977802333
7744,170.716667,7745,65934.994471125
7745,170.750000,7746,65935.027808916
7746,170.766667,7747,65935.044477791
7747,170.783333,7748,65935.061146583
7748,170.800000,7749,65935.077815500
7749,170.833333,7750,65935.111153291
7750,170.850000,7751,65935.127822166
7751,170.866667,7752,65935.144491000
7752,170.900000,7753,65935.177828750
7753,170.916667,7754,65935.194497625
7754,170.933333,7755,65935.211166500
7755,170.950000,7756,65935.227835333
7756,170.983333,7757,65935.261173166
7757,171.000000,7758,65935.277842083
7758,171.016667,7759,65935.294510875
7759,171.050000,7760,65935.327848583
7760,171.066667,7761,65935.344517541
7761,171.083333,7762,65935.361186333
7762,171.100000,7763,65935.377855250
7763,171.133333,7764,65935.411193083
7764,171.150000,7765,65935.427861875
7765,171.166667,7766,65935.444530708
7766,171.183333,7767,65935.461199625
7767,171.216667,7768,65935.494537458
7768,171.233333,7769,65935.511206125
7769,171.250000,7770,65935.527875083
7770,171.283333,7771,65935.561212875
7771,171.300000,7772,65935.577881791
7772,171.316667,7773,65935.594550583
7773,171.333333,7774,65935.611219500
7774,171.366667,7775,65935.644557250
7775,171.383333,7776,65935.661226000
7776,171.400000,7777,65935.677894916
7777,171.433333,7778,65935.711232750
7778,171.450000,7779,65935.727901625
7779,171.466667,7780,65935.744570416
7780,171.500000,7781,65935.777908208
7781,171.516667,7782,65935.794577166
7782,171.533333,7783,65935.811245875
7783,171.550000,7784,65935.827914791
7784,171.583333,7785,65935.861252625
7785,171.600000,7786,65935.877921500
7786,171.616667,7787,65935.894590291
7787,171.650000,7788,65935.927928041
7788,171.666667,7789,65935.944597000
7789,171.683333,7790,65935.961265791
7790,171.700000,7791,65935.977934666
7791,171.733333,7792,65936.011272500
7792,171.750000,7793,65936.027941458
7793,171.766667,7794,65936.044610166
7794,171.783333,7795,65936.061279000
7795,171.816667,7796,65936.094616916
7796,171.833333,7797,65936.111285666
7797,171.850000,7798,65936.127954541
7798,171.866667,7799,65936.144623458
7799,171.900000,7800,65936.177961166
7800,171.916667,7801,65936.194630041
7801,171.933333,7802,65936.211298958
7802,171.950000,7803,65936.227967833
7803,171.966667,7804,65936.244636750
7804,172.000000,7805,65936.277974416
7805,172.016667,7806,65936.294643333
7806,172.033333,7807,65936.311312291
7807,172.050000,7808,65936.327981041
7808,172.066667,7809,65936.344649916
7809,172.100000,7810,65936.377987708
7810,172.116667,7811,65936.394656583
7811,172.133333,7812,65936.411325458
7812,172.150000,7813,65936.427994250
7813,172.166667,7814,65936.444663208
7814,172.200000,7815,65936.478000875
7815,172.216667,7816,65936.494669750
7816,172.233333,7817,65936.511338708
7817,172.250000,7818,65936.528007541
7818,172.283333,7819,65936.561345291
7819,172.300000,7820,65936.578014166
7820,172.316667,7821,65936.594683000
7821,172.333333,7822,65936.611351958
7822,172.366667,7823,65936.644689583
7823,172.383333,7824,65936.661358500
7824,172.400000,7825,65936.678027416
7825,172.433333,7826,65936.711365083
7826,172.450000,7827,65936.728034041
7827,172.466667,7828,65936.744702958
7828,172.483333,7829,65936.761371875
7829,172.516667,7830,65936.794709500
7830,172.533333,7831,65936.811378375
7831,172.550000,7832,65936.828047250
7832,172.583333,7833,65936.861384916
7833,172.600000,7834,65936.878053875
7834,172.616667,7835,65936.894722750
7835,172.650000,7836,65936.928060375
7836,172.666667,7837,65936.944729333
7837,172.683333,7838,65936.961398250
7838,172.716667,7839,65936.994736125
7839,172.733333,7840,65937.011404833
7840,172.750000,7841,65937.028073708
7841,172.766667,7842,65937.044742666
7842,172.800000,7843,65937.078080333
7843,172.816667,7844,65937.094749208
7844,172.833333,7845,65937.111418125
7845,172.866667,7846,65937.144755958
7846,172.883333,7847,65937.161424666
7847,172.900000,7848,65937.178093625
7848,172.933333,7849,65937.211431375
7849,172.950000,7850,65937.228100208
7850,172.966667,7851,65937.244769083
7851,173.000000,7852,65937.278106875
7852,173.016667,7853,65937.294775791
7853,173.033333,7854,65937.311444583
7854,173.050000,7855,65937.328113375
7855,173.066667,7856,65937.344782375
7856,173.100000,7857,65937.378120041
7857,173.116667,7858,65937.394788958
7858,173.133333,7859,65937.411457791
7859,173.150000,7860,65937.428126791
7860,173.166667,7861,65937.444795666
7861,173.200000,7862,65937.478133291
7862,173.216667,7863,65937.494802208
7863,173.233333,7864,65937.511471125
7864,173.250000,7865,65937.528139875
7865,173.266667,7866,65937.544808791
7866,173.300000,7867,65937.578146583
7867,173.316667,7868,65937.594815333
7868,173.333333,7869,65937.611484166
7869,173.350000,7870,65937.628153166
7870,173.383333,7871,65937.661490916
7871,173.400000,7872,65937.678159750
7872,173.416667,7873,65937.694828583
7873,173.433333,7874,65937.711497500
7874,173.450000,7875,65937.728166458
7875,173.483333,7876,65937.761504041
7876,173.500000,7877,65937.778173000
7877,173.516667,7878,65937.794841875
7878,173.533333,7879,65937.811510875
7879,173.550000,7880,65937.828179541
7880,173.583333,7881,65937.861517375
7881,173.600000,7882,65937.878186375
7882,173.616667,7883,65937.894855041
7883,173.633333,7884,65937.911523916
7884,173.650000,7885,65937.928192916
7885,173.683333,7886,65937.961530708
7886,173.700000,7887,65937.978199458
7887,173.716667,7888,65937.994868333
7888,173.733333,7889,65938.011537250
7889,173.750000,7890,65938.028206083
7890,173.783333,7891,65938.061543791
7891,173.800000,7892,65938.078212708
7892,173.816667,7893,65938.094881625
7893,173.833333,7894,65938.111550541
7894,173.850000,7895,65938.128219250
7895,173.883333,7896,65938.161557125
7896,173.900000,7897,65938.178226041
7897,173.916667,7898,65938.194894750
7898,173.933333,7899,65938.211563666
7899,173.950000,7900,65938.228232541
7900,173.983333,7901,65938.261570416
7901,174.000000,7902,65938.278239166
7902,174.016667,7903,65938.294907958
7903,174.033333,7904,65938.311576958
7904,174.066667,7905,65938.344914583
7905,174.083333,7906,65938.361583541
7906,174.100000,7907,65938.378252416
7907,174.116667,7908,65938.394921333
7908,174.133333,7909,65938.411590208
7909,174.166667,7910,65938.444927916
7910,174.183333,7911,65938.461596750
7911,174.200000,7912,65938.478265666
7912,174.216667,7913,65938.494934416
7913,174.250000,7914,65938.528272250
7914,174.266667,7915,65938.544941125
7915,174.283333,7916,65938.561610125
7916,174.300000,7917,65938.578278791
7917,174.316667,7918,65938.594947750
7918,174.350000,7919,65938.628285583
7919,174.366667,7920,65938.644954333
7920,174.383333,7921,65938.661623166
7921,174.400000,7922,65938.678292125
7922,174.416667,7923,65938.694961041
7923,174.450000,7924,65938.728298666
7924,174.466667,7925,65938.744967583
7925,174.483333,7926,65938.761636416
7926,174.500000,7927,65938.778305416
7927,174.533333,7928,65938.811643000
7928,174.550000,7929,65938.828312000
7929,174.566667,7930,65938.844980875
7930,174.583333,7931,65938.861649750
7931,174.616667,7932,65938.894987458
7932,174.633333,7933,65938.911656333
7933,174.650000,7934,65938.928325291
7934,174.666667,7935,65938.944994000
7935,174.700000,7936,65938.978331833
7936,174.716667,7937,65938.995000708
7937,174.733333,7938,65939.011669458
7938,174.766667,7939,65939.045007250
7939,174.783333,7940,65939.061676125
7940,174.800000,7941,65939.078345083
7941,174.816667,7942,65939.095013791
7942,174.850000,7943,65939.128351708
7943,174.866667,7944,65939.145020583
7944,174.883333,7945,65939.161689333
7945,174.900000,7946,65939.178358250
7946,174.916667,7947,65939.195027083
7947,174.950000,7948,65939.228364958
7948,174.966667,7949,65939.245033666
7949,174.983333,7950,65939.261702625
7950,175.000000,7951,65939.278371416
7951,175.016667,7952,65939.295040375
7952,175.050000,7953,65939.328378083
7953,175.066667,7954,65939.345046916
7954,175.083333,7955,65939.361715916
7955,175.100000,7956,65939.378384791
7956,175.133333,7957,65939.411722416
7957,175.150000,7958,65939.428391333
7958,175.166667,7959,65939.445060166
7959,175.183333,7960,65939.461729000
7960,175.216667,7961,65939.495066750
7961,175.233333,7962,65939.511735708
7962,175.250000,7963,65939.528404625
7963,175.266667,7964,65939.545073375
7964,175.300000,7965,65939.578411166
7965,175.316667,7966,65939.595080125
7966,175.333333,7967,65939.611748833
7967,175.350000,7968,65939.628417750
7968,175.383333,7969,65939.661755625
7969,175.400000,7970,65939.678424500
7970,175.416667,7971,65939.695093208
7971,175.433333,7972,65939.711762166
7972,175.466667,7973,65939.745099916
7973,175.483333,7974,65939.761768666
7974,175.500000,7975,65939.778437583
7975,175.533333,7976,65939.811775375
7976,175.550000,7977,65939.828444291
7977,175.566667,7978,65939.845113041
7978,175.583333,7979,65939.861781958
7979,175.600000,7980,65939.878450875
7980,175.633333,7981,65939.911788541
7981,175.650000,7982,65939.928457375
7982,175.666667,7983,65939.945126291
7983,175.683333,7984,65939.961795250
7984,175.716667,7985,65939.995132875
7985,175.733333,7986,65940.011801833
7986,175.750000,7987,65940.028470708
7987,175.766667,7988,65940.045139583
7988,175.783333,7989,65940.061808375
7989,175.816667,7990,65940.095146208
7990,175.833333,7991,65940.111815083
7991,175.850000,7992,65940.128484041
7992,175.866667,7993,65940.145152750
7993,175.883333,7994,65940.161821666
7994,175.900000,7995,65940.178490541
7995,175.933333,7996,65940.211828250
7996,175.950000,7997,65940.228497083
7997,175.966667,7998,65940.245166041
7998,175.983333,7999,65940.261834958
7999,176.000000,8000,65940.278503833
8000,176.016667,8001,65940.295172625
8001,176.033333,8002,65940.311841458
8002,176.066667,8003,65940.345179291
8003,176.083333,8004,65940.361847958
8004,176.100000,8005,65940.378516958
8005,176.116667,8006,65940.395185833
8006,176.133333,8007,65940.411854791
8007,176.150000,8008,65940.428523541
8008,176.166667,8009,65940.445192416
8009,176.200000,8010,65940.478530250
8010,176.216667,8011,65940.495199125
8011,176.233333,8012,65940.511867875
8012,176.250000,8013,65940.528536791
8013,176.266667,8014,65940.545205666
8014,176.283333,8015,65940.561874583
8015,176.300000,8016,65940.578543500
8016,176.333333,8017,65940.611881125
8017,176.350000,8018,65940.628550125
8018,176.366667,8019,65940.645219000
8019,176.383333,8020,65940.661887750
8020,176.400000,8021,65940.678556625
8021,176.416667,8022,65940.695225541
8022,176.450000,8023,65940.728563208
8023,176.466667,8024,65940.745232125
8024,176.483333,8025,65940.761901000
8025,176.500000,8026,65940.778569958
8026,176.516667,8027,65940.795238833
8027,176.533333,8028,65940.811907541
8028,176.566667,8029,65940.845245375
8029,176.583333,8030,65940.861914291
8030,176.600000,8031,65940.878583041
8031,176.616667,8032,65940.895251875
8032,176.633333,8033,65940.911920833
8033,176.650000,8034,65940.928589750
8034,176.666667,8035,65940.945258625
8035,176.683333,8036,65940.961927416
8036,176.716667,8037,65940.995265166
8037,176.733333,8038,65941.011934041
8038,176.750000,8039,65941.028602875
8039,176.766667,8040,65941.045271791
8040,176.783333,8041,65941.061940750
8041,176.800000,8042,65941.078609666
8042,176.816667,8043,65941.095278458
8043,176.833333,8044,65941.111947250
8044,176.850000,8045,65941.128616125
8045,176.866667,8046,65941.145285041
8046,176.900000,8047,65941.178622708
8047,176.916667,8048,65941.195291541
8048,176.933333,8049,65941.211960541
8049,176.950000,8050,65941.228629416
8050,176.966667,8051,65941.245298333
8051,176.983333,8052,65941.261967125
8052,177.000000,8053,65941.278636041
8053,177.016667,8054,65941.295304916
8054,177.033333,8055,65941.311973833
8055,177.050000,8056,65941.328642500
8056,177.066667,8057,65941.345311416
8057,177.083333,8058,65941.361980291
8058,177.116667,8059,65941.395318125
8059,177.133333,8060,65941.411986916
8060,177.150000,8061,65941.428655791
8061,177.166667,8062,65941.445324708
8062,177.183333,8063,65941.461993625
8063,177.200000,8064,65941.478662333
8064,177.216667,8065,65941.495331333
8065,177.233333,8066,65941.512000208
8066,177.250000,8067,65941.528669083
8067,177.266667,8068,65941.545338000
8068,177.283333,8069,65941.562006708
8069,177.300000,8070,65941.578675625
8070,177.316667,8071,65941.595344541
8071,177.333333,8072,65941.612013500
8072,177.366667,8073,65941.645351125
8073,177.383333,8074,65941.662020000
8074,177.400000,8075,65941.678688958
8075,177.416667,8076,65941.695357833
8076,177.433333,8077,65941.712026583
8077,177.450000,8078,65941.728695500
8078,177.466667,8079,65941.745364375
8079,177.483333,8080,65941.762033291
8080,177.500000,8081,65941.778702041
8081,177.533333,8082,65941.812039833
8082,177.550000,8083,65941.828708750
8083,177.566667,8084,65941.845377458
8084,177.583333,8085,65941.862046333
8085,177.600000,8086,65941.878715250
8086,177.616667,8087,65941.895384208
8087,177.633333,8088,65941.912053083
8088,177.666667,8089,65941.945390750
8089,177.683333,8090,65941.962059625
8090,177.700000,8091,65941.978728583
8091,177.716667,8092,65941.995397500
8092,177.733333,8093,65942.012066208
8093,177.750000,8094,65942.028735166
8094,177.783333,8095,65942.062072958
8095,177.800000,8096,65942.078741708
8096,177.816667,8097,65942.095410583
8097,177.833333,8098,65942.112079541
8098,177.850000,8099,65942.128748416
8099,177.883333,8100,65942.162086000
8100,177.900000,8101,65942.178754916
8101,177.916667,8102,65942.195423833
8102,177.933333,8103,65942.212092791
8103,177.966667,8104,65942.245430375
8104,177.983333,8105,65942.262099333
8105,178.000000,8106,65942.278768291
8106,178.016667,8107,65942.295437000
8107,178.050000,8108,65942.328774833
8108,178.066667,8109,65942.345443666
8109,178.083333,8110,65942.362112583
8110,178.116667,8111,65942.395450291
8111,178.133333,8112,65942.412119208
8112,178.150000,8113,65942.428788000
8113,178.183333,8114,65942.462125708
8114,178.200000,8115,65942.478794625
8115,178.216667,8116,65942.495463583
8116,178.233333,8117,65942.512132458
8117,178.266667,8118,65942.545470083
8118,178.283333,8119,65942.562139041
8119,178.300000,8120,65942.578807916
8120,178.333333,8121,65942.612145541
8121,178.350000,8122,65942.628814375
8122,178.366667,8123,65942.645483291
8123,178.400000,8124,65942.678821000
8124,178.416667,8125,65942.695489875
8125,178.433333,8126,65942.712158791
8126,178.466667,8127,65942.745496416
8127,178.483333,8128,65942.762165416
8128,178.500000,8129,65942.778834291
8129,178.533333,8130,65942.812172041
8130,178.550000,8131,65942.828840833
8131,178.566667,8132,65942.845509750
8132,178.600000,8133,65942.878847458
8133,178.616667,8134,65942.895516291
8134,178.633333,8135,65942.912185166
8135,178.666667,8136,65942.945522958
8136,178.683333,8137,65942.962191833
8137,178.700000,8138,65942.978860625
8138,178.733333,8139,65943.012198458
8139,178.750000,8140,65943.028867333
8140,178.766667,8141,65943.045536125
8141,178.783333,8142,65943.062204958
8142,178.800000,8143,65943.078873833
8143,178.833333,8144,65943.112211666
8144,178.850000,8145,65943.128880500
8145,178.866667,8146,65943.145549375
8146,178.883333,8147,65943.162218208
8147,178.916667,8148,65943.195555916
8148,178.933333,8149,65943.212224791
8149,178.950000,8150,65943.228893750
8150,178.966667,8151,65943.245562625
8151,179.000000,8152,65943.278900250
8152,179.016667,8153,65943.295569166
8153,179.033333,8154,65943.312238041
8154,179.050000,8155,65943.328907000
8155,179.083333,8156,65943.362244583
8156,179.100000,8157,65943.378913500
8157,179.116667,8158,65943.395582416
8158,179.150000,8159,65943.428920041
8159,179.166667,8160,65943.445589000
8160,179.183333,8161,65943.462257875
8161,179.200000,8162,65943.478926833
8162,179.233333,8163,65943.512264458
8163,179.250000,8164,65943.528933375
8164,179.266667,8165,65943.545602250
8165,179.300000,8166,65943.578939916
8166,179.316667,8167,65943.595608791
8167,179.333333,8168,65943.612277708
8168,179.350000,8169,65943.628946583
8169,179.383333,8170,65943.662284208
8170,179.400000,8171,65943.678953208
8171,179.416667,8172,65943.695622000
8172,179.450000,8173,65943.728959708
8173,179.466667,8174,65943.745628625
8174,179.483333,8175,65943.762297541
8175,179.516667,8176,65943.795635125
8176,179.533333,8177,65943.812304041
8177,179.550000,8178,65943.828973000
8178,179.583333,8179,65943.862310583
8179,179.600000,8180,65943.878979541
8180,179.616667,8181,65943.895648416
8181,179.650000,8182,65943.928986208
8182,179.666667,8183,65943.945655000
8183,179.683333,8184,65943.962323958
8184,179.716667,8185,65943.995661750
8185,179.733333,8186,65944.012330416
8186,179.750000,8187,65944.028999291
8187,179.783333,8188,65944.062337125
8188,179.800000,8189,65944.079006041
8189,179.816667,8190,65944.095674791
8190,179.850000,8191,65944.129012541
8191,179.866667,8192,65944.145681458
8192,179.883333,8193,65944.162350291
8193,179.916667,8194,65944.195688000
8194,179.933333,8195,65944.212356958
8195,179.950000,8196,65944.229025833
8196,179.966667,8197,65944.245694625
8197,180.000000,8198,65944.279032375
8198,180.016667,8199,65944.295701333
8199,180.033333,8200,65944.312370125
8200,180.066667,8201,65944.345707875
8201,180.083333,8202,65944.362376750
8202,180.100000,8203,65944.379045708
8203,180.116667,8204,65944.395714416
8204,180.150000,8205,65944.429052166
8205,180.166667,8206,65944.445721125
8206,180.200000,8207,65944.479058791
8207,180.216667,8208,65944.495727625
8208,180.233333,8209,65944.512396583
8209,180.266667,8210,65944.545734250
8210,180.283333,8211,65944.562403083
8211,180.300000,8212,65944.579072041
8212,180.333333,8213,65944.612409708
8213,180.350000,8214,65944.629078625
8214,180.366667,8215,65944.645747458
8215,180.400000,8216,65944.679085166
8216,180.416667,8217,65944.695754041
8217,180.433333,8218,65944.712423000
8218,180.466667,8219,65944.745760791
8219,180.483333,8220,65944.762429500
8220,180.500000,8221,65944.779098416
8221,180.533333,8222,65944.812436208
8222,180.550000,8223,65944.829104958
8223,180.566667,8224,65944.845773833
8224,180.600000,8225,65944.879111625
8225,180.616667,8226,65944.895780541
8226,180.633333,8227,65944.912449291
8227,180.650000,8228,65944.929118250
8228,180.683333,8229,65944.962455958
8229,180.700000,8230,65944.979124791
8230,180.716667,8231,65944.995793583
8231,180.733333,8232,65945.012462583
8232,180.766667,8233,65945.045800375
8233,180.783333,8234,65945.062469166
8234,180.800000,8235,65945.079138041
8235,180.833333,8236,65945.112475666
8236,180.850000,8237,65945.129144583
8237,180.866667,8238,65945.145813458
8238,180.900000,8239,65945.179151291
8239,180.916667,8240,65945.195820125
8240,180.933333,8241,65945.212488958
8241,180.950000,8242,65945.229157791
8242,180.983333,8243,65945.262495625
8243,181.000000,8244,65945.279164375
8244,181.016667,8245,65945.295833333
8245,181.050000,8246,65945.329171083
8246,181.066667,8247,65945.345839916
8247,181.083333,8248,65945.362508708
8248,181.116667,8249,65945.395846541
8249,181.133333,8250,65945.412515416
8250,181.166667,8251,65945.445853083
8251,181.183333,8252,65945.462522000
8252,181.200000,8253,65945.479190875
8253,181.233333,8254,65945.512528541
8254,181.250000,8255,65945.529197416
8255,181.266667,8256,65945.545866375
8256,181.300000,8257,65945.579204000
8257,181.316667,8258,65945.595872958
8258,181.350000,8259,65945.629210625
8259,181.366667,8260,65945.645879583
8260,181.383333,8261,65945.662548333
8261,181.416667,8262,65945.695886166
8262,181.433333,8263,65945.712555083
8263,181.450000,8264,65945.729223750
8264,181.483333,8265,65945.762561583
8265,181.500000,8266,65945.779230458
8266,181.533333,8267,65945.812568166
8267,181.550000,8268,65945.829237041
8268,181.566667,8269,65945.845905958
8269,181.600000,8270,65945.879243625
8270,181.616667,8271,65945.895912458
8271,181.650000,8272,65945.929250250
8272,181.666667,8273,65945.945919208
8273,181.683333,8274,65945.962587958
8274,181.716667,8275,65945.995925791
8275,181.733333,8276,65946.012594666
8276,181.750000,8277,65946.029263416
8277,181.783333,8278,65946.062601208
8278,181.800000,8279,65946.079270083
8279,181.816667,8280,65946.095938916
8280,181.850000,8281,65946.129276666
8281,181.866667,8282,65946.145945583
8282,181.900000,8283,65946.179283250
8283,181.916667,8284,65946.195952125
8284,181.933333,8285,65946.212621041
8285,181.966667,8286,65946.245958666
8286,181.983333,8287,65946.262627583
8287,182.000000,8288,65946.279296500
8288,182.033333,8289,65946.312634250
8289,182.050000,8290,65946.329303041
8290,182.066667,8291,65946.345972000
8291,182.100000,8292,65946.379309666
8292,182.116667,8293,65946.395978416
8293,182.133333,8294,65946.412647416
8294,182.166667,8295,65946.445985208
8295,182.183333,8296,65946.462654083
8296,182.200000,8297,65946.479322833
8297,182.233333,8298,65946.512660625
8298,182.250000,8299,65946.529329583
8299,182.266667,8300,65946.545998291
8300,182.300000,8301,65946.579336083
8301,182.316667,8302,65946.596004916
8302,182.350000,8303,65946.629342666
8303,182.366667,8304,65946.646011583
8304,182.383333,8305,65946.662680416
8305,182.416667,8306,65946.696018125
8306,182.433333,8307,65946.712687000
8307,182.450000,8308,65946.729355916
8308,182.483333,8309,65946.762693750
8309,182.500000,8310,65946.779362416
8310,182.533333,8311,65946.812700291
8311,182.550000,8312,65946.829369125
8312,182.566667,8313,65946.846037875
8313,182.600000,8314,65946.879375708
8314,182.616667,8315,65946.896044625
8315,182.650000,8316,65946.929382208
8316,182.666667,8317,65946.946051083
8317,182.683333,8318,65946.962720083
8318,182.716667,8319,65946.996057708
8319,182.733333,8320,65947.012726625
8320,182.766667,8321,65947.046064333
8321,182.783333,8322,65947.062733375
8322,182.816667,8323,65947.096070916
8323,182.833333,8324,65947.112739875
8324,182.866667,8325,65947.146077458
8325,182.883333,8326,65947.162746416
8326,182.900000,8327,65947.179415291
8327,182.933333,8328,65947.212753166
8328,182.950000,8329,65947.229421833
8329,182.983333,8330,65947.262759708
8330,183.000000,8331,65947.279428541
8331,183.033333,8332,65947.312766208
8332,183.050000,8333,65947.329435083
8333,183.066667,8334,65947.346103958
8334,183.100000,8335,65947.379441666
8335,183.116667,8336,65947.396110541
8336,183.150000,8337,65947.429448291
8337,183.166667,8338,65947.446117166
8338,183.200000,8339,65947.479454875
8339,183.216667,8340,65947.496123875
8340,183.250000,8341,65947.529461458
8341,183.266667,8342,65947.546130375
8342,183.283333,8343,65947.562799208
8343,183.316667,8344,65947.596136958
8344,183.333333,8345,65947.612805833
8345,183.366667,8346,65947.646143625
8346,183.383333,8347,65947.662812500
8347,183.416667,8348,65947.696150125
8348,183.433333,8349,65947.712819083
8349,183.466667,8350,65947.746156666
8350,183.483333,8351,65947.762825583
8351,183.516667,8352,65947.796163416
8352,183.533333,8353,65947.812832166
8353,183.550000,8354,65947.829501083
8354,183.583333,8355,65947.862838791
8355,183.600000,8356,65947.879507791
8356,183.633333,8357,65947.912845416
8357,183.650000,8358,65947.929514375
8358,183.683333,8359,65947.962851958
8359,183.700000,8360,65947.979520875
8360,183.733333,8361,65948.012858625
8361,183.750000,8362,65948.029527625
8362,183.783333,8363,65948.062865166
8363,183.800000,8364,65948.079534125
8364,183.833333,8365,65948.112871750
8365,183.850000,8366,65948.129540666
8366,183.883333,8367,65948.162878500
8367,183.900000,8368,65948.179547416
8368,183.916667,8369,65948.196216083
8369,183.950000,8370,65948.229553875
8370,183.966667,8371,65948.246222791
8371,184.000000,8372,65948.279560458
8372,184.016667,8373,65948.296229375
8373,184.050000,8374,65948.329567125
8374,184.066667,8375,65948.346235916
8375,184.100000,8376,65948.379573708
8376,184.116667,8377,65948.396242583
8377,184.150000,8378,65948.429580250
8378,184.166667,8379,65948.446249125
8379,184.183333,8380,65948.462918041
8380,184.216667,8381,65948.496255750
8381,184.233333,8382,65948.512924625
8382,184.266667,8383,65948.546262416
8383,184.283333,8384,65948.562931125
8384,184.300000,8385,65948.579600041
8385,184.333333,8386,65948.612937875
8386,184.350000,8387,65948.629606708
8387,184.366667,8388,65948.646275458
8388,184.400000,8389,65948.679613291
8389,184.416667,8390,65948.696282208
8390,184.433333,8391,65948.712950958
8391,184.466667,8392,65948.746288750
8392,184.483333,8393,65948.762957625
8393,184.500000,8394,65948.779626541
8394,184.533333,8395,65948.812964208
8395,184.550000,8396,65948.829633125
8396,184.566667,8397,65948.846302041
8397,184.600000,8398,65948.879639666
8398,184.616667,8399,65948.896308541
8399,184.633333,8400,65948.912977458
8400,184.666667,8401,65948.946315125
8401,184.683333,8402,65948.962983958
8402,184.716667,8403,65948.996321833
8403,184.733333,8404,65949.012990541
8404,184.750000,8405,65949.029659416
8405,184.783333,8406,65949.062997208
8406,184.800000,8407,65949.079666125
8407,184.833333,8408,65949.113003750
8408,184.850000,8409,65949.129672708
8409,184.883333,8410,65949.163010375
8410,184.900000,8411,65949.179679166
8411,184.916667,8412,65949.196348125
8412,184.933333,8413,65949.213017041
8413,184.950000,8414,65949.229685791
8414,184.983333,8415,65949.263023625
8415,185.000000,8416,65949.279692541
8416,185.016667,8417,65949.296361416
8417,185.050000,8418,65949.329699083
8418,185.066667,8419,65949.346367958
8419,185.100000,8420,65949.379705541
8420,185.116667,8421,65949.396374458
8421,185.150000,8422,65949.429712333
8422,185.166667,8423,65949.446381166
8423,185.200000,8424,65949.479718833
8424,185.216667,8425,65949.496387750
8425,185.250000,8426,65949.529725375
8426,185.266667,8427,65949.546394208
8427,185.283333,8428,65949.563063208
8428,185.316667,8429,65949.596400916
8429,185.333333,8430,65949.613069750
8430,185.366667,8431,65949.646407458
8431,185.383333,8432,65949.663076458
8432,185.416667,8433,65949.696414000
8433,185.433333,8434,65949.713083000
8434,185.450000,8435,65949.729751875
8435,185.483333,8436,65949.763089458
8436,185.500000,8437,65949.779758416
8437,185.533333,8438,65949.813096250
8438,185.550000,8439,65949.829764958
8439,185.566667,8440,65949.846433833
8440,185.600000,8441,65949.879771666
8441,185.616667,8442,65949.896440583
8442,185.650000,8443,65949.929778208
8443,185.666667,8444,65949.946447125
8444,185.683333,8445,65949.963116041
8445,185.716667,8446,65949.996453666
8446,185.733333,8447,65950.013122625
8447,185.766667,8448,65950.046460375
8448,185.783333,8449,65950.063129083
8449,185.800000,8450,65950.079797958
8450,185.833333,8451,65950.113135875
8451,185.850000,8452,65950.129804541
8452,185.866667,8453,65950.146473375
8453,185.900000,8454,65950.179811250
8454,185.916667,8455,65950.196480166
8455,185.933333,8456,65950.213148750
8456,185.966667,8457,65950.246486708
8457,185.983333,8458,65950.263155583
8458,186.016667,8459,65950.296493208
8459,186.033333,8460,65950.313162166
8460,186.050000,8461,65950.329831083
8461,186.083333,8462,65950.363168708
8462,186.100000,8463,65950.379837583
8463,186.116667,8464,65950.396506541
8464,186.150000,8465,65950.429844166
8465,186.166667,8466,65950.446513041
8466,186.183333,8467,65950.463181958
8467,186.216667,8468,65950.496519625
8468,186.233333,8469,65950.513188541
8469,186.266667,8470,65950.546526333
8470,186.283333,8471,65950.563195250
8471,186.300000,8472,65950.579863875
8472,186.333333,8473,65950.613201708
8473,186.350000,8474,65950.629870708
8474,186.383333,8475,65950.663208250
8475,186.400000,8476,65950.679877125
8476,186.416667,8477,65950.696546083
8477,186.433333,8478,65950.713215000
8478,186.466667,8479,65950.746552625
8479,186.483333,8480,65950.763221500
8480,186.500000,8481,65950.779890458
8481,186.516667,8482,65950.796559166
8482,186.533333,8483,65950.813228083
8483,186.566667,8484,65950.846565833
8484,186.583333,8485,65950.863234833
8485,186.600000,8486,65950.879903541
8486,186.633333,8487,65950.913241208
8487,186.650000,8488,65950.929910291
8488,186.666667,8489,65950.946579000
8489,186.700000,8490,65950.979916791
8490,186.716667,8491,65950.996585666
8491,186.733333,8492,65951.013254541
8492,186.766667,8493,65951.046592166
8493,186.783333,8494,65951.063261125
8494,186.800000,8495,65951.079930041
8495,186.816667,8496,65951.096598791
8496,186.850000,8497,65951.129936541
8497,186.866667,8498,65951.146605500
8498,186.900000,8499,65951.179943125
8499,186.916667,8500,65951.196612000
8500,186.950000,8501,65951.229949791
8501,186.966667,8502,65951.246618541
8502,187.000000,8503,65951.279956375
8503,187.016667,8504,65951.296625250
8504,187.033333,8505,65951.313294166
8505,187.066667,8506,65951.346631833
8506,187.083333,8507,65951.363300750
8507,187.116667,8508,65951.396638375
8508,187.133333,8509,65951.413307250
8509,187.166667,8510,65951.446645041
8510,187.183333,8511,65951.463313916
8511,187.200000,8512,65951.479982666
8512,187.233333,8513,65951.513320541
8513,187.250000,8514,65951.529989375
8514,187.266667,8515,65951.546658166
8515,187.300000,8516,65951.579995875
8516,187.316667,8517,65951.596664875
8517,187.350000,8518,65951.630002500
8518,187.366667,8519,65951.646671416
8519,187.383333,8520,65951.663340333
8520,187.416667,8521,65951.696677916
8521,187.433333,8522,65951.713346875
8522,187.450000,8523,65951.730015750
8523,187.483333,8524,65951.763353375
8524,187.500000,8525,65951.780022208
8525,187.516667,8526,65951.796691208
8526,187.550000,8527,65951.830029000
8527,187.566667,8528,65951.846697750
8528,187.583333,8529,65951.863366583
8529,187.616667,8530,65951.896704458
8530,187.633333,8531,65951.913373333
8531,187.650000,8532,65951.930042083
8532,187.683333,8533,65951.963379875
8533,187.700000,8534,65951.980048750
8534,187.716667,8535,65951.996717500
8535,187.733333,8536,65952.013386416
8536,187.766667,8537,65952.046724250
8537,187.783333,8538,65952.063393000
8538,187.800000,8539,65952.080061833
8539,187.816667,8540,65952.096730750
8540,187.833333,8541,65952.113399666
8541,187.866667,8542,65952.146737291
8542,187.883333,8543,65952.163406166
8543,187.900000,8544,65952.180075083
8544,187.916667,8545,65952.196744000
8545,187.933333,8546,65952.213412750
8546,187.950000,8547,65952.230081625
8547,187.983333,8548,65952.263419500
8548,188.000000,8549,65952.280088333
8549,188.016667,8550,65952.296757125
8550,188.033333,8551,65952.313425958
8551,188.050000,8552,65952.330094958
8552,188.083333,8553,65952.363432500
8553,188.100000,8554,65952.380101458
8554,188.116667,8555,65952.396770291
8555,188.133333,8556,65952.413439250
8556,188.166667,8557,65952.446776916
8557,188.183333,8558,65952.463445750
8558,188.200000,8559,65952.480114750
8559,188.216667,8560,65952.496783625
8560,188.233333,8561,65952.513452291
8561,188.266667,8562,65952.546790083
8562,188.283333,8563,65952.563459083
8563,188.300000,8564,65952.580127916
8564,188.316667,8565,65952.596796666
8565,188.350000,8566,65952.630134500
8566,188.366667,8567,65952.646803333
8567,188.383333,8568,65952.663472083
8568,188.400000,8569,65952.680141083
8569,188.416667,8570,65952.696809875
8570,188.450000,8571,65952.730147666
8571,188.466667,8572,65952.746816416
8572,188.483333,8573,65952.763485416
8573,188.500000,8574,65952.780154250
8574,188.533333,8575,65952.813491916
8575,188.550000,8576,65952.830160833
8576,188.566667,8577,65952.846829750
8577,188.583333,8578,65952.863498583
8578,188.600000,8579,65952.880167583
8579,188.633333,8580,65952.913505208
8580,188.650000,8581,65952.930173958
8581,188.666667,8582,65952.946842958
8582,188.683333,8583,65952.963511708
8583,188.700000,8584,65952.980180541
8584,188.733333,8585,65953.013518333
8585,188.750000,8586,65953.030187250
8586,188.766667,8587,65953.046855958
8587,188.783333,8588,65953.063524958
8588,188.800000,8589,65953.080193833
8589,188.833333,8590,65953.113531500
8590,188.850000,8591,65953.130200375
8591,188.866667,8592,65953.146869333
8592,188.883333,8593,65953.163538166
8593,188.900000,8594,65953.180206916
8594,188.916667,8595,65953.196875833
8595,188.933333,8596,65953.213544708
8596,188.966667,8597,65953.246882541
8597,188.983333,8598,65953.263551291
8598,189.000000,8599,65953.280220125
8599,189.016667,8600,65953.296889083
8600,189.033333,8601,65953.313557958
8601,189.066667,8602,65953.346895625
8602,189.083333,8603,65953.363564416
8603,189.100000,8604,65953.380233458
8604,189.116667,8605,65953.396902291
8605,189.133333,8606,65953.413571041
8606,189.150000,8607,65953.430239958
8607,189.183333,8608,65953.463577791
8608,189.200000,8609,65953.480246500
8609,189.216667,8610,65953.496915375
8610,189.233333,8611,65953.513584333
8611,189.250000,8612,65953.530253166
8612,189.266667,8613,65953.546922125
8613,189.300000,8614,65953.580259708
8614,189.316667,8615,65953.596928666
8615,189.333333,8616,65953.613597541
8616,189.350000,8617,65953.630266208
8617,189.366667,8618,65953.646935208
8618,189.383333,8619,65953.663604083
8619,189.416667,8620,65953.696941916
8620,189.433333,8621,65953.713610583
8621,189.450000,8622,65953.730279541
8622,189.466667,8623,65953.746948416
8623,189.483333,8624,65953.763617291
8624,189.516667,8625,65953.796954916
8625,189.533333,8626,65953.813623833
8626,189.550000,8627,65953.830292750
8627,189.566667,8628,65953.846961625
8628,189.583333,8629,65953.863630375
8629,189.600000,8630,65953.880299333
8630,189.633333,8631,65953.913637083
8631,189.650000,8632,65953.930305791
8632,189.666667,8633,65953.946974708
8633,189.683333,8634,65953.963643625
8634,189.700000,8635,65953.980312500
8635,189.716667,8636,65953.996981416
8636,189.750000,8637,65954.030319083
8637,189.766667,8638,65954.046987958
8638,189.783333,8639,65954.063656875
8639,189.800000,8640,65954.080325625
8640,189.816667,8641,65954.096994500
8641,189.833333,8642,65954.113663375
8642,189.866667,8643,65954.147001166
8643,189.883333,8644,65954.163669958
8644,189.900000,8645,65954.180338791
8645,189.916667,8646,65954.197007750
8646,189.933333,8647,65954.213676666
8647,189.950000,8648,65954.230345375
8648,189.983333,8649,65954.263683208
8649,190.000000,8650,65954.280352125
8650,190.016667,8651,65954.297021000
8651,190.033333,8652,65954.313689750
8652,190.050000,8653,65954.330358541
8653,190.083333,8654,65954.363696416
8654,190.100000,8655,65954.380365125
8655,190.116667,8656,65954.397034083
8656,190.133333,8657,65954.413702916
8657,190.150000,8658,65954.430371875
8658,190.183333,8659,65954.463709541
8659,190.200000,8660,65954.480378375
8660,190.216667,8661,65954.497047333
8661,190.233333,8662,65954.513716166
8662,190.250000,8663,65954.530384916
8663,190.283333,8664,65954.563722625
8664,190.300000,8665,65954.580391583
8665,190.316667,8666,65954.597060375
8666,190.333333,8667,65954.613729333
8667,190.366667,8668,65954.647067041
8668,190.383333,8669,65954.663735958
8669,190.400000,8670,65954.680404708
8670,190.416667,8671,65954.697073625
8671,190.450000,8672,65954.730411375
8672,190.466667,8673,65954.747080125
8673,190.483333,8674,65954.763749000
8674,190.500000,8675,65954.780417958
8675,190.533333,8676,65954.813755791
8676,190.550000,8677,65954.830424416
8677,190.566667,8678,65954.847093375
8678,190.583333,8679,65954.863762291
8679,190.616667,8680,65954.897099916
8680,190.633333,8681,65954.913768791
8681,190.650000,8682,65954.930437750
8682,190.666667,8683,65954.947106541
8683,190.700000,8684,65954.980444250
8684,190.716667,8685,65954.997113166
8685,190.733333,8686,65955.013782041
8686,190.750000,8687,65955.030450916
8687,190.783333,8688,65955.063788583
8688,190.800000,8689,65955.080457500
8689,190.816667,8690,65955.097126416
8690,190.850000,8691,65955.130464083
8691,190.866667,8692,65955.147132791
8692,190.883333,8693,65955.163801833
8693,190.900000,8694,65955.180470750
8694,190.933333,8695,65955.213808333
8695,190.950000,8696,65955.230477250
8696,190.966667,8697,65955.247146125
8697,190.983333,8698,65955.263815041
8698,191.016667,8699,65955.297152708
8699,191.033333,8700,65955.313821625
8700,191.050000,8701,65955.330490458
8701,191.083333,8702,65955.363828083
8702,191.100000,8703,65955.380497000
8703,191.116667,8704,65955.397165958
8704,191.133333,8705,65955.413834791
8705,191.166667,8706,65955.447172458
8706,191.183333,8707,65955.463841375
8707,191.200000,8708,65955.480510291
8708,191.233333,8709,65955.513847916
8709,191.250000,8710,65955.530516833
8710,191.266667,8711,65955.547185708
8711,191.283333,8712,65955.563854583
8712,191.316667,8713,65955.597192208
8713,191.333333,8714,65955.613861083
8714,191.350000,8715,65955.630530000
8715,191.383333,8716,65955.663867708
8716,191.400000,8717,65955.680536541
8717,191.416667,8718,65955.697205458
8718,191.433333,8719,65955.713874333
8719,191.466667,8720,65955.747212000
8720,191.483333,8721,65955.763880875
8721,191.500000,8722,65955.780549791
8722,191.516667,8723,65955.797218500
8723,191.550000,8724,65955.830556250
8724,191.566667,8725,65955.847225208
8725,191.583333,8726,65955.863894166
8726,191.616667,8727,65955.897231750
8727,191.633333,8728,65955.913900625
8728,191.650000,8729,65955.930569500
8729,191.683333,8730,65955.963907208
8730,191.700000,8731,65955.980576083
8731,191.716667,8732,65955.997245000
8732,191.733333,8733,65956.013913708
8733,191.766667,8734,65956.047251541
8734,191.783333,8735,65956.063920458
8735,191.800000,8736,65956.080589291
8736,191.833333,8737,65956.113926958
8737,191.850000,8738,65956.130595875
8738,191.866667,8739,65956.147264750
8739,191.900000,8740,65956.180602416
8740,191.916667,8741,65956.197271333
8741,191.933333,8742,65956.213940208
8742,191.966667,8743,65956.247277875
8743,191.983333,8744,65956.263946750
8744,192.000000,8745,65956.280615625
8745,192.033333,8746,65956.313953250
8746,192.050000,8747,65956.330622208
8747,192.066667,8748,65956.347291083
8748,192.083333,8749,65956.363959958
8749,192.116667,8750,65956.397297666
8750,192.133333,8751,65956.413966500
8751,192.150000,8752,65956.430635375
8752,192.183333,8753,65956.463973000
8753,192.200000,8754,65956.480641916
8754,192.216667,8755,65956.497310833
8755,192.250000,8756,65956.530648583
8756,192.266667,8757,65956.547317375
8757,192.283333,8758,65956.563986208
8758,192.316667,8759,65956.597321833
8759,192.333333,8760,65956.613992750
8760,192.350000,8761,65956.630661666
8761,192.383333,8762,65956.663999458
8762,192.400000,8763,65956.680668416
8763,192.433333,8764,65956.714006000
8764,192.450000,8765,65956.730674916
8765,192.466667,8766,65956.747343791
8766,192.500000,8767,65956.780681500
8767,192.516667,8768,65956.797350291
8768,192.533333,8769,65956.814019250
8769,192.566667,8770,65956.847356875
8770,192.583333,8771,65956.864025833
8771,192.616667,8772,65956.897363541
8772,192.633333,8773,65956.914032291
8773,192.650000,8774,65956.930701291
8774,192.683333,8775,65956.964039041
8775,192.700000,8776,65956.980707916
8776,192.716667,8777,65956.997376625
8777,192.750000,8778,65957.030714458
8778,192.766667,8779,65957.047383333
8779,192.800000,8780,65957.080720916
8780,192.816667,8781,65957.097389875
8781,192.833333,8782,65957.114058791
8782,192.866667,8783,65957.147396333
8783,192.883333,8784,65957.164065291
8784,192.916667,8785,65957.197403125
8785,192.933333,8786,65957.214071875
8786,192.950000,8787,65957.230740708
8787,192.983333,8788,65957.264078500
8788,193.000000,8789,65957.280747333
8789,193.033333,8790,65957.314085041
8790,193.050000,8791,65957.330753916
8791,193.066667,8792,65957.347422833
8792,193.100000,8793,65957.380760458
8793,193.116667,8794,65957.397429416
8794,193.150000,8795,65957.430767000
8795,193.166667,8796,65957.447435916
8796,193.183333,8797,65957.464104791
8797,193.216667,8798,65957.497442625
8798,193.233333,8799,65957.514111333
8799,193.250000,8800,65957.530780250
8800,193.283333,8801,65957.564118083
8801,193.300000,8802,65957.580786708
8802,193.333333,8803,65957.614124541
8803,193.350000,8804,65957.630793416
8804,193.366667,8805,65957.647462375
8805,193.400000,8806,65957.680799958
8806,193.416667,8807,65957.697468916
8807,193.433333,8808,65957.714137750
8808,193.466667,8809,65957.747475458
8809,193.483333,8810,65957.764144333
8810,193.500000,8811,65957.780813166
8811,193.533333,8812,65957.814150833
8812,193.550000,8813,65957.830819750
8813,193.583333,8814,65957.864157500
8814,193.600000,8815,65957.880826291
8815,193.616667,8816,65957.897495208
8816,193.650000,8817,65957.930832916
8817,193.666667,8818,65957.947501875
8818,193.683333,8819,65957.964170583
8819,193.716667,8820,65957.997508375
8820,193.733333,8821,65958.014177250
8821,193.750000,8822,65958.030846041
8822,193.783333,8823,65958.064183833
8823,193.800000,8824,65958.080852708
8824,193.833333,8825,65958.114190375
8825,193.850000,8826,65958.130859250
8826,193.883333,8827,65958.164196958
8827,193.900000,8828,65958.180865833
8828,193.916667,8829,65958.197534625
8829,193.950000,8830,65958.230872458
8830,193.966667,8831,65958.247541333
8831,194.000000,8832,65958.280879041
8832,194.016667,8833,65958.297547875
8833,194.050000,8834,65958.330885541
8834,194.066667,8835,65958.347554416
8835,194.100000,8836,65958.380892250
8836,194.116667,8837,65958.397561125
8837,194.133333,8838,65958.414229916
8838,194.166667,8839,65958.447567583
8839,194.183333,8840,65958.464236541
8840,194.216667,8841,65958.497574208
8841,194.233333,8842,65958.514243083
8842,194.250000,8843,65958.530912041
8843,194.283333,8844,65958.564249666
8844,194.300000,8845,65958.580918500
8845,194.333333,8846,65958.614256333
8846,194.350000,8847,65958.630925083
8847,194.383333,8848,65958.664262875
8848,194.400000,8849,65958.680931708
8849,194.416667,8850,65958.697600583
8850,194.450000,8851,65958.730938291
8851,194.466667,8852,65958.747607125
8852,194.500000,8853,65958.780944750
8853,194.516667,8854,65958.797613708
8854,194.550000,8855,65958.830951458
8855,194.566667,8856,65958.847620208
8856,194.583333,8857,65958.864289125
8857,194.616667,8858,65958.897626958
8858,194.633333,8859,65958.914295875
8859,194.666667,8860,65958.947633458
8860,194.683333,8861,65958.964302333
8861,194.716667,8862,65958.997640041
8862,194.733333,8863,65959.014308833
8863,194.766667,8864,65959.047646708
8864,194.783333,8865,65959.064315541
8865,194.800000,8866,65959.080984291
8866,194.833333,8867,65959.114322083
8867,194.850000,8868,65959.130991000
8868,194.883333,8869,65959.164328625
8869,194.900000,8870,65959.180997541
8870,194.916667,8871,65959.197666458
8871,194.950000,8872,65959.231004041
8872,194.966667,8873,65959.247672916
8873,195.000000,8874,65959.281010666
8874,195.016667,8875,65959.297679541
8875,195.050000,8876,65959.331017291
8876,195.066667,8877,65959.347686208
8877,195.083333,8878,65959.364355083
8878,195.116667,8879,65959.397692666
8879,195.133333,8880,65959.414361541
8880,195.166667,8881,65959.447699250
8881,195.183333,8882,65959.464368125
8882,195.216667,8883,65959.497706000
8883,195.233333,8884,65959.514374833
8884,195.250000,8885,65959.531043583
8885,195.283333,8886,65959.564381333
8886,195.300000,8887,65959.581050250
8887,195.333333,8888,65959.614387875
8888,195.350000,8889,65959.631056833
8889,195.383333,8890,65959.664394625
8890,195.400000,8891,65959.681063333
8891,195.433333,8892,65959.714401083
8892,195.450000,8893,65959.731070000
8893,195.466667,8894,65959.747738750
8894,195.500000,8895,65959.781076583
8895,195.516667,8896,65959.797745416
8896,195.550000,8897,65959.831083041
8897,195.566667,8898,65959.847751916
8898,195.600000,8899,65959.881089791
8899,195.616667,8900,65959.897758541
8900,195.650000,8901,65959.931096291
8901,195.666667,8902,65959.947765125
8902,195.700000,8903,65959.981102875
8903,195.716667,8904,65959.997771750
8904,195.733333,8905,65960.014440625
8905,195.766667,8906,65960.047778250
8906,195.783333,8907,65960.064447166
8907,195.816667,8908,65960.097784958
8908,195.833333,8909,65960.114453833
8909,195.866667,8910,65960.147791416
8910,195.883333,8911,65960.164460375
8911,195.916667,8912,65960.197798041
8912,195.933333,8913,65960.214466916
8913,195.966667,8914,65960.247804708
8914,195.983333,8915,65960.264473500
8915,196.000000,8916,65960.281142333
8916,196.033333,8917,65960.314480125
8917,196.050000,8918,65960.331149041
8918,196.083333,8919,65960.364486666
8919,196.100000,8920,65960.381155500
8920,196.133333,8921,65960.414493375
8921,196.150000,8922,65960.431162000
8922,196.183333,8923,65960.464499875
8923,196.200000,8924,65960.481168833
8924,196.233333,8925,65960.514506458
8925,196.250000,8926,65960.531175250
8926,196.266667,8927,65960.547844208
8927,196.300000,8928,65960.581181916
8928,196.316667,8929,65960.597850750
8929,196.350000,8930,65960.631188541
8930,196.366667,8931,65960.647857250
8931,196.400000,8932,65960.681195083
8932,196.416667,8933,65960.697863958
8933,196.433333,8934,65960.714532750
8934,196.466667,8935,65960.747870500
8935,196.483333,8936,65960.764539416
8936,196.500000,8937,65960.781208333
8937,196.533333,8938,65960.814545875
8938,196.550000,8939,65960.831214750
8939,196.583333,8940,65960.864552416
8940,196.600000,8941,65960.881221375
8941,196.616667,8942,65960.897890250
8942,196.650000,8943,65960.931228083
8943,196.666667,8944,65960.947896708
8944,196.700000,8945,65960.981234625
8945,196.716667,8946,65960.997903500
8946,196.733333,8947,65961.014572208
8947,196.766667,8948,65961.047910000
8948,196.783333,8949,65961.064578916
8949,196.816667,8950,65961.097916541
8950,196.833333,8951,65961.114585416
8951,196.850000,8952,65961.131254375
8952,196.883333,8953,65961.164591958
8953,196.900000,8954,65961.181260833
8954,196.916667,8955,65961.197929708
8955,196.950000,8956,65961.231267583
8956,196.966667,8957,65961.247936250
8957,196.983333,8958,65961.264605166
8958,197.016667,8959,65961.297942958
8959,197.033333,8960,65961.314611750
8960,197.050000,8961,65961.331280625
8961,197.083333,8962,65961.364618458
8962,197.100000,8963,65961.381287333
8963,197.116667,8964,65961.397956000
8964,197.150000,8965,65961.431293833
8965,197.166667,8966,65961.447962708
8966,197.183333,8967,65961.464631416
8967,197.200000,8968,65961.481300333
8968,197.233333,8969,65961.514638166
8969,197.250000,8970,65961.531307041
8970,197.266667,8971,65961.547975791
8971,197.283333,8972,65961.564644666
8972,197.300000,8973,65961.581313541
8973,197.333333,8974,65961.614651208
8974,197.350000,8975,65961.631320125
8975,197.366667,8976,65961.647989000
8976,197.383333,8977,65961.664657916
8977,197.400000,8978,65961.681326666
8978,197.433333,8979,65961.714664416
8979,197.450000,8980,65961.731333291
8980,197.466667,8981,65961.748002208
8981,197.483333,8982,65961.764670958
8982,197.516667,8983,65961.798008708
8983,197.533333,8984,65961.814677708
8984,197.550000,8985,65961.831346375
8985,197.583333,8986,65961.864684166
8986,197.600000,8987,65961.881353041
8987,197.616667,8988,65961.898022000
8988,197.633333,8989,65961.914690750
8989,197.650000,8990,65961.931359583
8990,197.683333,8991,65961.964697458
8991,197.700000,8992,65961.981366083
8992,197.716667,8993,65961.998035000
8993,197.733333,8994,65962.014703916
8994,197.750000,8995,65962.031372875
8995,197.783333,8996,65962.064710458
8996,197.800000,8997,65962.081379333
8997,197.816667,8998,65962.098048333
8998,197.833333,8999,65962.114717125
8999,197.866667,9000,65962.148054750
9000,197.883333,9001,65962.164723583
9001,197.900000,9002,65962.181392583
9002,197.916667,9003,65962.198061458
9003,197.933333,9004,65962.214730208
9004,197.966667,9005,65962.248068000
9005,197.983333,9006,65962.264736875
9006,198.000000,9007,65962.281405625
9007,198.016667,9008,65962.298074541
9008,198.033333,9009,65962.314743416
9009,198.066667,9010,65962.348081250
9010,198.083333,9011,65962.364749958
9011,198.100000,9012,65962.381418833
9012,198.116667,9013,65962.398087750
9013,198.150000,9014,65962.431425375
9014,198.166667,9015,65962.448094250
9015,198.183333,9016,65962.464763208
9016,198.216667,9017,65962.498100958
9017,198.233333,9018,65962.514769708
9018,198.250000,9019,65962.531438583
9019,198.283333,9020,65962.564776333
9020,198.300000,9021,65962.581445166
9021,198.316667,9022,65962.598114041
9022,198.333333,9023,65962.614782958
9023,198.366667,9024,65962.648120708
9024,198.383333,9025,65962.664789416
9025,198.400000,9026,65962.681458375
9026,198.433333,9027,65962.714796083
9027,198.450000,9028,65962.731464875
9028,198.466667,9029,65962.748133750
9029,198.500000,9030,65962.781471583
9030,198.516667,9031,65962.798140458
9031,198.550000,9032,65962.831478125
9032,198.566667,9033,65962.848146958
9033,198.583333,9034,65962.864815875
9034,198.600000,9035,65962.881484625
9035,198.633333,9036,65962.914822458
9036,198.650000,9037,65962.931491291
9037,198.666667,9038,65962.948160208
9038,198.700000,9039,65962.981497875
9039,198.716667,9040,65962.998166750
9040,198.733333,9041,65963.014835666
9041,198.766667,9042,65963.048173291
9042,198.783333,9043,65963.064842208
9043,198.816667,9044,65963.098179791
9044,198.833333,9045,65963.114848666
9045,198.850000,9046,65963.131517541
9046,198.883333,9047,65963.164855375
9047,198.900000,9048,65963.181524083
9048,198.916667,9049,65963.198192958
9049,198.950000,9050,65963.231530791
9050,198.966667,9051,65963.248199541
9051,199.000000,9052,65963.281537291
9052,199.016667,9053,65963.298206208
9053,199.033333,9054,65963.314875083
9054,199.066667,9055,65963.348212750
9055,199.083333,9056,65963.364881625
9056,199.100000,9057,65963.381550541
9057,199.116667,9058,65963.398219291
9058,199.133333,9059,65963.414888208
9059,199.166667,9060,65963.448225958
9060,199.183333,9061,65963.464894875
9061,199.200000,9062,65963.481563541
9062,199.216667,9063,65963.498232541
9063,199.250000,9064,65963.531570291
9064,199.266667,9065,65963.548239000
9065,199.300000,9066,65963.581576791
9066,199.316667,9067,65963.598245750
9067,199.333333,9068,65963.614914625
9068,199.366667,9069,65963.648252291
9069,199.383333,9070,65963.664921166
9070,199.416667,9071,65963.698258791
9071,199.433333,9072,65963.714927666
9072,199.450000,9073,65963.731596541
9073,199.483333,9074,65963.764934291
9074,199.500000,9075,65963.781603083
9075,199.533333,9076,65963.814940875
9076,199.550000,9077,65963.831609791
9077,199.566667,9078,65963.848278458
9078,199.600000,9079,65963.881616333
9079,199.616667,9080,65963.898285166
9080,199.650000,9081,65963.931622791
9081,199.666667,9082,65963.948291666
9082,199.683333,9083,65963.964960625
9083,199.716667,9084,65963.998298250
9084,199.733333,9085,65964.014967083
9085,199.766667,9086,65964.048304875
9086,199.783333,9087,65964.064973833
9087,199.800000,9088,65964.081642583
9088,199.833333,9089,65964.114980333
9089,199.850000,9090,65964.131649250
9090,199.866667,9091,65964.148318000
9091,199.900000,9092,65964.181655791
9092,199.916667,9093,65964.198324708
9093,199.933333,9094,65964.214993583
9094,199.966667,9095,65964.248331166
9095,199.983333,9096,65964.265000125
9096,200.000000,9097,65964.281668958
9097,200.033333,9098,65964.315006625
9098,200.050000,9099,65964.331675500
9099,200.066667,9100,65964.348344375
9100,200.100000,9101,65964.381682041
9101,200.116667,9102,65964.398350958
9102,200.150000,9103,65964.431688708
9103,200.166667,9104,65964.448357416
9104,200.183333,9105,65964.465026333
9105,200.216667,9106,65964.498364166
9106,200.233333,9107,65964.515032833
9107,200.266667,9108,65964.548370625
9108,200.283333,9109,65964.565039583
9109,200.316667,9110,65964.598377083
9110,200.350000,9111,65964.631715041
9111,200.366667,9112,65964.648383916
9112,200.400000,9113,65964.681721458
9113,200.416667,9114,65964.698390375
9114,200.433333,9115,65964.715059291
9115,200.466667,9116,65964.748396916
9116,200.483333,9117,65964.765065833
9117,200.500000,9118,65964.781734750
9118,200.533333,9119,65964.815072333
9119,200.550000,9120,65964.831741208
9120,200.583333,9121,65964.865079041
9121,200.600000,9122,65964.881747916
9122,200.633333,9123,65964.915085500
9123,200.650000,9124,65964.931754416
9124,200.666667,9125,65964.948423333
9125,200.700000,9126,65964.981760916
9126,200.716667,9127,65964.998429875
9127,200.750000,9128,65965.031767666
9128,200.766667,9129,65965.048436333
9129,200.800000,9130,65965.081774166
9130,200.816667,9131,65965.098443041
9131,200.850000,9132,65965.131780708
9132,200.866667,9133,65965.148449625
9133,200.900000,9134,65965.181787375
9134,200.916667,9135,65965.198456083
9135,200.950000,9136,65965.231793958
9136,200.966667,9137,65965.248462791
9137,201.000000,9138,65965.281800416
9138,201.016667,9139,65965.298469333
9139,201.050000,9140,65965.331807083
9140,201.066667,9141,65965.348475875
9141,201.083333,9142,65965.365144750
9142,201.116667,9143,65965.398482500
9143,201.133333,9144,65965.415151250
9144,201.166667,9145,65965.448488958
9145,201.183333,9146,65965.465157916
9146,201.216667,9147,65965.498495625
9147,201.233333,9148,65965.515164458
9148,201.266667,9149,65965.548502208
9149,201.283333,9150,65965.565171000
9150,201.316667,9151,65965.598508791
9151,201.333333,9152,65965.615177666
9152,201.350000,9153,65965.631846583
9153,201.383333,9154,65965.665184166
9154,201.400000,9155,65965.681853125
9155,201.433333,9156,65965.715190708
9156,201.450000,9157,65965.731859625
9157,201.466667,9158,65965.748528500
9158,201.500000,9159,65965.781866291
9159,201.516667,9160,65965.798534958
9160,201.550000,9161,65965.831872791
9161,201.566667,9162,65965.848541625
9162,201.583333,9163,65965.865210458
9163,201.616667,9164,65965.898548250
9164,201.633333,9165,65965.915217125
9165,201.666667,9166,65965.948554750
9166,201.683333,9167,65965.965223666
9167,201.700000,9168,65965.981892500
9168,201.733333,9169,65966.015230166
9169,201.750000,9170,65966.031899041
9170,201.766667,9171,65966.048567916
9171,201.800000,9172,65966.081905583
9172,201.816667,9173,65966.098574458
9173,201.850000,9174,65966.131912291
9174,201.866667,9175,65966.148581125
9175,201.883333,9176,65966.165249958
9176,201.916667,9177,65966.198587666
9177,201.933333,9178,65966.215256625
9178,201.966667,9179,65966.248594166
9179,201.983333,9180,65966.265263125
9180,202.016667,9181,65966.298600916
9181,202.033333,9182,65966.315269583
9182,202.050000,9183,65966.331938500
9183,202.066667,9184,65966.348607458
9184,202.100000,9185,65966.381945041
9185,202.116667,9186,65966.398614000
9186,202.133333,9187,65966.415282833
9187,202.166667,9188,65966.448620666
9188,202.183333,9189,65966.465289416
9189,202.200000,9190,65966.481958291
9190,202.233333,9191,65966.515296000
9191,202.250000,9192,65966.531964791
9192,202.283333,9193,65966.565302500
9193,202.300000,9194,65966.581971500
9194,202.316667,9195,65966.598640333
9195,202.350000,9196,65966.631978000
9196,202.366667,9197,65966.648646875
9197,202.383333,9198,65966.665315750
9198,202.416667,9199,65966.698653375
9199,202.433333,9200,65966.715322250
9200,202.450000,9201,65966.731991208
9201,202.483333,9202,65966.765328833
9202,202.500000,9203,65966.781997750
9203,202.516667,9204,65966.798666583
9204,202.550000,9205,65966.832004291
9205,202.566667,9206,65966.848673166
9206,202.583333,9207,65966.865342041
9207,202.616667,9208,65966.898679875
9208,202.633333,9209,65966.915348500
9209,202.650000,9210,65966.932017458
9210,202.683333,9211,65966.965355250
9211,202.700000,9212,65966.982024000
9212,202.716667,9213,65966.998692875
9213,202.733333,9214,65967.015361750
9214,202.766667,9215,65967.048699583
9215,202.783333,9216,65967.065368208
9216,202.800000,9217,65967.082037166
9217,202.833333,9218,65967.115374958
9218,202.850000,9219,65967.132043750
9219,202.866667,9220,65967.148712541
9220,202.883333,9221,65967.165381541
9221,202.916667,9222,65967.198719250
9222,202.933333,9223,65967.215388000
9223,202.950000,9224,65967.232056791
9224,202.983333,9225,65967.265394666
9225,203.000000,9226,65967.282063416
9226,203.016667,9227,65967.298732291
9227,203.050000,9228,65967.332070083
9228,203.066667,9229,65967.348738833
9229,203.083333,9230,65967.365407750
9230,203.100000,9231,65967.382076625
9231,203.133333,9232,65967.415414416
9232,203.150000,9233,65967.432083166
9233,203.166667,9234,65967.448752000
9234,203.200000,9235,65967.482089833
9235,203.216667,9236,65967.498758583
9236,203.233333,9237,65967.515427500
9237,203.250000,9238,65967.532096291
9238,203.283333,9239,65967.565434208
9239,203.300000,9240,65967.582102791
9240,203.316667,9241,65967.598771750
9241,203.333333,9242,65967.615440708
9242,203.366667,9243,65967.648778333
9243,203.383333,9244,65967.665447208
9244,203.400000,9245,65967.682116041
9245,203.416667,9246,65967.698784916
9246,203.450000,9247,65967.732122583
9247,203.466667,9248,65967.748791458
9248,203.483333,9249,65967.765460416
9249,203.516667,9250,65967.798798041
9250,203.533333,9251,65967.815466875
9251,203.550000,9252,65967.832135791
9252,203.566667,9253,65967.848804666
9253,203.600000,9254,65967.882142375
9254,203.616667,9255,65967.898811250
9255,203.650000,9256,65967.932148958
9256,203.666667,9257,65967.948817750
9257,203.700000,9258,65967.982155500
9258,203.716667,9259,65967.998824416
9259,203.750000,9260,65968.032162041
9260,203.766667,9261,65968.048830916
9261,203.783333,9262,65968.065499875
9262,203.800000,9263,65968.082168750
9263,203.833333,9264,65968.115506291
9264,203.850000,9265,65968.132175208
9265,203.866667,9266,65968.148844166
9266,203.900000,9267,65968.182181791
9267,203.916667,9268,65968.198850708
9268,203.933333,9269,65968.215519583
9269,203.966667,9270,65968.248857166
9270,203.983333,9271,65968.265526083
9271,204.016667,9272,65968.298863875
9272,204.033333,9273,65968.315532750
9273,204.050000,9274,65968.332201541
9274,204.083333,9275,65968.365539250
9275,204.100000,9276,65968.382208166
9276,204.116667,9277,65968.398876916
9277,204.133333,9278,65968.415545791
9278,204.166667,9279,65968.448883583
9279,204.183333,9280,65968.465552500
9280,204.200000,9281,65968.482221208
9281,204.233333,9282,65968.515559000
9282,204.250000,9283,65968.532227958
9283,204.266667,9284,65968.548896541
9284,204.283333,9285,65968.565565500
9285,204.316667,9286,65968.598903375
9286,204.333333,9287,65968.615572208
9287,204.350000,9288,65968.632240958
9288,204.383333,9289,65968.665578750
9289,204.400000,9290,65968.682247583
9290,204.416667,9291,65968.698916375
9291,204.450000,9292,65968.732254166
9292,204.466667,9293,65968.748923000
9293,204.483333,9294,65968.765591791
9294,204.516667,9295,65968.798929583
9295,204.533333,9296,65968.815598416
9296,204.566667,9297,65968.848936125
9297,204.583333,9298,65968.865605000
9298,204.600000,9299,65968.882273833
9299,204.633333,9300,65968.915611541
9300,204.650000,9301,65968.932280416
9301,204.666667,9302,65968.948949208
9302,204.700000,9303,65968.982287083
9303,204.716667,9304,65968.998955791
9304,204.733333,9305,65969.015624708
9305,204.766667,9306,65969.048962500
9306,204.783333,9307,65969.065631166
9307,204.800000,9308,65969.082300041
9308,204.833333,9309,65969.115637916
9309,204.850000,9310,65969.132306791
9310,204.866667,9311,65969.148975541
9311,204.900000,9312,65969.182313291
9312,204.916667,9313,65969.198982166
9313,204.933333,9314,65969.215650916
9314,204.966667,9315,65969.248988666
9315,204.983333,9316,65969.265657625
9316,205.000000,9317,65969.282326500
9317,205.033333,9318,65969.315664125
9318,205.050000,9319,65969.332333000
9319,205.066667,9320,65969.349001916
9320,205.100000,9321,65969.382339541
9321,205.116667,9322,65969.399008458
9322,205.133333,9323,65969.415677333
9323,205.166667,9324,65969.449015000
9324,205.183333,9325,65969.465683833
9325,205.200000,9326,65969.482352791
9326,205.233333,9327,65969.515690375
9327,205.250000,9328,65969.532359291
9328,205.266667,9329,65969.549028208
9329,205.300000,9330,65969.582366000
9330,205.316667,9331,65969.599034708
9331,205.333333,9332,65969.615703583
9332,205.350000,9333,65969.632372500
9333,205.383333,9334,65969.665710041
9334,205.400000,9335,65969.682379041
9335,205.416667,9336,65969.699047916
9336,205.450000,9337,65969.732385666
9337,205.466667,9338,65969.749054333
9338,205.483333,9339,65969.765723291
9339,205.516667,9340,65969.799061125
9340,205.533333,9341,65969.815729791
9341,205.550000,9342,65969.832398666
9342,205.583333,9343,65969.865736458
9343,205.600000,9344,65969.882405416
9344,205.616667,9345,65969.899074125
9345,205.650000,9346,65969.932411916
9346,205.666667,9347,65969.949080833
9347,205.683333,9348,65969.965749583
9348,205.716667,9349,65969.999087333
9349,205.733333,9350,65970.015756208
9350,205.750000,9351,65970.032425166
9351,205.783333,9352,65970.065762708
9352,205.800000,9353,65970.082431625
9353,205.816667,9354,65970.099100541
9354,205.850000,9355,65970.132438125
9355,205.866667,9356,65970.149106958
9356,205.883333,9357,65970.165775958
9357,205.916667,9358,65970.199113541
9358,205.933333,9359,65970.215782375
9359,205.950000,9360,65970.232451333
9360,205.983333,9361,65970.265788958
9361,206.000000,9362,65970.282457791
9362,206.016667,9363,65970.299126750
9363,206.033333,9364,65970.315795708
9364,206.066667,9365,65970.349133250
9365,206.083333,9366,65970.365802166
9366,206.100000,9367,65970.382471125
9367,206.133333,9368,65970.415808666
9368,206.150000,9369,65970.432477500
9369,206.166667,9370,65970.449146500
9370,206.183333,9371,65970.465815416
9371,206.216667,9372,65970.499153041
9372,206.233333,9373,65970.515821916
9373,206.250000,9374,65970.532490750
9374,206.266667,9375,65970.549159708
9375,206.283333,9376,65970.565828375
9376,206.300000,9377,65970.582497250
9377,206.333333,9378,65970.615835083
9378,206.350000,9379,65970.632503791
9379,206.366667,9380,65970.649172666
9380,206.383333,9381,65970.665841583
9381,206.400000,9382,65970.682510458
9382,206.416667,9383,65970.699179416
9383,206.450000,9384,65970.732517000
9384,206.466667,9385,65970.749185875
9385,206.483333,9386,65970.765854833
9386,206.500000,9387,65970.782523500
9387,206.516667,9388,65970.799192458
9388,206.533333,9389,65970.815861291
9389,206.566667,9390,65970.849199083
9390,206.583333,9391,65970.865867791
9391,206.600000,9392,65970.882536666
9392,206.616667,9393,65970.899205625
9393,206.633333,9394,65970.915874583
9394,206.666667,9395,65970.949212166
9395,206.683333,9396,65970.965881083
9396,206.700000,9397,65970.982549875
9397,206.716667,9398,65970.999218791
9398,206.750000,9399,65971.032556458
9399,206.766667,9400,65971.049225375
9400,206.783333,9401,65971.065894166
9401,206.800000,9402,65971.082563000
9402,206.833333,9403,65971.115900708
9403,206.850000,9404,65971.132569666
9404,206.866667,9405,65971.149238500
9405,206.883333,9406,65971.165907250
9406,206.900000,9407,65971.182576166
9407,206.933333,9408,65971.215913833
9408,206.950000,9409,65971.232582708
9409,206.966667,9410,65971.249251541
9410,206.983333,9411,65971.265920416
9411,207.016667,9412,65971.299258208
9412,207.033333,9413,65971.315926916
9413,207.050000,9414,65971.332595833
9414,207.066667,9415,65971.349264708
9415,207.083333,9416,65971.365933625
9416,207.116667,9417,65971.399271250
9417,207.133333,9418,65971.415940125
9418,207.150000,9419,65971.432609041
9419,207.166667,9420,65971.449277958
9420,207.200000,9421,65971.482615583
9421,207.216667,9422,65971.499284458
9422,207.233333,9423,65971.515953333
9423,207.250000,9424,65971.532622125
9424,207.266667,9425,65971.549290875
9425,207.300000,9426,65971.582628791
9426,207.316667,9427,65971.599297500
9427,207.333333,9428,65971.615966333
9428,207.350000,9429,65971.632635208
9429,207.366667,9430,65971.649304083
9430,207.400000,9431,65971.682641750
9431,207.416667,9432,65971.699310666
9432,207.433333,9433,65971.715979541
9433,207.450000,9434,65971.732648500
9434,207.483333,9435,65971.765986083
9435,207.500000,9436,65971.782654958
9436,207.516667,9437,65971.799323833
9437,207.550000,9438,65971.832661458
9438,207.566667,9439,65971.849330375
9439,207.583333,9440,65971.865999333
9440,207.600000,9441,65971.882668166
9441,207.633333,9442,65971.916005791
9442,207.650000,9443,65971.932674708
9443,207.666667,9444,65971.949343625
9444,207.700000,9445,65971.982681208
9445,207.716667,9446,65971.999350125
9446,207.733333,9447,65972.016019000
9447,207.766667,9448,65972.049356625
9448,207.783333,9449,65972.066025500
9449,207.816667,9450,65972.099363291
9450,207.833333,9451,65972.116032166
9451,207.850000,9452,65972.132700875
9452,207.883333,9453,65972.166038625
9453,207.900000,9454,65972.182707625
9454,207.933333,9455,65972.216045250
9455,207.950000,9456,65972.232714083
9456,207.966667,9457,65972.249383000
9457,208.000000,9458,65972.282720583
9458,208.016667,9459,65972.299389541
9459,208.050000,9460,65972.332727333
9460,208.066667,9461,65972.349396000
9461,208.083333,9462,65972.366064875
9462,208.116667,9463,65972.399402750
9463,208.133333,9464,65972.416071583
9464,208.166667,9465,65972.449409166
9465,208.183333,9466,65972.466078125
9466,208.216667,9467,65972.499415750
9467,208.233333,9468,65972.516084625
9468,208.250000,9469,65972.532753500
9469,208.283333,9470,65972.566091250
9470,208.300000,9471,65972.582759958
9471,208.333333,9472,65972.616097750
9472,208.350000,9473,65972.632766750
9473,208.383333,9474,65972.666104333
9474,208.400000,9475,65972.682773250
9475,208.416667,9476,65972.699442083
9476,208.450000,9477,65972.732779708
9477,208.466667,9478,65972.749448583
9478,208.500000,9479,65972.782786416
9479,208.516667,9480,65972.799455083
9480,208.533333,9481,65972.816123916
9481,208.566667,9482,65972.849461791
9482,208.583333,9483,65972.866130708
9483,208.616667,9484,65972.899468333
9484,208.633333,9485,65972.916137166
9485,208.666667,9486,65972.949474750
9486,208.683333,9487,65972.966143625
9487,208.700000,9488,65972.982812583
9488,208.733333,9489,65973.016150208
9489,208.750000,9490,65973.032819041
9490,208.783333,9491,65973.066156916
9491,208.800000,9492,65973.082825750
9492,208.816667,9493,65973.099494500
9493,208.850000,9494,65973.132832291
9494,208.866667,9495,65973.149501208
9495,208.900000,9496,65973.182838791
9496,208.916667,9497,65973.199507666
9497,208.933333,9498,65973.216176625
9498,208.966667,9499,65973.249514208
9499,208.983333,9500,65973.266183083
9500,209.000000,9501,65973.282851916
9501,209.033333,9502,65973.316189625
9502,209.050000,9503,65973.332858500
9503,209.066667,9504,65973.349527333
9504,209.083333,9505,65973.366196291
9505,209.116667,9506,65973.399533916
9506,209.133333,9507,65973.416202833
9507,209.150000,9508,65973.432871625
9508,209.183333,9509,65973.466209291
9509,209.200000,9510,65973.482878208
9510,209.216667,9511,65973.499547041
9511,209.250000,9512,65973.532884833
9512,209.266667,9513,65973.549553625
9513,209.300000,9514,65973.582891291
9514,209.316667,9515,65973.599560291
9515,209.350000,9516,65973.632897833
9516,209.366667,9517,65973.649566791
9517,209.383333,9518,65973.666235708
9518,209.416667,9519,65973.699573291
9519,209.433333,9520,65973.716242166
9520,209.466667,9521,65973.749580000
9521,209.483333,9522,65973.766248666
9522,209.516667,9523,65973.799586458
9523,209.533333,9524,65973.816255333
9524,209.566667,9525,65973.849593000
9525,209.583333,9526,65973.866261875
9526,209.616667,9527,65973.899599666
9527,209.633333,9528,65973.916268375
9528,209.666667,9529,65973.949606250
9529,209.683333,9530,65973.966275041
9530,209.700000,9531,65973.982943958
9531,209.733333,9532,65974.016281583
9532,209.750000,9533,65974.032950458
9533,209.783333,9534,65974.066288125
9534,209.800000,9535,65974.082956958
9535,209.833333,9536,65974.116294750
9536,209.850000,9537,65974.132963666
9537,209.883333,9538,65974.166301208
9538,209.900000,9539,65974.182970166
9539,209.933333,9540,65974.216307708
9540,209.950000,9541,65974.232976666
9541,209.983333,9542,65974.266314375
9542,210.000000,9543,65974.282983291
9543,210.033333,9544,65974.316320916
9544,210.050000,9545,65974.332989791
9545,210.066667,9546,65974.349658666
9546,210.100000,9547,65974.382996333
9547,210.116667,9548,65974.399665291
9548,210.133333,9549,65974.416334125
9549,210.166667,9550,65974.449671750
9550,210.183333,9551,65974.466340666
9551,210.200000,9552,65974.483009541
9552,210.233333,9553,65974.516347125
9553,210.266667,9554,65974.549684916
9554,210.283333,9555,65974.566353833
9555,210.316667,9556,65974.599691375
9556,210.350000,9557,65974.633029166
9557,210.366667,9558,65974.649698083
9558,210.400000,9559,65974.683035666
9559,210.416667,9560,65974.699704583
9560,210.450000,9561,65974.733042166
9561,210.466667,9562,65974.749711083
9562,210.500000,9563,65974.783048875
9563,210.516667,9564,65974.799717750
9564,210.550000,9565,65974.833055375
9565,210.566667,9566,65974.849724291
9566,210.600000,9567,65974.883061833
9567,210.633333,9568,65974.916399666
9568,210.650000,9569,65974.933068625
9569,210.683333,9570,65974.966406125
9570,210.716667,9571,65974.999744000
9571,210.733333,9572,65975.016412875
9572,210.766667,9573,65975.049750500
9573,210.800000,9574,65975.083088250
9574,210.816667,9575,65975.099757166
9575,210.850000,9576,65975.133094708
9576,210.883333,9577,65975.166432541
9577,210.900000,9578,65975.183101250
9578,210.933333,9579,65975.216439000
9579,210.966667,9580,65975.249776833
9580,210.983333,9581,65975.266445583
9581,211.016667,9582,65975.299783375
9582,211.033333,9583,65975.316452208
9583,211.066667,9584,65975.349789833
9584,211.100000,9585,65975.383127666
9585,211.116667,9586,65975.399796541
9586,211.150000,9587,65975.433134166
9587,211.183333,9588,65975.466471875
9588,211.200000,9589,65975.483140625
9589,211.233333,9590,65975.516478375
9590,211.250000,9591,65975.533147333
9591,211.283333,9592,65975.566484916
9592,211.316667,9593,65975.599822708
9593,211.333333,9594,65975.616491541
9594,211.366667,9595,65975.649829166
9595,211.383333,9596,65975.666498083
9596,211.416667,9597,65975.699835833
9597,211.433333,9598,65975.716504625
9598,211.466667,9599,65975.749842375
9599,211.500000,9600,65975.783180000
9600,211.516667,9601,65975.799848916
9601,211.550000,9602,65975.833186666
9602,211.566667,9603,65975.849855375
9603,211.600000,9604,65975.883193208
9604,211.633333,9605,65975.916530875
9605,211.650000,9606,65975.933199708
9606,211.683333,9607,65975.966537416
9607,211.700000,9608,65975.983206250
9608,211.733333,9609,65976.016543958
9609,211.750000,9610,65976.033212833
9610,211.783333,9611,65976.066550625
9611,211.816667,9612,65976.099888250
9612,211.833333,9613,65976.116557166
9613,211.866667,9614,65976.149894666
9614,211.883333,9615,65976.166563583
9615,211.916667,9616,65976.199901416
9616,211.933333,9617,65976.216570208
9617,211.966667,9618,65976.249907958
9618,212.000000,9619,65976.283245666
9619,212.016667,9620,65976.299914333
9620,212.050000,9621,65976.333252166
9621,212.066667,9622,65976.349921125
9622,212.100000,9623,65976.383258666
9623,212.116667,9624,65976.399927583
9624,212.150000,9625,65976.433265333
9625,212.166667,9626,65976.449934083
9626,212.200000,9627,65976.483271791
9627,212.233333,9628,65976.516609625
9628,212.250000,9629,65976.533278333
9629,212.283333,9630,65976.566616166
9630,212.300000,9631,65976.583285041
9631,212.333333,9632,65976.616622666
9632,212.350000,9633,65976.633291541
9633,212.383333,9634,65976.666629333
9634,212.416667,9635,65976.699966958
9635,212.433333,9636,65976.716635833
9636,212.466667,9637,65976.749973458
9637,212.483333,9638,65976.766642333
9638,212.516667,9639,65976.799980125
9639,212.550000,9640,65976.833317750
9640,212.566667,9641,65976.849986708
9641,212.600000,9642,65976.883324375
9642,212.616667,9643,65976.899993125
9643,212.650000,9644,65976.933330958
9644,212.666667,9645,65976.949999791
9645,212.700000,9646,65976.983337458
9646,212.733333,9647,65977.016675208
9647,212.750000,9648,65977.033344083
9648,212.783333,9649,65977.066681708
9649,212.800000,9650,65977.083350583
9650,212.833333,9651,65977.116688291
9651,212.850000,9652,65977.133357083
9652,212.866667,9653,65977.150025916
9653,212.900000,9654,65977.183363791
9654,212.916667,9655,65977.200032500
9655,212.950000,9656,65977.233370291
9656,212.966667,9657,65977.250039125
9657,212.983333,9658,65977.266707916
9658,213.016667,9659,65977.300045666
9659,213.033333,9660,65977.316714583
9660,213.050000,9661,65977.333383416
9661,213.083333,9662,65977.366721041
9662,213.100000,9663,65977.383389958
9663,213.116667,9664,65977.400058875
9664,213.150000,9665,65977.433396458
9665,213.166667,9666,65977.450065291
9666,213.183333,9667,65977.466734208
9667,213.216667,9668,65977.500071875
9668,213.233333,9669,65977.516740708
9669,213.250000,9670,65977.533409625
9670,213.283333,9671,65977.566747208
9671,213.300000,9672,65977.583416125
9672,213.316667,9673,65977.600085083
9673,213.350000,9674,65977.633422875
9674,213.366667,9675,65977.650091541
9675,213.383333,9676,65977.666760458
9676,213.416667,9677,65977.700098166
9677,213.433333,9678,65977.716766916
9678,213.450000,9679,65977.733435833
9679,213.466667,9680,65977.750104708
9680,213.500000,9681,65977.783442541
9681,213.516667,9682,65977.800111208
9682,213.533333,9683,65977.816780125
9683,213.550000,9684,65977.833449000
9684,213.583333,9685,65977.866786625
9685,213.600000,9686,65977.883455500
9686,213.616667,9687,65977.900124375
9687,213.633333,9688,65977.916793333
9688,213.650000,9689,65977.933462208
9689,213.666667,9690,65977.950130958
9690,213.700000,9691,65977.983468625
9691,213.716667,9692,65978.000137583
9692,213.733333,9693,65978.016806291
9693,213.750000,9694,65978.033475208
9694,213.766667,9695,65978.050144083
9695,213.800000,9696,65978.083481875
9696,213.816667,9697,65978.100150625
9697,213.833333,9698,65978.116819458
9698,213.850000,9699,65978.133488333
9699,213.866667,9700,65978.150157291
9700,213.900000,9701,65978.183494833
9701,213.916667,9702,65978.200163791
9702,213.933333,9703,65978.216832625
9703,213.950000,9704,65978.233501541
9704,213.966667,9705,65978.250170291
9705,214.000000,9706,65978.283508041
9706,214.016667,9707,65978.300176958
9707,214.033333,9708,65978.316845708
9708,214.050000,9709,65978.333514583
9709,214.083333,9710,65978.366852333
9710,214.100000,9711,65978.383521208
9711,214.116667,9712,65978.400190000
9712,214.150000,9713,65978.433527708
9713,214.166667,9714,65978.450196625
9714,214.183333,9715,65978.466865333
9715,214.200000,9716,65978.483534291
9716,214.233333,9717,65978.516872083
9717,214.250000,9718,65978.533540916
9718,214.283333,9719,65978.566878416
9719,214.300000,9720,65978.583547375
9720,214.316667,9721,65978.600216333
9721,214.350000,9722,65978.633553916
9722,214.366667,9723,65978.650222750
9723,214.400000,9724,65978.683560375
9724,214.416667,9725,65978.700229291
9725,214.450000,9726,65978.733567083
9726,214.466667,9727,65978.750236000
9727,214.500000,9728,65978.783573625
9728,214.516667,9729,65978.800242500
9729,214.550000,9730,65978.833580125
9730,214.566667,9731,65978.850249000
9731,214.600000,9732,65978.883586833
9732,214.616667,9733,65978.900255708
9733,214.650000,9734,65978.933593291
9734,214.666667,9735,65978.950262125
9735,214.700000,9736,65978.983599833
9736,214.716667,9737,65979.000268750
9737,214.733333,9738,65979.016937541
9738,214.766667,9739,65979.050275291
9739,214.783333,9740,65979.066944083
9740,214.816667,9741,65979.100281875
9741,214.833333,9742,65979.116950708
9742,214.850000,9743,65979.133619500
9743,214.883333,9744,65979.166957250
