path,size_bytes
camera_matrix.csv,64
confidence/000000.png,4744
confidence/000001.png,4734
confidence/000002.png,4681
confidence/000003.png,4655
confidence/000004.png,4665
confidence/000005.png,4637
confidence/000006.png,4714
confidence/000007.png,4757
confidence/000008.png,4592
confidence/000009.png,4611
confidence/000010.png,4622
confidence/000011.png,4500
confidence/000012.png,4576
confidence/000013.png,4618
confidence/000014.png,4596
confidence/000015.png,4555
confidence/000016.png,4510
confidence/000017.png,4563
confidence/000018.png,4571
confidence/000019.png,4537
confidence/000020.png,4556
confidence/000021.png,4529
confidence/000022.png,4522
confidence/000023.png,4568
confidence/000024.png,4503
confidence/000025.png,4598
confidence/000026.png,4560
confidence/000027.png,4501
confidence/000028.png,4607
confidence/000029.png,4558
confidence/000030.png,4538
confidence/000031.png,4512
confidence/000032.png,4597
confidence/000033.png,4622
confidence/000034.png,4576
confidence/000035.png,4613
confidence/000036.png,4617
confidence/000037.png,4513
confidence/000038.png,4537
confidence/000039.png,4521
confidence/000040.png,4538
confidence/000041.png,4505
confidence/000042.png,4492
confidence/000043.png,4565
confidence/000044.png,4473
confidence/000045.png,4505
confidence/000046.png,4412
confidence/000047.png,4373
confidence/000048.png,4598
confidence/000049.png,4612
confidence/000050.png,4538
confidence/000051.png,4632
confidence/000052.png,4570
confidence/000053.png,4547
confidence/000054.png,4429
confidence/000055.png,4591
confidence/000056.png,4547
confidence/000057.png,4608
confidence/000058.png,4519
confidence/000059.png,4573
confidence/000060.png,4524
confidence/000061.png,4409
confidence/000062.png,4533
confidence/000063.png,4571
confidence/000064.png,4658
confidence/000065.png,4875
confidence/000066.png,4665
confidence/000067.png,4569
confidence/000068.png,4628
confidence/000069.png,4691
confidence/000070.png,4838
confidence/000071.png,4775
confidence/000072.png,4585
confidence/000073.png,4661
confidence/000074.png,4773
confidence/000075.png,4701
confidence/000076.png,4703
confidence/000077.png,4738
confidence/000078.png,4774
confidence/000079.png,4731
confidence/000080.png,4697
confidence/000081.png,4863
confidence/000082.png,4811
confidence/000083.png,4676
confidence/000084.png,4867
confidence/000085.png,4982
confidence/000086.png,4905
confidence/000087.png,4713
confidence/000088.png,4864
confidence/000089.png,4825
confidence/000090.png,4850
confidence/000091.png,4899
confidence/000092.png,5060
confidence/000093.png,4941
confidence/000094.png,4989
confidence/000095.png,4916
confidence/000096.png,5147
confidence/000097.png,4979
confidence/000098.png,5180
confidence/000099.png,5108
confidence/000100.png,4996
confidence/000101.png,4991
confidence/000102.png,5087
confidence/000103.png,5003
confidence/000104.png,4939
confidence/000105.png,4965
confidence/000106.png,5100
confidence/000107.png,4916
confidence/000108.png,5144
confidence/000109.png,5224
confidence/000110.png,5436
confidence/000111.png,5491
confidence/000112.png,5509
confidence/000113.png,5435
confidence/000114.png,5546
confidence/000115.png,5364
confidence/000116.png,5385
confidence/000117.png,4968
confidence/000118.png,5152
confidence/000119.png,5076
confidence/000120.png,5049
confidence/000121.png,5184
confidence/000122.png,5226
confidence/000123.png,5079
confidence/000124.png,4973
confidence/000125.png,5020
confidence/000126.png,5124
confidence/000127.png,5257
confidence/000128.png,5246
confidence/000129.png,5002
confidence/000130.png,5057
confidence/000131.png,4979
confidence/000132.png,4997
confidence/000133.png,5009
confidence/000134.png,4862
confidence/000135.png,4704
confidence/000136.png,4751
confidence/000137.png,4603
confidence/000138.png,4712
confidence/000139.png,4823
confidence/000140.png,4712
confidence/000141.png,4716
confidence/000142.png,4478
confidence/000143.png,4492
confidence/000144.png,4632
confidence/000145.png,4502
confidence/000146.png,4476
confidence/000147.png,4501
confidence/000148.png,4490
confidence/000149.png,4363
confidence/000150.png,4347
confidence/000151.png,4438
confidence/000152.png,4449
confidence/000153.png,4481
confidence/000154.png,4458
confidence/000155.png,4497
confidence/000156.png,4388
confidence/000157.png,4507
confidence/000158.png,4373
confidence/000159.png,4356
confidence/000160.png,4366
confidence/000161.png,4314
confidence/000162.png,4369
confidence/000163.png,4293
confidence/000164.png,4266
confidence/000165.png,4355
confidence/000166.png,4414
confidence/000167.png,4331
confidence/000168.png,4352
confidence/000169.png,4347
confidence/000170.png,4305
confidence/000171.png,4306
confidence/000172.png,4247
confidence/000173.png,4366
confidence/000174.png,4486
confidence/000175.png,4441
confidence/000176.png,4233
confidence/000177.png,4227
confidence/000178.png,4368
confidence/000179.png,4155
confidence/000180.png,4170
confidence/000181.png,4101
confidence/000182.png,3866
confidence/000183.png,4196
confidence/000184.png,4379
confidence/000185.png,4036
confidence/000186.png,4218
confidence/000187.png,4213
confidence/000188.png,4175
confidence/000189.png,4176
confidence/000190.png,4275
confidence/000191.png,4232
confidence/000192.png,4218
confidence/000193.png,4418
confidence/000194.png,4244
confidence/000195.png,4284
confidence/000196.png,4310
confidence/000197.png,4385
confidence/000198.png,4452
confidence/000199.png,4516
confidence/000200.png,4544
confidence/000201.png,4605
confidence/000202.png,4643
confidence/000203.png,4732
confidence/000204.png,4698
confidence/000205.png,4650
confidence/000206.png,4809
confidence/000207.png,4682
confidence/000208.png,4659
confidence/000209.png,4716
confidence/000210.png,4836
confidence/000211.png,4869
confidence/000212.png,4939
confidence/000213.png,4957
confidence/000214.png,4806
confidence/000215.png,4767
confidence/000216.png,4857
confidence/000217.png,4862
confidence/000218.png,4891
confidence/000219.png,4829
confidence/000220.png,4911
confidence/000221.png,4917
confidence/000222.png,4895
confidence/000223.png,4832
confidence/000224.png,4922
confidence/000225.png,4971
confidence/000226.png,4992
confidence/000227.png,4908
confidence/000228.png,5023
confidence/000229.png,5044
confidence/000230.png,4914
confidence/000231.png,5003
confidence/000232.png,4928
confidence/000233.png,4927
confidence/000234.png,4990
confidence/000235.png,4986
confidence/000236.png,4938
confidence/000237.png,5038
confidence/000238.png,5015
confidence/000239.png,4935
confidence/000240.png,4911
confidence/000241.png,4927
confidence/000242.png,4949
confidence/000243.png,4950
confidence/000244.png,4981
confidence/000245.png,4951
confidence/000246.png,4851
confidence/000247.png,4947
confidence/000248.png,4965
confidence/000249.png,4781
confidence/000250.png,4836
confidence/000251.png,4882
confidence/000252.png,4839
confidence/000253.png,4835
confidence/000254.png,4762
confidence/000255.png,4693
confidence/000256.png,4670
confidence/000257.png,4692
confidence/000258.png,4704
confidence/000259.png,4687
confidence/000260.png,4666
confidence/000261.png,4620
confidence/000262.png,4631
confidence/000263.png,4643
confidence/000264.png,4671
confidence/000265.png,4706
confidence/000266.png,4644
confidence/000267.png,4650
confidence/000268.png,4700
confidence/000269.png,4587
confidence/000270.png,4631
confidence/000271.png,4604
confidence/000272.png,4642
confidence/000273.png,4680
confidence/000274.png,4662
confidence/000275.png,4729
confidence/000276.png,4754
confidence/000277.png,4780
confidence/000278.png,4670
confidence/000279.png,4676
confidence/000280.png,4725
confidence/000281.png,4649
confidence/000282.png,4679
confidence/000283.png,4701
confidence/000284.png,4661
confidence/000285.png,4717
confidence/000286.png,4727
confidence/000287.png,4659
confidence/000288.png,4743
confidence/000289.png,4658
confidence/000290.png,4716
confidence/000291.png,4735
confidence/000292.png,4674
confidence/000293.png,4728
confidence/000294.png,4751
confidence/000295.png,4699
confidence/000296.png,4674
confidence/000297.png,4628
confidence/000298.png,4679
confidence/000299.png,4655
confidence/000300.png,4712
confidence/000301.png,4719
confidence/000302.png,4742
confidence/000303.png,4724
confidence/000304.png,4642
confidence/000305.png,4598
confidence/000306.png,4696
confidence/000307.png,4584
confidence/000308.png,4613
confidence/000309.png,4564
confidence/000310.png,4607
confidence/000311.png,4672
confidence/000312.png,4615
confidence/000313.png,4586
confidence/000314.png,4595
confidence/000315.png,4595
confidence/000316.png,4651
confidence/000317.png,4580
confidence/000318.png,4616
confidence/000319.png,4540
confidence/000320.png,4581
confidence/000321.png,4535
confidence/000322.png,4535
confidence/000323.png,4590
confidence/000324.png,4558
confidence/000325.png,4541
confidence/000326.png,4563
confidence/000327.png,4547
confidence/000328.png,4543
confidence/000329.png,4506
confidence/000330.png,4542
confidence/000331.png,4546
confidence/000332.png,4527
confidence/000333.png,4492
confidence/000334.png,4526
confidence/000335.png,4543
confidence/000336.png,4490
confidence/000337.png,4508
confidence/000338.png,4460
confidence/000339.png,4503
confidence/000340.png,4482
confidence/000341.png,4459
confidence/000342.png,4411
confidence/000343.png,4369
confidence/000344.png,4372
confidence/000345.png,4358
confidence/000346.png,4350
confidence/000347.png,4317
confidence/000348.png,4313
confidence/000349.png,4304
confidence/000350.png,4221
confidence/000351.png,4263
confidence/000352.png,4236
confidence/000353.png,4169
confidence/000354.png,4165
confidence/000355.png,4175
confidence/000356.png,4168
confidence/000357.png,4214
confidence/000358.png,4154
confidence/000359.png,4223
confidence/000360.png,4175
confidence/000361.png,4134
confidence/000362.png,4140
confidence/000363.png,4154
confidence/000364.png,4057
confidence/000365.png,4123
confidence/000366.png,4146
confidence/000367.png,4116
confidence/000368.png,4060
confidence/000369.png,4053
confidence/000370.png,4140
confidence/000371.png,4109
confidence/000372.png,4087
confidence/000373.png,4108
confidence/000374.png,4101
confidence/000375.png,4125
confidence/000376.png,4190
confidence/000377.png,4157
confidence/000378.png,4131
confidence/000379.png,4081
confidence/000380.png,4079
confidence/000381.png,4179
confidence/000382.png,4095
confidence/000383.png,4054
confidence/000384.png,4144
confidence/000385.png,4192
confidence/000386.png,4085
confidence/000387.png,4056
confidence/000388.png,4167
confidence/000389.png,4225
confidence/000390.png,4222
confidence/000391.png,4248
confidence/000392.png,4156
confidence/000393.png,4264
confidence/000394.png,4282
confidence/000395.png,4366
confidence/000396.png,4295
confidence/000397.png,4280
confidence/000398.png,4357
confidence/000399.png,4222
confidence/000400.png,4240
confidence/000401.png,4222
confidence/000402.png,4238
confidence/000403.png,4196
confidence/000404.png,4229
confidence/000405.png,4219
confidence/000406.png,4155
confidence/000407.png,4229
confidence/000408.png,4273
confidence/000409.png,4238
confidence/000410.png,4298
confidence/000411.png,4241
confidence/000412.png,4228
confidence/000413.png,4277
confidence/000414.png,4238
confidence/000415.png,4240
confidence/000416.png,4243
confidence/000417.png,4244
confidence/000418.png,4237
confidence/000419.png,4284
confidence/000420.png,4263
confidence/000421.png,4302
confidence/000422.png,4380
confidence/000423.png,4299
confidence/000424.png,4290
confidence/000425.png,4273
confidence/000426.png,4201
confidence/000427.png,4320
confidence/000428.png,4225
confidence/000429.png,4304
confidence/000430.png,4390
confidence/000431.png,4491
confidence/000432.png,4507
confidence/000433.png,4550
confidence/000434.png,4440
confidence/000435.png,4401
confidence/000436.png,4505
confidence/000437.png,4505
confidence/000438.png,4413
confidence/000439.png,4606
confidence/000440.png,4474
confidence/000441.png,4476
confidence/000442.png,4722
confidence/000443.png,4804
confidence/000444.png,4487
confidence/000445.png,4674
confidence/000446.png,4939
confidence/000447.png,4646
confidence/000448.png,4728
confidence/000449.png,4693
confidence/000450.png,4721
confidence/000451.png,4928
confidence/000452.png,4948
confidence/000453.png,4840
confidence/000454.png,4621
confidence/000455.png,4750
confidence/000456.png,4760
confidence/000457.png,4388
confidence/000458.png,4386
confidence/000459.png,4617
confidence/000460.png,4024
confidence/000461.png,4291
confidence/000462.png,4472
confidence/000463.png,4433
confidence/000464.png,4155
confidence/000465.png,4142
confidence/000466.png,4308
confidence/000467.png,4526
confidence/000468.png,4130
confidence/000469.png,4419
confidence/000470.png,4044
confidence/000471.png,4227
confidence/000472.png,4412
confidence/000473.png,4521
confidence/000474.png,4147
confidence/000475.png,4377
confidence/000476.png,4430
confidence/000477.png,4282
confidence/000478.png,4173
confidence/000479.png,4397
confidence/000480.png,4483
confidence/000481.png,4477
confidence/000482.png,4570
confidence/000483.png,4555
confidence/000484.png,4425
confidence/000485.png,4314
confidence/000486.png,4469
confidence/000487.png,4616
confidence/000488.png,4710
confidence/000489.png,4759
confidence/000490.png,4708
confidence/000491.png,4950
confidence/000492.png,4809
confidence/000493.png,4918
confidence/000494.png,5103
confidence/000495.png,5055
confidence/000496.png,5048
confidence/000497.png,5012
confidence/000498.png,4757
confidence/000499.png,4654
confidence/000500.png,4642
confidence/000501.png,4626
confidence/000502.png,4661
confidence/000503.png,4578
confidence/000504.png,4496
confidence/000505.png,4382
confidence/000506.png,4535
confidence/000507.png,4559
confidence/000508.png,4454
confidence/000509.png,4378
confidence/000510.png,4463
confidence/000511.png,4490
confidence/000512.png,4403
confidence/000513.png,4450
confidence/000514.png,4435
confidence/000515.png,4456
confidence/000516.png,4470
confidence/000517.png,4478
confidence/000518.png,4498
confidence/000519.png,4410
confidence/000520.png,4544
confidence/000521.png,4568
confidence/000522.png,4474
confidence/000523.png,4488
confidence/000524.png,4448
confidence/000525.png,4520
confidence/000526.png,4550
confidence/000527.png,4526
confidence/000528.png,4539
confidence/000529.png,4617
confidence/000530.png,4447
confidence/000531.png,4589
confidence/000532.png,4604
confidence/000533.png,4514
confidence/000534.png,4455
confidence/000535.png,4463
confidence/000536.png,4371
confidence/000537.png,4547
confidence/000538.png,4528
confidence/000539.png,4505
confidence/000540.png,4565
confidence/000541.png,4516
confidence/000542.png,4717
confidence/000543.png,4752
confidence/000544.png,4739
confidence/000545.png,4705
confidence/000546.png,4808
confidence/000547.png,4670
confidence/000548.png,4700
confidence/000549.png,4763
confidence/000550.png,4845
confidence/000551.png,4885
confidence/000552.png,4898
confidence/000553.png,4829
confidence/000554.png,4850
confidence/000555.png,4855
confidence/000556.png,4839
confidence/000557.png,4800
confidence/000558.png,4873
confidence/000559.png,4821
confidence/000560.png,4838
confidence/000561.png,4854
confidence/000562.png,4925
confidence/000563.png,4936
confidence/000564.png,4915
confidence/000565.png,4858
confidence/000566.png,4818
confidence/000567.png,4899
confidence/000568.png,4883
confidence/000569.png,4924
confidence/000570.png,4908
confidence/000571.png,4871
confidence/000572.png,4892
confidence/000573.png,4984
confidence/000574.png,4901
confidence/000575.png,5011
confidence/000576.png,4976
confidence/000577.png,4952
confidence/000578.png,4979
confidence/000579.png,4986
confidence/000580.png,5007
confidence/000581.png,5097
confidence/000582.png,5132
confidence/000583.png,5134
confidence/000584.png,5208
confidence/000585.png,5196
confidence/000586.png,5246
confidence/000587.png,5219
confidence/000588.png,5228
confidence/000589.png,5132
confidence/000590.png,5128
confidence/000591.png,5184
confidence/000592.png,5174
confidence/000593.png,5151
confidence/000594.png,5123
confidence/000595.png,5013
confidence/000596.png,5096
confidence/000597.png,5091
confidence/000598.png,5103
confidence/000599.png,5068
confidence/000600.png,5010
confidence/000601.png,5176
confidence/000602.png,5053
confidence/000603.png,5020
confidence/000604.png,5073
confidence/000605.png,5121
confidence/000606.png,5091
confidence/000607.png,5259
confidence/000608.png,5261
confidence/000609.png,5210
confidence/000610.png,5341
confidence/000611.png,5606
confidence/000612.png,5481
confidence/000613.png,5462
confidence/000614.png,5454
confidence/000615.png,5503
confidence/000616.png,5525
confidence/000617.png,5426
confidence/000618.png,5571
confidence/000619.png,5415
confidence/000620.png,5533
confidence/000621.png,5437
confidence/000622.png,5665
confidence/000623.png,5629
confidence/000624.png,5850
confidence/000625.png,5816
confidence/000626.png,5725
confidence/000627.png,5612
confidence/000628.png,5528
confidence/000629.png,5500
confidence/000630.png,5509
confidence/000631.png,5562
confidence/000632.png,5219
confidence/000633.png,5270
confidence/000634.png,5568
confidence/000635.png,5374
confidence/000636.png,5529
confidence/000637.png,5653
confidence/000638.png,5737
confidence/000639.png,5581
confidence/000640.png,5621
confidence/000641.png,6129
confidence/000642.png,6146
confidence/000643.png,5974
confidence/000644.png,6117
confidence/000645.png,6164
confidence/000646.png,6034
confidence/000647.png,5952
confidence/000648.png,6274
confidence/000649.png,6259
confidence/000650.png,5974
confidence/000651.png,6091
confidence/000652.png,6291
confidence/000653.png,6293
confidence/000654.png,6288
confidence/000655.png,6149
confidence/000656.png,6170
confidence/000657.png,6248
confidence/000658.png,6316
confidence/000659.png,6311
confidence/000660.png,6115
confidence/000661.png,6127
confidence/000662.png,6295
confidence/000663.png,6304
confidence/000664.png,6198
confidence/000665.png,6323
confidence/000666.png,6315
confidence/000667.png,6315
confidence/000668.png,6476
confidence/000669.png,6429
confidence/000670.png,6277
confidence/000671.png,6604
confidence/000672.png,6420
confidence/000673.png,6097
confidence/000674.png,5961
confidence/000675.png,5917
confidence/000676.png,6035
confidence/000677.png,5895
confidence/000678.png,6169
confidence/000679.png,6032
confidence/000680.png,6244
confidence/000681.png,6042
confidence/000682.png,6229
confidence/000683.png,5996
confidence/000684.png,5831
confidence/000685.png,5439
confidence/000686.png,5803
confidence/000687.png,5540
confidence/000688.png,5647
confidence/000689.png,5721
confidence/000690.png,5797
confidence/000691.png,5667
confidence/000692.png,5720
confidence/000693.png,5841
confidence/000694.png,5967
confidence/000695.png,5649
confidence/000696.png,5758
confidence/000697.png,5460
confidence/000698.png,5206
confidence/000699.png,5197
confidence/000700.png,5253
confidence/000701.png,5132
confidence/000702.png,5388
confidence/000703.png,5473
confidence/000704.png,5230
confidence/000705.png,5074
confidence/000706.png,4848
confidence/000707.png,4860
confidence/000708.png,4827
confidence/000709.png,4868
confidence/000710.png,4871
confidence/000711.png,4820
confidence/000712.png,4892
confidence/000713.png,4833
confidence/000714.png,4806
confidence/000715.png,5002
confidence/000716.png,4947
confidence/000717.png,4908
confidence/000718.png,4913
confidence/000719.png,5048
confidence/000720.png,4822
confidence/000721.png,4900
confidence/000722.png,4995
confidence/000723.png,5103
confidence/000724.png,4994
confidence/000725.png,5140
confidence/000726.png,5104
confidence/000727.png,5103
confidence/000728.png,5000
confidence/000729.png,5108
confidence/000730.png,5117
confidence/000731.png,5046
confidence/000732.png,4963
confidence/000733.png,5016
confidence/000734.png,5037
confidence/000735.png,5176
confidence/000736.png,5217
confidence/000737.png,5114
confidence/000738.png,5168
confidence/000739.png,4951
confidence/000740.png,4969
confidence/000741.png,4790
confidence/000742.png,4869
confidence/000743.png,4830
confidence/000744.png,4798
confidence/000745.png,4792
confidence/000746.png,4912
confidence/000747.png,4808
confidence/000748.png,4925
confidence/000749.png,4735
confidence/000750.png,4730
confidence/000751.png,4818
confidence/000752.png,4796
confidence/000753.png,4986
confidence/000754.png,4959
confidence/000755.png,4755
confidence/000756.png,4779
confidence/000757.png,4681
confidence/000758.png,4473
confidence/000759.png,4844
confidence/000760.png,4540
confidence/000761.png,4588
confidence/000762.png,4484
confidence/000763.png,4412
confidence/000764.png,4534
confidence/000765.png,4462
confidence/000766.png,4574
confidence/000767.png,4589
confidence/000768.png,4551
confidence/000769.png,4670
confidence/000770.png,4659
confidence/000771.png,4731
confidence/000772.png,4531
confidence/000773.png,4557
confidence/000774.png,4443
confidence/000775.png,4611
confidence/000776.png,4690
confidence/000777.png,4871
confidence/000778.png,4837
confidence/000779.png,4819
confidence/000780.png,4678
confidence/000781.png,4717
confidence/000782.png,4781
confidence/000783.png,4561
confidence/000784.png,4564
confidence/000785.png,4785
confidence/000786.png,4777
confidence/000787.png,4686
confidence/000788.png,4673
confidence/000789.png,4600
confidence/000790.png,4684
confidence/000791.png,4644
confidence/000792.png,4743
confidence/000793.png,4625
confidence/000794.png,4409
confidence/000795.png,4752
confidence/000796.png,4526
confidence/000797.png,4519
confidence/000798.png,4665
confidence/000799.png,4626
confidence/000800.png,4600
confidence/000801.png,4627
confidence/000802.png,4608
confidence/000803.png,4672
confidence/000804.png,4724
confidence/000805.png,4703
confidence/000806.png,4733
confidence/000807.png,4680
confidence/000808.png,4727
confidence/000809.png,4710
confidence/000810.png,4672
confidence/000811.png,4628
confidence/000812.png,4566
confidence/000813.png,4522
confidence/000814.png,4539
confidence/000815.png,4619
confidence/000816.png,4727
confidence/000817.png,4474
confidence/000818.png,4490
confidence/000819.png,4516
confidence/000820.png,4461
confidence/000821.png,4835
confidence/000822.png,4749
confidence/000823.png,4562
confidence/000824.png,4454
confidence/000825.png,4441
confidence/000826.png,4412
confidence/000827.png,4506
confidence/000828.png,4552
confidence/000829.png,4633
confidence/000830.png,4534
confidence/000831.png,4573
confidence/000832.png,4382
confidence/000833.png,4546
confidence/000834.png,4570
confidence/000835.png,4596
confidence/000836.png,4589
confidence/000837.png,4424
confidence/000838.png,4470
confidence/000839.png,4434
confidence/000840.png,4533
confidence/000841.png,4475
confidence/000842.png,4508
confidence/000843.png,4452
confidence/000844.png,4469
confidence/000845.png,4410
confidence/000846.png,4405
confidence/000847.png,4381
confidence/000848.png,4311
confidence/000849.png,4284
confidence/000850.png,4182
confidence/000851.png,4241
confidence/000852.png,4140
confidence/000853.png,4116
confidence/000854.png,4208
confidence/000855.png,4195
confidence/000856.png,4337
confidence/000857.png,4386
confidence/000858.png,4359
confidence/000859.png,4247
confidence/000860.png,4366
confidence/000861.png,4341
confidence/000862.png,4354
confidence/000863.png,4551
confidence/000864.png,4577
confidence/000865.png,4588
confidence/000866.png,4576
confidence/000867.png,4681
confidence/000868.png,4432
confidence/000869.png,4720
confidence/000870.png,4811
confidence/000871.png,4918
confidence/000872.png,5019
confidence/000873.png,4973
confidence/000874.png,4896
confidence/000875.png,5122
confidence/000876.png,5259
confidence/000877.png,5226
confidence/000878.png,5586
confidence/000879.png,5637
confidence/000880.png,5283
confidence/000881.png,5317
confidence/000882.png,5236
confidence/000883.png,6305
confidence/000884.png,5963
confidence/000885.png,6424
confidence/000886.png,5476
confidence/000887.png,5533
confidence/000888.png,5679
confidence/000889.png,5199
confidence/000890.png,5234
confidence/000891.png,5150
confidence/000892.png,5091
confidence/000893.png,5282
confidence/000894.png,5042
confidence/000895.png,4946
confidence/000896.png,5127
confidence/000897.png,4842
confidence/000898.png,4774
confidence/000899.png,5146
confidence/000900.png,4933
confidence/000901.png,4871
confidence/000902.png,5039
confidence/000903.png,4905
confidence/000904.png,5090
confidence/000905.png,4920
confidence/000906.png,5137
confidence/000907.png,5165
confidence/000908.png,5294
confidence/000909.png,5341
confidence/000910.png,5642
confidence/000911.png,5432
confidence/000912.png,5198
confidence/000913.png,4801
confidence/000914.png,4733
confidence/000915.png,5001
confidence/000916.png,5215
confidence/000917.png,5555
confidence/000918.png,6047
confidence/000919.png,6163
confidence/000920.png,6166
confidence/000921.png,5464
confidence/000922.png,5591
confidence/000923.png,5534
confidence/000924.png,5245
confidence/000925.png,5330
confidence/000926.png,5288
confidence/000927.png,4864
confidence/000928.png,4932
confidence/000929.png,4999
confidence/000930.png,5036
confidence/000931.png,4806
confidence/000932.png,4730
confidence/000933.png,4832
confidence/000934.png,4675
confidence/000935.png,4553
confidence/000936.png,4464
confidence/000937.png,4453
confidence/000938.png,4264
confidence/000939.png,4204
confidence/000940.png,4272
confidence/000941.png,4150
confidence/000942.png,4106
confidence/000943.png,4022
confidence/000944.png,4104
confidence/000945.png,4098
confidence/000946.png,4039
confidence/000947.png,4054
confidence/000948.png,4039
confidence/000949.png,3980
confidence/000950.png,4019
confidence/000951.png,4086
confidence/000952.png,4101
confidence/000953.png,4289
confidence/000954.png,4378
confidence/000955.png,4505
confidence/000956.png,4585
confidence/000957.png,4495
confidence/000958.png,4624
confidence/000959.png,4620
confidence/000960.png,4632
confidence/000961.png,5192
confidence/000962.png,5033
confidence/000963.png,5212
confidence/000964.png,5188
confidence/000965.png,5463
confidence/000966.png,5471
confidence/000967.png,5078
confidence/000968.png,5542
confidence/000969.png,5665
confidence/000970.png,5762
confidence/000971.png,6012
confidence/000972.png,6111
confidence/000973.png,6241
confidence/000974.png,6837
confidence/000975.png,6589
confidence/000976.png,6280
confidence/000977.png,6247
confidence/000978.png,6083
confidence/000979.png,6329
confidence/000980.png,6117
confidence/000981.png,6449
confidence/000982.png,6024
confidence/000983.png,5802
confidence/000984.png,5519
confidence/000985.png,5984
confidence/000986.png,6120
confidence/000987.png,5807
confidence/000988.png,5788
confidence/000989.png,5543
confidence/000990.png,5522
confidence/000991.png,5209
confidence/000992.png,5077
confidence/000993.png,4946
confidence/000994.png,4717
confidence/000995.png,4600
confidence/000996.png,4606
confidence/000997.png,4595
confidence/000998.png,4547
confidence/000999.png,4409
confidence/001000.png,4443
confidence/001001.png,4453
confidence/001002.png,4407
confidence/001003.png,4397
confidence/001004.png,4388
confidence/001005.png,4356
confidence/001006.png,4444
confidence/001007.png,4560
confidence/001008.png,4507
confidence/001009.png,4527
confidence/001010.png,4451
confidence/001011.png,4559
confidence/001012.png,4677
confidence/001013.png,4686
confidence/001014.png,4697
confidence/001015.png,4458
confidence/001016.png,4591
confidence/001017.png,4520
confidence/001018.png,4551
confidence/001019.png,4611
confidence/001020.png,4621
confidence/001021.png,4585
confidence/001022.png,4464
confidence/001023.png,4561
confidence/001024.png,4741
confidence/001025.png,4687
confidence/001026.png,4646
confidence/001027.png,4600
confidence/001028.png,4523
confidence/001029.png,4609
confidence/001030.png,4545
confidence/001031.png,4607
confidence/001032.png,4534
confidence/001033.png,4500
confidence/001034.png,4483
confidence/001035.png,4672
confidence/001036.png,4666
confidence/001037.png,4525
confidence/001038.png,4661
confidence/001039.png,4596
confidence/001040.png,4583
confidence/001041.png,4461
confidence/001042.png,4379
confidence/001043.png,4449
confidence/001044.png,4462
confidence/001045.png,4504
confidence/001046.png,4441
confidence/001047.png,4366
confidence/001048.png,4427
confidence/001049.png,4373
confidence/001050.png,4343
confidence/001051.png,4516
confidence/001052.png,4512
confidence/001053.png,4552
confidence/001054.png,4527
confidence/001055.png,4561
confidence/001056.png,4599
confidence/001057.png,4617
confidence/001058.png,4614
confidence/001059.png,4588
confidence/001060.png,4717
confidence/001061.png,4593
confidence/001062.png,4588
confidence/001063.png,4614
confidence/001064.png,4573
confidence/001065.png,4614
confidence/001066.png,4622
confidence/001067.png,4578
confidence/001068.png,4446
confidence/001069.png,4404
confidence/001070.png,4325
confidence/001071.png,4293
confidence/001072.png,4226
confidence/001073.png,4311
confidence/001074.png,4139
confidence/001075.png,4195
confidence/001076.png,3881
confidence/001077.png,4117
confidence/001078.png,4142
confidence/001079.png,4132
confidence/001080.png,4097
confidence/001081.png,4116
confidence/001082.png,4237
confidence/001083.png,4101
confidence/001084.png,4150
confidence/001085.png,4090
confidence/001086.png,4231
confidence/001087.png,4135
confidence/001088.png,4215
confidence/001089.png,4212
confidence/001090.png,4136
confidence/001091.png,4248
confidence/001092.png,4244
confidence/001093.png,4370
confidence/001094.png,4298
confidence/001095.png,4422
confidence/001096.png,4038
confidence/001097.png,4113
confidence/001098.png,4101
confidence/001099.png,4226
confidence/001100.png,4008
confidence/001101.png,4152
confidence/001102.png,4293
confidence/001103.png,4321
confidence/001104.png,4466
confidence/001105.png,4516
confidence/001106.png,4429
confidence/001107.png,4361
confidence/001108.png,4391
confidence/001109.png,4347
confidence/001110.png,4258
confidence/001111.png,4388
confidence/001112.png,4326
confidence/001113.png,4376
confidence/001114.png,4226
confidence/001115.png,4385
confidence/001116.png,4233
confidence/001117.png,4244
confidence/001118.png,4291
confidence/001119.png,4263
confidence/001120.png,4367
confidence/001121.png,4403
confidence/001122.png,4226
confidence/001123.png,4258
confidence/001124.png,4269
confidence/001125.png,4254
confidence/001126.png,4288
confidence/001127.png,4404
confidence/001128.png,4319
confidence/001129.png,4263
confidence/001130.png,4343
confidence/001131.png,4307
confidence/001132.png,4118
confidence/001133.png,4073
confidence/001134.png,4051
confidence/001135.png,4063
confidence/001136.png,4114
confidence/001137.png,4150
confidence/001138.png,4351
confidence/001139.png,4505
confidence/001140.png,4446
confidence/001141.png,4493
confidence/001142.png,4057
confidence/001143.png,4105
confidence/001144.png,4014
confidence/001145.png,4359
confidence/001146.png,4400
confidence/001147.png,4244
confidence/001148.png,4469
confidence/001149.png,4471
confidence/001150.png,4186
confidence/001151.png,4078
confidence/001152.png,4127
confidence/001153.png,4072
confidence/001154.png,4300
confidence/001155.png,4395
confidence/001156.png,4481
confidence/001157.png,4456
confidence/001158.png,4813
confidence/001159.png,4645
confidence/001160.png,4293
confidence/001161.png,4524
confidence/001162.png,4428
confidence/001163.png,4385
confidence/001164.png,4517
confidence/001165.png,4538
confidence/001166.png,4496
confidence/001167.png,4623
confidence/001168.png,4814
confidence/001169.png,4821
confidence/001170.png,4813
confidence/001171.png,4798
confidence/001172.png,4791
confidence/001173.png,5089
confidence/001174.png,5158
confidence/001175.png,5009
confidence/001176.png,5097
confidence/001177.png,5039
confidence/001178.png,5142
confidence/001179.png,5377
confidence/001180.png,5428
confidence/001181.png,5514
confidence/001182.png,5520
confidence/001183.png,5594
confidence/001184.png,5669
confidence/001185.png,5750
confidence/001186.png,6028
confidence/001187.png,5645
confidence/001188.png,5631
confidence/001189.png,5456
confidence/001190.png,5438
confidence/001191.png,5708
confidence/001192.png,5665
confidence/001193.png,5555
confidence/001194.png,5622
confidence/001195.png,5455
confidence/001196.png,5585
confidence/001197.png,5661
confidence/001198.png,5740
confidence/001199.png,5669
confidence/001200.png,5696
confidence/001201.png,5704
confidence/001202.png,5552
confidence/001203.png,5598
confidence/001204.png,5702
confidence/001205.png,5703
confidence/001206.png,5636
confidence/001207.png,5596
confidence/001208.png,5447
confidence/001209.png,5568
confidence/001210.png,5618
confidence/001211.png,5759
confidence/001212.png,5629
confidence/001213.png,5678
confidence/001214.png,5487
confidence/001215.png,5510
confidence/001216.png,5514
confidence/001217.png,5548
confidence/001218.png,5373
confidence/001219.png,5412
confidence/001220.png,5440
confidence/001221.png,5329
confidence/001222.png,5442
confidence/001223.png,5532
confidence/001224.png,5538
confidence/001225.png,5513
confidence/001226.png,5470
confidence/001227.png,5521
confidence/001228.png,5380
confidence/001229.png,5491
confidence/001230.png,5472
confidence/001231.png,5494
confidence/001232.png,5511
confidence/001233.png,5461
confidence/001234.png,5580
confidence/001235.png,5468
confidence/001236.png,5538
confidence/001237.png,5598
confidence/001238.png,5566
confidence/001239.png,5540
confidence/001240.png,5428
confidence/001241.png,5331
confidence/001242.png,5434
confidence/001243.png,5432
confidence/001244.png,5500
confidence/001245.png,5475
confidence/001246.png,5315
confidence/001247.png,5369
confidence/001248.png,5367
confidence/001249.png,5392
confidence/001250.png,5406
confidence/001251.png,5399
confidence/001252.png,5305
confidence/001253.png,5354
confidence/001254.png,5455
confidence/001255.png,5247
confidence/001256.png,5326
confidence/001257.png,5366
confidence/001258.png,5338
confidence/001259.png,5598
confidence/001260.png,5563
confidence/001261.png,5700
confidence/001262.png,5531
confidence/001263.png,5490
confidence/001264.png,5458
confidence/001265.png,5534
confidence/001266.png,5656
confidence/001267.png,5504
confidence/001268.png,5639
confidence/001269.png,5885
confidence/001270.png,5857
confidence/001271.png,5801
confidence/001272.png,5805
confidence/001273.png,5658
confidence/001274.png,5759
confidence/001275.png,5706
confidence/001276.png,5660
confidence/001277.png,5496
confidence/001278.png,5435
confidence/001279.png,5387
confidence/001280.png,5542
confidence/001281.png,5395
confidence/001282.png,5320
confidence/001283.png,5349
confidence/001284.png,5811
confidence/001285.png,5353
confidence/001286.png,5391
confidence/001287.png,5517
confidence/001288.png,5153
confidence/001289.png,5143
confidence/001290.png,5089
confidence/001291.png,4871
confidence/001292.png,4926
confidence/001293.png,5008
confidence/001294.png,5021
confidence/001295.png,4763
confidence/001296.png,4566
confidence/001297.png,4640
confidence/001298.png,4612
confidence/001299.png,4604
confidence/001300.png,4552
confidence/001301.png,4532
confidence/001302.png,4680
confidence/001303.png,4627
confidence/001304.png,4672
confidence/001305.png,4663
confidence/001306.png,4493
confidence/001307.png,4488
confidence/001308.png,4510
confidence/001309.png,4501
confidence/001310.png,4551
confidence/001311.png,4563
confidence/001312.png,4495
confidence/001313.png,4486
confidence/001314.png,4488
confidence/001315.png,4453
confidence/001316.png,4366
confidence/001317.png,4365
confidence/001318.png,4359
confidence/001319.png,4289
confidence/001320.png,4397
confidence/001321.png,4419
confidence/001322.png,4406
confidence/001323.png,4455
confidence/001324.png,4477
confidence/001325.png,4531
confidence/001326.png,4485
confidence/001327.png,4479
confidence/001328.png,4512
confidence/001329.png,4491
confidence/001330.png,4503
confidence/001331.png,4602
confidence/001332.png,4550
confidence/001333.png,4557
confidence/001334.png,4560
confidence/001335.png,4636
confidence/001336.png,4663
confidence/001337.png,4620
confidence/001338.png,4582
confidence/001339.png,4554
confidence/001340.png,4635
confidence/001341.png,4521
confidence/001342.png,4548
confidence/001343.png,4572
confidence/001344.png,4552
confidence/001345.png,4501
confidence/001346.png,4516
confidence/001347.png,4500
confidence/001348.png,4500
confidence/001349.png,4538
confidence/001350.png,4548
confidence/001351.png,4557
confidence/001352.png,4560
confidence/001353.png,4601
confidence/001354.png,4514
confidence/001355.png,4579
confidence/001356.png,4603
confidence/001357.png,4560
confidence/001358.png,4525
confidence/001359.png,4439
confidence/001360.png,4484
confidence/001361.png,4438
confidence/001362.png,4474
confidence/001363.png,4506
confidence/001364.png,4512
confidence/001365.png,4451
confidence/001366.png,4500
confidence/001367.png,4437
confidence/001368.png,4476
confidence/001369.png,4520
confidence/001370.png,4549
confidence/001371.png,4488
confidence/001372.png,4558
confidence/001373.png,4465
confidence/001374.png,4497
confidence/001375.png,4473
confidence/001376.png,4504
confidence/001377.png,4508
confidence/001378.png,4483
confidence/001379.png,4519
confidence/001380.png,4606
confidence/001381.png,4597
confidence/001382.png,4598
confidence/001383.png,4603
confidence/001384.png,4597
confidence/001385.png,4586
confidence/001386.png,4681
confidence/001387.png,4597
confidence/001388.png,4585
confidence/001389.png,4697
confidence/001390.png,4675
confidence/001391.png,4615
confidence/001392.png,4533
confidence/001393.png,4554
confidence/001394.png,4562
confidence/001395.png,4498
confidence/001396.png,4529
confidence/001397.png,4554
confidence/001398.png,4538
confidence/001399.png,4549
confidence/001400.png,4593
confidence/001401.png,4668
confidence/001402.png,4608
confidence/001403.png,4627
confidence/001404.png,4596
confidence/001405.png,4545
confidence/001406.png,4613
confidence/001407.png,4549
confidence/001408.png,4621
confidence/001409.png,4655
confidence/001410.png,4681
confidence/001411.png,4614
confidence/001412.png,4672
confidence/001413.png,4740
confidence/001414.png,4813
confidence/001415.png,4776
confidence/001416.png,4791
confidence/001417.png,4744
confidence/001418.png,4807
confidence/001419.png,4799
confidence/001420.png,4823
confidence/001421.png,5034
confidence/001422.png,4883
confidence/001423.png,4852
confidence/001424.png,4807
confidence/001425.png,4848
confidence/001426.png,4951
confidence/001427.png,4906
confidence/001428.png,4634
confidence/001429.png,4748
confidence/001430.png,4759
confidence/001431.png,4582
confidence/001432.png,4846
confidence/001433.png,4861
confidence/001434.png,4761
confidence/001435.png,4837
confidence/001436.png,4820
confidence/001437.png,4770
confidence/001438.png,4804
confidence/001439.png,4876
confidence/001440.png,4829
confidence/001441.png,4799
confidence/001442.png,4687
confidence/001443.png,4728
confidence/001444.png,4832
confidence/001445.png,4912
confidence/001446.png,4827
confidence/001447.png,4971
confidence/001448.png,5182
confidence/001449.png,5108
confidence/001450.png,5107
confidence/001451.png,4945
confidence/001452.png,4918
confidence/001453.png,5003
confidence/001454.png,5017
confidence/001455.png,5200
confidence/001456.png,5071
confidence/001457.png,5046
confidence/001458.png,5056
confidence/001459.png,5201
confidence/001460.png,4906
confidence/001461.png,5052
confidence/001462.png,5071
confidence/001463.png,5098
confidence/001464.png,5158
confidence/001465.png,5279
confidence/001466.png,5156
confidence/001467.png,5155
confidence/001468.png,5071
confidence/001469.png,5141
confidence/001470.png,5250
confidence/001471.png,5175
confidence/001472.png,5136
confidence/001473.png,5087
confidence/001474.png,5127
confidence/001475.png,5367
confidence/001476.png,5334
confidence/001477.png,5397
confidence/001478.png,5252
confidence/001479.png,5295
confidence/001480.png,5289
confidence/001481.png,5222
confidence/001482.png,5127
confidence/001483.png,5369
confidence/001484.png,5263
confidence/001485.png,5362
confidence/001486.png,5253
confidence/001487.png,5151
confidence/001488.png,5220
confidence/001489.png,5166
confidence/001490.png,5108
confidence/001491.png,5435
confidence/001492.png,5356
confidence/001493.png,5480
confidence/001494.png,5524
confidence/001495.png,5595
confidence/001496.png,5541
confidence/001497.png,5489
confidence/001498.png,5648
confidence/001499.png,5714
confidence/001500.png,5605
confidence/001501.png,5494
confidence/001502.png,5573
confidence/001503.png,5541
confidence/001504.png,5517
confidence/001505.png,5591
confidence/001506.png,5500
confidence/001507.png,5631
confidence/001508.png,5623
confidence/001509.png,5428
confidence/001510.png,5383
confidence/001511.png,5399
confidence/001512.png,5577
confidence/001513.png,5585
confidence/001514.png,5478
confidence/001515.png,5467
confidence/001516.png,5565
confidence/001517.png,5604
confidence/001518.png,5653
confidence/001519.png,5720
confidence/001520.png,5589
confidence/001521.png,5607
confidence/001522.png,5781
confidence/001523.png,5923
confidence/001524.png,5911
confidence/001525.png,5852
confidence/001526.png,5972
confidence/001527.png,6015
confidence/001528.png,5935
confidence/001529.png,5913
confidence/001530.png,5838
confidence/001531.png,5874
confidence/001532.png,5982
confidence/001533.png,5790
confidence/001534.png,5692
confidence/001535.png,5864
confidence/001536.png,5752
confidence/001537.png,5821
confidence/001538.png,5911
confidence/001539.png,6091
confidence/001540.png,5883
confidence/001541.png,5970
confidence/001542.png,5772
confidence/001543.png,5896
confidence/001544.png,5702
confidence/001545.png,5820
confidence/001546.png,5771
confidence/001547.png,5682
confidence/001548.png,5628
confidence/001549.png,5612
confidence/001550.png,5581
confidence/001551.png,5518
confidence/001552.png,5448
confidence/001553.png,5432
confidence/001554.png,5627
confidence/001555.png,5396
confidence/001556.png,5465
confidence/001557.png,5373
confidence/001558.png,5406
confidence/001559.png,5409
confidence/001560.png,5398
confidence/001561.png,5297
confidence/001562.png,5475
confidence/001563.png,5466
confidence/001564.png,5397
confidence/001565.png,5283
confidence/001566.png,5271
confidence/001567.png,5274
confidence/001568.png,5045
confidence/001569.png,5107
confidence/001570.png,4980
confidence/001571.png,4947
confidence/001572.png,5024
confidence/001573.png,4987
confidence/001574.png,4869
confidence/001575.png,4993
confidence/001576.png,4914
confidence/001577.png,4999
confidence/001578.png,4822
confidence/001579.png,4607
confidence/001580.png,4557
confidence/001581.png,4496
confidence/001582.png,4532
confidence/001583.png,4484
confidence/001584.png,4538
confidence/001585.png,4534
confidence/001586.png,4655
confidence/001587.png,4637
confidence/001588.png,4507
confidence/001589.png,4504
confidence/001590.png,4522
confidence/001591.png,4556
confidence/001592.png,4597
confidence/001593.png,4675
confidence/001594.png,4683
confidence/001595.png,4660
confidence/001596.png,4616
confidence/001597.png,4682
confidence/001598.png,4669
confidence/001599.png,4740
confidence/001600.png,4752
confidence/001601.png,4725
confidence/001602.png,4656
confidence/001603.png,4671
confidence/001604.png,4623
confidence/001605.png,4576
confidence/001606.png,4483
confidence/001607.png,4568
confidence/001608.png,4577
confidence/001609.png,4573
confidence/001610.png,4762
confidence/001611.png,4638
confidence/001612.png,4625
confidence/001613.png,4618
confidence/001614.png,4512
confidence/001615.png,4527
confidence/001616.png,4480
confidence/001617.png,4452
confidence/001618.png,4426
confidence/001619.png,4391
confidence/001620.png,4392
confidence/001621.png,4375
confidence/001622.png,4418
confidence/001623.png,4416
confidence/001624.png,4376
confidence/001625.png,4339
confidence/001626.png,4323
confidence/001627.png,4351
confidence/001628.png,4338
confidence/001629.png,4351
confidence/001630.png,4353
confidence/001631.png,4358
confidence/001632.png,4379
confidence/001633.png,4336
confidence/001634.png,4323
confidence/001635.png,4166
confidence/001636.png,4248
confidence/001637.png,4161
confidence/001638.png,4253
confidence/001639.png,4263
confidence/001640.png,4344
confidence/001641.png,4301
confidence/001642.png,4309
confidence/001643.png,4348
confidence/001644.png,4383
confidence/001645.png,4282
confidence/001646.png,4339
confidence/001647.png,4328
confidence/001648.png,4211
confidence/001649.png,4210
confidence/001650.png,4177
confidence/001651.png,4224
confidence/001652.png,4210
confidence/001653.png,4237
confidence/001654.png,4196
confidence/001655.png,4198
confidence/001656.png,4237
confidence/001657.png,4258
confidence/001658.png,4219
confidence/001659.png,4186
confidence/001660.png,4232
confidence/001661.png,4243
confidence/001662.png,4167
confidence/001663.png,4308
confidence/001664.png,4298
confidence/001665.png,4226
confidence/001666.png,4231
confidence/001667.png,4135
confidence/001668.png,4157
confidence/001669.png,4127
confidence/001670.png,4217
confidence/001671.png,4199
confidence/001672.png,4242
confidence/001673.png,4191
confidence/001674.png,4152
confidence/001675.png,4184
confidence/001676.png,4180
confidence/001677.png,4112
confidence/001678.png,4184
confidence/001679.png,4132
confidence/001680.png,4070
confidence/001681.png,4170
confidence/001682.png,4121
confidence/001683.png,4134
confidence/001684.png,4079
confidence/001685.png,4144
confidence/001686.png,4151
confidence/001687.png,4029
confidence/001688.png,4121
confidence/001689.png,4132
confidence/001690.png,4027
confidence/001691.png,4061
confidence/001692.png,4062
confidence/001693.png,4030
confidence/001694.png,4062
confidence/001695.png,4062
confidence/001696.png,4094
confidence/001697.png,4102
confidence/001698.png,4103
confidence/001699.png,4113
confidence/001700.png,4092
confidence/001701.png,4122
confidence/001702.png,4127
confidence/001703.png,4049
confidence/001704.png,4095
confidence/001705.png,3916
confidence/001706.png,4085
confidence/001707.png,4046
confidence/001708.png,3998
confidence/001709.png,4048
confidence/001710.png,4026
confidence/001711.png,3868
confidence/001712.png,4027
confidence/001713.png,4097
confidence/001714.png,4030
confidence/001715.png,4020
confidence/001716.png,4017
confidence/001717.png,3888
confidence/001718.png,4032
confidence/001719.png,4023
confidence/001720.png,4078
confidence/001721.png,4010
confidence/001722.png,4060
confidence/001723.png,4080
confidence/001724.png,4086
confidence/001725.png,4059
confidence/001726.png,4050
confidence/001727.png,4129
confidence/001728.png,4107
confidence/001729.png,4054
confidence/001730.png,4057
confidence/001731.png,4057
confidence/001732.png,4061
confidence/001733.png,4060
confidence/001734.png,4061
confidence/001735.png,4057
confidence/001736.png,4075
confidence/001737.png,4098
confidence/001738.png,4061
confidence/001739.png,4034
confidence/001740.png,4069
confidence/001741.png,4096
confidence/001742.png,4056
confidence/001743.png,4061
confidence/001744.png,4052
confidence/001745.png,4048
confidence/001746.png,4075
confidence/001747.png,4061
confidence/001748.png,4084
confidence/001749.png,4046
confidence/001750.png,4055
confidence/001751.png,4045
confidence/001752.png,4070
confidence/001753.png,4040
confidence/001754.png,4051
confidence/001755.png,4066
confidence/001756.png,4062
confidence/001757.png,4043
confidence/001758.png,4067
confidence/001759.png,4074
confidence/001760.png,4071
confidence/001761.png,4068
confidence/001762.png,4050
confidence/001763.png,4047
confidence/001764.png,4051
confidence/001765.png,4020
confidence/001766.png,4018
confidence/001767.png,3953
confidence/001768.png,4010
confidence/001769.png,4011
confidence/001770.png,3999
confidence/001771.png,4013
confidence/001772.png,3975
confidence/001773.png,4002
confidence/001774.png,3931
confidence/001775.png,4015
confidence/001776.png,3996
confidence/001777.png,4001
confidence/001778.png,3970
confidence/001779.png,4013
confidence/001780.png,4041
confidence/001781.png,3999
confidence/001782.png,3960
confidence/001783.png,3964
confidence/001784.png,3929
confidence/001785.png,4020
confidence/001786.png,3914
confidence/001787.png,3971
confidence/001788.png,3939
confidence/001789.png,3987
confidence/001790.png,3938
confidence/001791.png,3920
confidence/001792.png,4002
confidence/001793.png,3989
confidence/001794.png,3964
confidence/001795.png,3952
confidence/001796.png,3952
confidence/001797.png,3984
confidence/001798.png,3982
confidence/001799.png,3962
confidence/001800.png,3952
confidence/001801.png,3965
confidence/001802.png,3964
confidence/001803.png,3964
confidence/001804.png,3956
confidence/001805.png,3949
confidence/001806.png,3965
confidence/001807.png,3943
confidence/001808.png,3952
confidence/001809.png,3944
confidence/001810.png,3943
confidence/001811.png,3951
confidence/001812.png,3950
confidence/001813.png,3944
confidence/001814.png,3962
confidence/001815.png,3950
confidence/001816.png,3943
confidence/001817.png,3947
confidence/001818.png,3943
confidence/001819.png,4028
confidence/001820.png,3967
confidence/001821.png,3952
confidence/001822.png,3958
confidence/001823.png,3946
confidence/001824.png,4102
confidence/001825.png,3952
confidence/001826.png,4073
confidence/001827.png,3937
confidence/001828.png,3965
confidence/001829.png,3963
confidence/001830.png,4145
confidence/001831.png,3983
confidence/001832.png,4046
confidence/001833.png,4049
confidence/001834.png,3997
confidence/001835.png,4180
confidence/001836.png,4221
confidence/001837.png,4024
confidence/001838.png,4219
confidence/001839.png,4185
confidence/001840.png,4035
confidence/001841.png,3895
confidence/001842.png,4243
confidence/001843.png,3965
confidence/001844.png,4088
confidence/001845.png,4221
confidence/001846.png,3951
confidence/001847.png,4082
confidence/001848.png,4153
confidence/001849.png,4046
confidence/001850.png,4208
confidence/001851.png,4250
confidence/001852.png,4056
confidence/001853.png,4187
confidence/001854.png,4262
confidence/001855.png,4104
confidence/001856.png,4237
confidence/001857.png,4330
confidence/001858.png,4497
confidence/001859.png,4536
confidence/001860.png,4583
confidence/001861.png,4723
confidence/001862.png,4687
confidence/001863.png,4862
confidence/001864.png,4674
confidence/001865.png,5059
confidence/001866.png,4888
confidence/001867.png,5292
confidence/001868.png,5060
confidence/001869.png,5150
confidence/001870.png,5414
confidence/001871.png,5506
confidence/001872.png,5503
confidence/001873.png,5427
confidence/001874.png,5732
confidence/001875.png,5801
confidence/001876.png,5851
confidence/001877.png,5462
confidence/001878.png,5800
confidence/001879.png,5598
confidence/001880.png,5668
confidence/001881.png,5529
confidence/001882.png,5520
confidence/001883.png,5619
confidence/001884.png,5478
confidence/001885.png,5557
confidence/001886.png,5767
confidence/001887.png,5725
confidence/001888.png,5808
confidence/001889.png,5809
confidence/001890.png,5796
confidence/001891.png,6011
confidence/001892.png,5766
confidence/001893.png,5758
confidence/001894.png,5723
confidence/001895.png,5528
confidence/001896.png,5609
confidence/001897.png,5564
confidence/001898.png,5501
confidence/001899.png,5439
confidence/001900.png,5421
confidence/001901.png,5508
confidence/001902.png,5263
confidence/001903.png,5088
confidence/001904.png,5157
confidence/001905.png,4750
confidence/001906.png,4858
confidence/001907.png,4768
confidence/001908.png,4632
confidence/001909.png,4736
confidence/001910.png,4586
confidence/001911.png,4575
confidence/001912.png,4535
confidence/001913.png,4610
confidence/001914.png,4644
confidence/001915.png,4531
confidence/001916.png,4478
confidence/001917.png,4608
confidence/001918.png,4631
confidence/001919.png,4723
confidence/001920.png,4655
confidence/001921.png,4832
confidence/001922.png,4991
confidence/001923.png,4939
confidence/001924.png,5005
confidence/001925.png,5093
confidence/001926.png,5394
confidence/001927.png,5465
confidence/001928.png,5562
confidence/001929.png,5528
confidence/001930.png,5517
confidence/001931.png,5786
confidence/001932.png,5839
confidence/001933.png,5824
confidence/001934.png,5946
confidence/001935.png,6117
confidence/001936.png,6010
confidence/001937.png,5830
confidence/001938.png,5886
confidence/001939.png,6173
confidence/001940.png,6212
confidence/001941.png,6140
confidence/001942.png,6358
confidence/001943.png,6366
confidence/001944.png,6532
confidence/001945.png,6466
confidence/001946.png,6639
confidence/001947.png,6526
confidence/001948.png,6692
confidence/001949.png,6592
confidence/001950.png,6606
confidence/001951.png,6602
confidence/001952.png,6744
confidence/001953.png,6775
confidence/001954.png,6904
confidence/001955.png,7014
confidence/001956.png,7109
confidence/001957.png,6755
confidence/001958.png,7203
confidence/001959.png,7179
confidence/001960.png,7275
confidence/001961.png,7228
confidence/001962.png,7523
confidence/001963.png,7526
confidence/001964.png,7739
confidence/001965.png,7588
confidence/001966.png,7290
confidence/001967.png,7611
confidence/001968.png,7688
confidence/001969.png,8002
confidence/001970.png,8303
confidence/001971.png,8199
confidence/001972.png,8428
confidence/001973.png,8234
confidence/001974.png,8221
confidence/001975.png,8212
confidence/001976.png,8140
confidence/001977.png,7975
confidence/001978.png,7829
confidence/001979.png,7949
confidence/001980.png,7960
confidence/001981.png,7879
confidence/001982.png,7833
confidence/001983.png,7837
confidence/001984.png,8068
confidence/001985.png,7963
confidence/001986.png,7968
confidence/001987.png,8009
confidence/001988.png,7809
confidence/001989.png,7793
confidence/001990.png,7696
confidence/001991.png,7740
confidence/001992.png,7637
confidence/001993.png,7400
confidence/001994.png,7226
confidence/001995.png,7270
confidence/001996.png,7100
confidence/001997.png,6623
confidence/001998.png,6583
confidence/001999.png,6481
confidence/002000.png,6279
confidence/002001.png,6406
confidence/002002.png,6172
confidence/002003.png,6261
confidence/002004.png,6307
confidence/002005.png,6229
confidence/002006.png,6005
confidence/002007.png,6074
confidence/002008.png,6002
confidence/002009.png,5988
confidence/002010.png,6090
confidence/002011.png,5962
confidence/002012.png,5852
confidence/002013.png,5728
confidence/002014.png,5758
confidence/002015.png,5669
confidence/002016.png,5752
confidence/002017.png,5892
confidence/002018.png,5863
confidence/002019.png,5914
confidence/002020.png,5790
confidence/002021.png,5675
confidence/002022.png,5725
confidence/002023.png,5942
confidence/002024.png,6088
confidence/002025.png,6053
confidence/002026.png,6325
confidence/002027.png,6567
confidence/002028.png,6470
confidence/002029.png,6624
confidence/002030.png,6435
confidence/002031.png,6360
confidence/002032.png,6301
confidence/002033.png,6280
confidence/002034.png,5999
confidence/002035.png,6029
confidence/002036.png,6048
confidence/002037.png,6097
confidence/002038.png,6052
confidence/002039.png,6111
confidence/002040.png,6042
confidence/002041.png,6219
confidence/002042.png,6216
confidence/002043.png,5998
confidence/002044.png,6005
confidence/002045.png,5854
confidence/002046.png,5892
confidence/002047.png,5864
confidence/002048.png,5832
confidence/002049.png,5740
confidence/002050.png,5654
confidence/002051.png,5611
confidence/002052.png,5387
confidence/002053.png,5385
confidence/002054.png,5342
confidence/002055.png,5257
confidence/002056.png,5163
confidence/002057.png,5034
confidence/002058.png,5017
confidence/002059.png,4949
confidence/002060.png,4857
confidence/002061.png,4831
confidence/002062.png,4776
confidence/002063.png,4790
confidence/002064.png,4752
confidence/002065.png,4649
confidence/002066.png,4683
confidence/002067.png,4689
confidence/002068.png,4682
confidence/002069.png,4715
confidence/002070.png,4734
confidence/002071.png,4738
confidence/002072.png,4682
confidence/002073.png,4655
confidence/002074.png,4663
confidence/002075.png,4620
confidence/002076.png,4690
confidence/002077.png,4664
confidence/002078.png,4678
confidence/002079.png,4685
confidence/002080.png,4673
confidence/002081.png,4673
confidence/002082.png,4707
confidence/002083.png,4630
confidence/002084.png,4658
confidence/002085.png,4689
confidence/002086.png,4669
confidence/002087.png,4568
confidence/002088.png,4651
confidence/002089.png,4608
confidence/002090.png,4670
confidence/002091.png,4558
confidence/002092.png,4554
confidence/002093.png,4545
confidence/002094.png,4680
confidence/002095.png,4680
confidence/002096.png,4610
confidence/002097.png,4556
confidence/002098.png,4672
confidence/002099.png,4659
confidence/002100.png,4648
confidence/002101.png,4656
confidence/002102.png,4626
confidence/002103.png,4668
confidence/002104.png,4753
confidence/002105.png,4707
confidence/002106.png,4666
confidence/002107.png,4669
confidence/002108.png,4740
confidence/002109.png,4711
confidence/002110.png,4820
confidence/002111.png,4812
confidence/002112.png,4909
confidence/002113.png,4936
confidence/002114.png,4975
confidence/002115.png,4993
confidence/002116.png,4951
confidence/002117.png,5065
confidence/002118.png,5104
confidence/002119.png,5154
confidence/002120.png,5064
confidence/002121.png,5134
confidence/002122.png,5136
confidence/002123.png,5207
confidence/002124.png,5091
confidence/002125.png,5215
confidence/002126.png,5364
confidence/002127.png,5487
confidence/002128.png,5545
confidence/002129.png,5650
confidence/002130.png,5685
confidence/002131.png,5547
confidence/002132.png,5835
confidence/002133.png,5952
confidence/002134.png,5832
confidence/002135.png,6027
confidence/002136.png,6015
confidence/002137.png,6116
confidence/002138.png,6178
confidence/002139.png,6296
confidence/002140.png,6243
confidence/002141.png,6252
confidence/002142.png,6229
confidence/002143.png,6455
confidence/002144.png,6369
confidence/002145.png,6371
confidence/002146.png,6317
confidence/002147.png,6436
confidence/002148.png,6341
confidence/002149.png,6410
confidence/002150.png,6389
confidence/002151.png,6686
confidence/002152.png,6430
confidence/002153.png,6319
confidence/002154.png,6311
confidence/002155.png,6215
confidence/002156.png,6309
confidence/002157.png,6301
confidence/002158.png,6376
confidence/002159.png,6381
confidence/002160.png,6425
confidence/002161.png,6311
confidence/002162.png,6385
confidence/002163.png,6570
confidence/002164.png,6471
confidence/002165.png,6375
confidence/002166.png,6329
confidence/002167.png,6304
confidence/002168.png,6337
confidence/002169.png,6278
confidence/002170.png,6243
confidence/002171.png,6315
confidence/002172.png,6265
confidence/002173.png,6229
confidence/002174.png,6227
confidence/002175.png,6081
confidence/002176.png,6151
confidence/002177.png,6050
confidence/002178.png,6107
confidence/002179.png,6152
confidence/002180.png,6079
confidence/002181.png,6311
confidence/002182.png,6331
confidence/002183.png,6243
confidence/002184.png,6203
confidence/002185.png,6194
confidence/002186.png,6085
confidence/002187.png,5693
confidence/002188.png,5850
confidence/002189.png,5721
confidence/002190.png,5726
confidence/002191.png,5813
confidence/002192.png,5787
confidence/002193.png,5978
confidence/002194.png,5991
confidence/002195.png,5995
confidence/002196.png,6099
confidence/002197.png,6084
confidence/002198.png,5999
confidence/002199.png,6028
confidence/002200.png,6157
confidence/002201.png,6084
confidence/002202.png,6044
confidence/002203.png,6206
confidence/002204.png,6174
confidence/002205.png,6122
confidence/002206.png,6065
confidence/002207.png,5860
confidence/002208.png,5868
confidence/002209.png,5775
confidence/002210.png,6029
confidence/002211.png,6062
confidence/002212.png,6000
confidence/002213.png,5950
confidence/002214.png,5950
confidence/002215.png,5896
confidence/002216.png,6004
confidence/002217.png,6051
confidence/002218.png,5999
confidence/002219.png,5870
confidence/002220.png,5818
confidence/002221.png,5802
confidence/002222.png,5826
confidence/002223.png,5986
confidence/002224.png,5798
confidence/002225.png,5747
confidence/002226.png,5880
confidence/002227.png,5706
confidence/002228.png,5681
confidence/002229.png,5733
confidence/002230.png,5673
confidence/002231.png,5599
confidence/002232.png,5567
confidence/002233.png,5523
confidence/002234.png,5517
confidence/002235.png,5415
confidence/002236.png,5419
confidence/002237.png,5410
confidence/002238.png,5293
confidence/002239.png,5266
confidence/002240.png,5332
confidence/002241.png,5310
confidence/002242.png,5325
confidence/002243.png,5509
confidence/002244.png,5509
confidence/002245.png,5544
confidence/002246.png,5563
confidence/002247.png,5496
confidence/002248.png,5456
confidence/002249.png,5428
confidence/002250.png,5416
confidence/002251.png,5440
confidence/002252.png,5454
confidence/002253.png,5424
confidence/002254.png,5320
confidence/002255.png,5203
confidence/002256.png,5412
confidence/002257.png,5438
confidence/002258.png,5479
confidence/002259.png,5302
confidence/002260.png,5236
confidence/002261.png,5277
confidence/002262.png,5250
confidence/002263.png,5258
confidence/002264.png,4973
confidence/002265.png,4891
confidence/002266.png,5048
confidence/002267.png,4899
confidence/002268.png,4962
confidence/002269.png,4975
confidence/002270.png,4874
confidence/002271.png,4917
confidence/002272.png,4893
confidence/002273.png,4930
confidence/002274.png,5018
confidence/002275.png,5104
confidence/002276.png,4965
confidence/002277.png,5020
confidence/002278.png,5012
confidence/002279.png,4944
confidence/002280.png,4856
confidence/002281.png,4931
confidence/002282.png,4863
confidence/002283.png,4967
confidence/002284.png,5049
confidence/002285.png,4962
confidence/002286.png,4874
confidence/002287.png,4801
confidence/002288.png,4644
confidence/002289.png,4672
confidence/002290.png,4593
confidence/002291.png,4625
confidence/002292.png,4669
confidence/002293.png,4678
confidence/002294.png,4608
confidence/002295.png,4642
confidence/002296.png,4569
confidence/002297.png,4708
confidence/002298.png,4694
confidence/002299.png,4692
confidence/002300.png,4740
confidence/002301.png,4737
confidence/002302.png,4758
confidence/002303.png,4740
confidence/002304.png,4684
confidence/002305.png,4789
confidence/002306.png,4772
confidence/002307.png,4636
confidence/002308.png,4556
confidence/002309.png,4557
confidence/002310.png,4596
confidence/002311.png,4548
confidence/002312.png,4512
confidence/002313.png,4535
confidence/002314.png,4546
confidence/002315.png,4512
confidence/002316.png,4534
confidence/002317.png,4523
confidence/002318.png,4542
confidence/002319.png,4544
confidence/002320.png,4515
confidence/002321.png,4456
confidence/002322.png,4469
confidence/002323.png,4547
confidence/002324.png,4561
confidence/002325.png,4477
confidence/002326.png,4538
confidence/002327.png,4596
confidence/002328.png,4582
confidence/002329.png,4550
confidence/002330.png,4586
confidence/002331.png,4627
confidence/002332.png,4666
confidence/002333.png,4759
confidence/002334.png,4809
confidence/002335.png,4880
confidence/002336.png,4825
confidence/002337.png,4901
confidence/002338.png,4889
confidence/002339.png,4907
confidence/002340.png,4974
confidence/002341.png,4888
confidence/002342.png,4895
confidence/002343.png,4936
confidence/002344.png,4918
confidence/002345.png,4814
confidence/002346.png,4878
confidence/002347.png,4915
confidence/002348.png,4815
confidence/002349.png,4869
confidence/002350.png,4921
confidence/002351.png,4919
confidence/002352.png,4952
confidence/002353.png,4866
confidence/002354.png,4918
confidence/002355.png,4870
confidence/002356.png,4900
confidence/002357.png,4867
confidence/002358.png,4914
confidence/002359.png,4982
confidence/002360.png,4985
confidence/002361.png,4939
confidence/002362.png,4965
confidence/002363.png,4969
confidence/002364.png,4881
confidence/002365.png,4842
confidence/002366.png,4976
confidence/002367.png,4936
confidence/002368.png,4960
confidence/002369.png,4919
confidence/002370.png,4900
confidence/002371.png,4772
confidence/002372.png,4697
confidence/002373.png,4685
confidence/002374.png,4750
confidence/002375.png,4675
confidence/002376.png,4663
confidence/002377.png,4634
confidence/002378.png,4636
confidence/002379.png,4658
confidence/002380.png,4694
confidence/002381.png,4683
confidence/002382.png,4699
confidence/002383.png,4691
confidence/002384.png,4721
confidence/002385.png,4710
confidence/002386.png,4716
confidence/002387.png,4728
confidence/002388.png,4710
confidence/002389.png,4746
confidence/002390.png,4719
confidence/002391.png,4738
confidence/002392.png,4842
confidence/002393.png,4989
confidence/002394.png,5001
confidence/002395.png,4923
confidence/002396.png,4921
confidence/002397.png,5005
confidence/002398.png,5075
confidence/002399.png,5059
confidence/002400.png,5208
confidence/002401.png,5136
confidence/002402.png,5232
confidence/002403.png,5245
confidence/002404.png,5349
confidence/002405.png,5302
confidence/002406.png,5264
confidence/002407.png,5265
confidence/002408.png,5338
confidence/002409.png,5320
confidence/002410.png,5348
confidence/002411.png,5399
confidence/002412.png,5346
confidence/002413.png,5421
confidence/002414.png,5372
confidence/002415.png,5364
confidence/002416.png,5259
confidence/002417.png,5347
confidence/002418.png,5259
confidence/002419.png,5328
confidence/002420.png,5218
confidence/002421.png,5203
confidence/002422.png,5268
confidence/002423.png,5324
confidence/002424.png,5168
confidence/002425.png,5136
confidence/002426.png,5133
confidence/002427.png,5118
confidence/002428.png,5181
confidence/002429.png,5063
confidence/002430.png,5124
confidence/002431.png,5139
confidence/002432.png,5147
confidence/002433.png,5167
confidence/002434.png,5028
confidence/002435.png,5059
confidence/002436.png,4999
confidence/002437.png,5094
confidence/002438.png,5144
confidence/002439.png,5084
confidence/002440.png,5094
confidence/002441.png,5058
confidence/002442.png,5127
confidence/002443.png,5045
confidence/002444.png,4962
confidence/002445.png,4945
confidence/002446.png,4922
confidence/002447.png,4826
confidence/002448.png,4933
confidence/002449.png,4861
confidence/002450.png,4866
confidence/002451.png,4739
confidence/002452.png,4745
confidence/002453.png,4885
confidence/002454.png,4904
confidence/002455.png,4791
confidence/002456.png,4835
confidence/002457.png,4624
confidence/002458.png,4624
confidence/002459.png,4646
confidence/002460.png,4449
confidence/002461.png,4584
confidence/002462.png,4686
confidence/002463.png,4705
confidence/002464.png,4662
confidence/002465.png,4615
confidence/002466.png,4625
confidence/002467.png,4599
confidence/002468.png,4564
confidence/002469.png,4544
confidence/002470.png,4623
confidence/002471.png,4624
confidence/002472.png,4599
confidence/002473.png,4666
confidence/002474.png,4795
confidence/002475.png,4750
confidence/002476.png,4831
confidence/002477.png,4753
confidence/002478.png,4708
confidence/002479.png,4769
confidence/002480.png,4756
confidence/002481.png,4764
confidence/002482.png,4675
confidence/002483.png,4760
confidence/002484.png,4704
confidence/002485.png,4705
confidence/002486.png,4747
confidence/002487.png,4713
confidence/002488.png,4699
confidence/002489.png,4872
confidence/002490.png,4875
confidence/002491.png,4804
confidence/002492.png,4941
confidence/002493.png,5078
confidence/002494.png,5049
confidence/002495.png,5043
confidence/002496.png,5031
confidence/002497.png,4931
confidence/002498.png,5016
confidence/002499.png,4973
confidence/002500.png,4829
confidence/002501.png,4941
confidence/002502.png,5019
confidence/002503.png,4930
confidence/002504.png,4893
confidence/002505.png,4974
confidence/002506.png,4822
confidence/002507.png,4910
confidence/002508.png,4897
confidence/002509.png,4928
confidence/002510.png,4968
confidence/002511.png,4926
confidence/002512.png,5091
confidence/002513.png,5009
confidence/002514.png,5098
confidence/002515.png,5212
confidence/002516.png,5266
confidence/002517.png,5224
confidence/002518.png,5028
confidence/002519.png,4996
confidence/002520.png,5097
confidence/002521.png,4931
confidence/002522.png,5058
confidence/002523.png,4859
confidence/002524.png,4931
confidence/002525.png,4998
confidence/002526.png,5326
confidence/002527.png,5338
confidence/002528.png,5290
confidence/002529.png,5246
confidence/002530.png,5278
confidence/002531.png,5346
confidence/002532.png,5316
confidence/002533.png,5276
confidence/002534.png,4943
confidence/002535.png,4929
confidence/002536.png,4895
confidence/002537.png,4908
confidence/002538.png,4978
confidence/002539.png,5031
confidence/002540.png,5243
confidence/002541.png,5160
confidence/002542.png,5100
confidence/002543.png,5243
confidence/002544.png,5308
confidence/002545.png,5035
confidence/002546.png,4809
confidence/002547.png,4878
confidence/002548.png,4959
confidence/002549.png,5012
confidence/002550.png,4978
confidence/002551.png,5035
confidence/002552.png,4791
confidence/002553.png,4887
confidence/002554.png,4905
confidence/002555.png,4866
confidence/002556.png,4977
confidence/002557.png,4830
confidence/002558.png,4863
confidence/002559.png,4876
confidence/002560.png,5025
confidence/002561.png,4883
confidence/002562.png,4812
confidence/002563.png,4862
confidence/002564.png,4632
confidence/002565.png,4673
confidence/002566.png,4736
confidence/002567.png,4698
confidence/002568.png,4709
confidence/002569.png,4744
confidence/002570.png,4754
confidence/002571.png,4712
confidence/002572.png,4604
confidence/002573.png,4596
confidence/002574.png,4553
confidence/002575.png,4593
confidence/002576.png,4611
confidence/002577.png,4587
confidence/002578.png,4670
confidence/002579.png,4627
confidence/002580.png,4606
confidence/002581.png,4591
confidence/002582.png,4554
confidence/002583.png,4404
confidence/002584.png,4373
confidence/002585.png,4333
confidence/002586.png,4246
confidence/002587.png,4240
confidence/002588.png,4374
confidence/002589.png,4393
confidence/002590.png,4408
confidence/002591.png,4362
confidence/002592.png,4248
confidence/002593.png,4220
confidence/002594.png,4272
confidence/002595.png,4155
confidence/002596.png,4255
confidence/002597.png,4243
confidence/002598.png,4211
confidence/002599.png,4210
confidence/002600.png,4170
confidence/002601.png,4148
confidence/002602.png,4151
confidence/002603.png,4128
confidence/002604.png,4142
confidence/002605.png,4163
confidence/002606.png,4136
confidence/002607.png,4127
confidence/002608.png,4156
confidence/002609.png,4145
confidence/002610.png,4182
confidence/002611.png,4132
confidence/002612.png,4113
confidence/002613.png,4130
confidence/002614.png,4163
confidence/002615.png,4089
confidence/002616.png,4145
confidence/002617.png,4118
confidence/002618.png,3930
confidence/002619.png,4059
confidence/002620.png,4006
confidence/002621.png,4027
confidence/002622.png,3966
confidence/002623.png,3988
confidence/002624.png,3919
confidence/002625.png,4049
confidence/002626.png,4014
confidence/002627.png,4010
confidence/002628.png,4030
confidence/002629.png,4018
confidence/002630.png,3931
confidence/002631.png,3986
confidence/002632.png,4002
confidence/002633.png,3996
confidence/002634.png,3944
confidence/002635.png,3948
confidence/002636.png,3940
confidence/002637.png,4003
confidence/002638.png,3929
confidence/002639.png,3995
confidence/002640.png,4006
confidence/002641.png,4005
confidence/002642.png,3965
confidence/002643.png,3914
confidence/002644.png,3971
confidence/002645.png,3986
confidence/002646.png,3930
confidence/002647.png,3983
confidence/002648.png,4562
confidence/002649.png,4403
confidence/002650.png,4319
confidence/002651.png,4328
confidence/002652.png,4269
confidence/002653.png,4573
confidence/002654.png,4539
confidence/002655.png,4527
confidence/002656.png,3890
confidence/002657.png,3942
confidence/002658.png,4402
confidence/002659.png,4388
confidence/002660.png,4362
confidence/002661.png,4400
confidence/002662.png,4428
confidence/002663.png,4413
confidence/002664.png,3943
confidence/002665.png,3991
confidence/002666.png,4258
confidence/002667.png,4193
confidence/002668.png,4244
confidence/002669.png,3816
confidence/002670.png,4244
confidence/002671.png,4288
confidence/002672.png,4049
confidence/002673.png,4138
confidence/002674.png,4148
confidence/002675.png,3951
confidence/002676.png,3971
confidence/002677.png,3952
confidence/002678.png,3954
confidence/002679.png,3952
confidence/002680.png,3943
confidence/002681.png,3970
confidence/002682.png,3967
confidence/002683.png,3942
confidence/002684.png,3951
confidence/002685.png,3953
confidence/002686.png,4030
confidence/002687.png,3984
confidence/002688.png,3952
confidence/002689.png,3989
confidence/002690.png,3967
confidence/002691.png,4108
confidence/002692.png,3952
confidence/002693.png,3951
confidence/002694.png,3904
confidence/002695.png,3955
confidence/002696.png,3955
confidence/002697.png,4046
confidence/002698.png,3935
confidence/002699.png,3955
confidence/002700.png,3951
confidence/002701.png,4051
confidence/002702.png,3958
confidence/002703.png,4037
confidence/002704.png,4015
confidence/002705.png,3970
confidence/002706.png,4133
confidence/002707.png,3990
confidence/002708.png,3955
confidence/002709.png,4079
confidence/002710.png,3987
confidence/002711.png,3983
confidence/002712.png,4096
confidence/002713.png,3927
confidence/002714.png,4002
confidence/002715.png,4155
confidence/002716.png,3913
confidence/002717.png,3867
confidence/002718.png,4089
confidence/002719.png,4024
confidence/002720.png,4014
confidence/002721.png,4019
confidence/002722.png,4009
confidence/002723.png,4072
confidence/002724.png,4038
confidence/002725.png,4133
confidence/002726.png,4309
confidence/002727.png,4075
confidence/002728.png,4129
confidence/002729.png,4243
confidence/002730.png,3988
confidence/002731.png,4084
confidence/002732.png,3920
confidence/002733.png,4005
confidence/002734.png,4245
confidence/002735.png,4141
confidence/002736.png,4449
confidence/002737.png,4555
confidence/002738.png,4167
confidence/002739.png,4372
confidence/002740.png,4518
confidence/002741.png,4431
confidence/002742.png,4537
confidence/002743.png,4404
confidence/002744.png,4270
confidence/002745.png,4544
confidence/002746.png,4324
confidence/002747.png,4355
confidence/002748.png,4342
confidence/002749.png,4242
confidence/002750.png,4433
confidence/002751.png,4370
confidence/002752.png,4320
confidence/002753.png,4215
confidence/002754.png,4202
confidence/002755.png,4362
confidence/002756.png,4190
confidence/002757.png,4116
confidence/002758.png,4302
confidence/002759.png,4039
confidence/002760.png,4435
confidence/002761.png,4336
confidence/002762.png,4350
confidence/002763.png,4512
confidence/002764.png,4559
confidence/002765.png,4538
confidence/002766.png,4825
confidence/002767.png,4900
confidence/002768.png,4849
confidence/002769.png,4866
confidence/002770.png,4828
confidence/002771.png,4777
confidence/002772.png,4893
confidence/002773.png,4769
confidence/002774.png,4908
confidence/002775.png,5017
confidence/002776.png,5116
confidence/002777.png,5238
confidence/002778.png,5235
confidence/002779.png,5050
confidence/002780.png,5132
confidence/002781.png,4866
confidence/002782.png,4711
confidence/002783.png,4713
confidence/002784.png,4864
confidence/002785.png,5016
confidence/002786.png,5069
confidence/002787.png,5092
confidence/002788.png,4956
confidence/002789.png,5323
confidence/002790.png,5440
confidence/002791.png,5557
confidence/002792.png,5619
confidence/002793.png,5680
confidence/002794.png,5733
confidence/002795.png,5712
confidence/002796.png,5854
confidence/002797.png,5854
confidence/002798.png,5331
confidence/002799.png,5181
confidence/002800.png,5420
confidence/002801.png,5459
confidence/002802.png,5406
confidence/002803.png,5324
confidence/002804.png,5308
confidence/002805.png,5349
confidence/002806.png,5259
confidence/002807.png,5325
confidence/002808.png,5397
confidence/002809.png,5272
confidence/002810.png,5221
confidence/002811.png,5081
confidence/002812.png,5191
confidence/002813.png,5139
confidence/002814.png,5056
confidence/002815.png,5015
confidence/002816.png,5201
confidence/002817.png,5078
confidence/002818.png,5100
confidence/002819.png,5049
confidence/002820.png,4969
confidence/002821.png,4820
confidence/002822.png,4847
confidence/002823.png,4857
confidence/002824.png,4813
confidence/002825.png,4831
confidence/002826.png,4873
confidence/002827.png,4860
confidence/002828.png,4842
confidence/002829.png,4899
confidence/002830.png,4928
confidence/002831.png,5045
confidence/002832.png,5089
confidence/002833.png,5053
confidence/002834.png,5123
confidence/002835.png,5095
confidence/002836.png,5015
confidence/002837.png,4945
confidence/002838.png,5022
confidence/002839.png,4862
confidence/002840.png,5055
confidence/002841.png,4956
confidence/002842.png,4936
confidence/002843.png,5032
confidence/002844.png,5013
confidence/002845.png,4965
confidence/002846.png,4953
confidence/002847.png,4808
confidence/002848.png,4996
confidence/002849.png,5027
confidence/002850.png,4978
confidence/002851.png,5067
confidence/002852.png,4991
confidence/002853.png,4961
confidence/002854.png,4966
confidence/002855.png,4791
confidence/002856.png,4880
confidence/002857.png,4821
confidence/002858.png,4876
confidence/002859.png,4927
confidence/002860.png,5004
confidence/002861.png,5084
confidence/002862.png,5172
confidence/002863.png,5020
confidence/002864.png,5040
confidence/002865.png,5074
confidence/002866.png,4924
confidence/002867.png,4797
confidence/002868.png,4942
confidence/002869.png,4921
confidence/002870.png,4886
confidence/002871.png,4942
confidence/002872.png,4993
confidence/002873.png,4922
confidence/002874.png,4941
confidence/002875.png,4946
confidence/002876.png,5185
confidence/002877.png,5205
confidence/002878.png,5206
confidence/002879.png,5302
confidence/002880.png,5092
confidence/002881.png,5182
confidence/002882.png,5085
confidence/002883.png,5050
confidence/002884.png,5184
confidence/002885.png,5214
confidence/002886.png,5049
confidence/002887.png,5121
confidence/002888.png,5241
confidence/002889.png,5130
confidence/002890.png,5036
confidence/002891.png,5261
confidence/002892.png,5312
confidence/002893.png,5321
confidence/002894.png,5060
confidence/002895.png,5414
confidence/002896.png,5439
confidence/002897.png,5495
confidence/002898.png,5224
confidence/002899.png,5293
confidence/002900.png,5406
confidence/002901.png,5437
confidence/002902.png,5587
confidence/002903.png,5606
confidence/002904.png,5471
confidence/002905.png,5483
confidence/002906.png,5323
confidence/002907.png,5316
confidence/002908.png,5291
confidence/002909.png,5285
confidence/002910.png,5291
confidence/002911.png,5299
confidence/002912.png,5404
confidence/002913.png,5370
confidence/002914.png,5517
confidence/002915.png,5610
confidence/002916.png,5627
confidence/002917.png,5457
confidence/002918.png,5377
confidence/002919.png,5267
confidence/002920.png,5416
confidence/002921.png,5265
confidence/002922.png,5179
confidence/002923.png,5111
confidence/002924.png,5068
confidence/002925.png,4997
confidence/002926.png,4979
confidence/002927.png,4983
confidence/002928.png,4997
confidence/002929.png,4988
confidence/002930.png,4840
confidence/002931.png,4801
confidence/002932.png,4847
confidence/002933.png,4840
confidence/002934.png,4572
confidence/002935.png,4514
confidence/002936.png,4491
confidence/002937.png,4245
confidence/002938.png,4138
confidence/002939.png,4356
confidence/002940.png,3944
confidence/002941.png,4106
confidence/002942.png,4229
confidence/002943.png,4145
confidence/002944.png,4169
confidence/002945.png,4343
confidence/002946.png,4147
confidence/002947.png,4535
confidence/002948.png,4509
confidence/002949.png,4368
confidence/002950.png,4467
confidence/002951.png,4596
confidence/002952.png,4192
confidence/002953.png,4367
confidence/002954.png,4543
confidence/002955.png,4136
confidence/002956.png,4312
confidence/002957.png,4119
confidence/002958.png,4111
confidence/002959.png,4304
confidence/002960.png,4124
confidence/002961.png,4140
confidence/002962.png,4044
confidence/002963.png,4395
confidence/002964.png,3996
confidence/002965.png,3956
confidence/002966.png,4277
confidence/002967.png,3860
confidence/002968.png,4198
confidence/002969.png,4232
confidence/002970.png,4336
confidence/002971.png,4434
confidence/002972.png,4445
confidence/002973.png,4310
confidence/002974.png,4343
confidence/002975.png,4361
confidence/002976.png,4347
confidence/002977.png,4364
confidence/002978.png,4454
confidence/002979.png,4503
confidence/002980.png,4447
confidence/002981.png,4511
confidence/002982.png,4577
confidence/002983.png,4605
confidence/002984.png,4670
confidence/002985.png,4685
confidence/002986.png,4740
confidence/002987.png,4725
confidence/002988.png,4697
confidence/002989.png,4791
confidence/002990.png,4817
confidence/002991.png,4803
confidence/002992.png,4838
confidence/002993.png,4812
confidence/002994.png,4823
confidence/002995.png,4829
confidence/002996.png,4947
confidence/002997.png,5005
confidence/002998.png,4897
confidence/002999.png,4878
confidence/003000.png,4975
confidence/003001.png,4985
confidence/003002.png,4966
confidence/003003.png,5021
confidence/003004.png,4997
confidence/003005.png,5035
confidence/003006.png,5067
confidence/003007.png,5090
confidence/003008.png,4886
confidence/003009.png,4998
confidence/003010.png,5196
confidence/003011.png,5003
confidence/003012.png,5115
confidence/003013.png,5099
confidence/003014.png,5181
confidence/003015.png,5140
confidence/003016.png,5025
confidence/003017.png,5352
confidence/003018.png,5246
confidence/003019.png,5352
confidence/003020.png,5372
confidence/003021.png,5364
confidence/003022.png,5323
confidence/003023.png,5363
confidence/003024.png,5355
confidence/003025.png,5280
confidence/003026.png,5242
confidence/003027.png,5138
confidence/003028.png,5103
confidence/003029.png,5146
confidence/003030.png,5127
confidence/003031.png,5127
confidence/003032.png,4971
confidence/003033.png,5114
confidence/003034.png,5208
confidence/003035.png,5194
confidence/003036.png,5157
confidence/003037.png,5260
confidence/003038.png,5381
confidence/003039.png,5463
confidence/003040.png,5347
confidence/003041.png,5599
confidence/003042.png,5657
confidence/003043.png,5697
confidence/003044.png,5624
confidence/003045.png,5758
confidence/003046.png,5917
confidence/003047.png,5962
confidence/003048.png,5733
confidence/003049.png,5721
confidence/003050.png,5829
confidence/003051.png,5951
confidence/003052.png,5886
confidence/003053.png,6024
confidence/003054.png,6254
confidence/003055.png,6210
confidence/003056.png,6367
confidence/003057.png,6467
confidence/003058.png,6415
confidence/003059.png,6367
confidence/003060.png,6455
confidence/003061.png,6578
confidence/003062.png,6619
confidence/003063.png,6543
confidence/003064.png,6682
confidence/003065.png,6972
confidence/003066.png,6779
confidence/003067.png,6884
confidence/003068.png,6775
confidence/003069.png,6790
confidence/003070.png,6585
confidence/003071.png,6517
confidence/003072.png,6477
confidence/003073.png,6599
confidence/003074.png,6565
confidence/003075.png,6462
confidence/003076.png,6282
confidence/003077.png,6254
confidence/003078.png,6836
confidence/003079.png,6769
confidence/003080.png,6754
confidence/003081.png,6653
confidence/003082.png,6540
confidence/003083.png,6543
confidence/003084.png,6494
confidence/003085.png,6693
confidence/003086.png,6669
confidence/003087.png,6757
confidence/003088.png,6634
confidence/003089.png,6773
confidence/003090.png,6884
confidence/003091.png,6857
confidence/003092.png,6763
confidence/003093.png,6872
confidence/003094.png,6917
confidence/003095.png,6862
confidence/003096.png,6854
confidence/003097.png,6878
confidence/003098.png,7009
confidence/003099.png,6874
confidence/003100.png,6942
confidence/003101.png,6914
confidence/003102.png,6918
confidence/003103.png,6947
confidence/003104.png,6995
confidence/003105.png,7004
confidence/003106.png,6942
confidence/003107.png,7096
confidence/003108.png,6942
confidence/003109.png,6866
confidence/003110.png,6738
confidence/003111.png,6802
confidence/003112.png,6585
confidence/003113.png,6645
confidence/003114.png,6545
confidence/003115.png,6559
confidence/003116.png,6440
confidence/003117.png,6222
confidence/003118.png,6287
confidence/003119.png,6373
confidence/003120.png,6206
confidence/003121.png,6242
confidence/003122.png,6082
confidence/003123.png,6020
confidence/003124.png,5908
confidence/003125.png,5984
confidence/003126.png,5997
confidence/003127.png,5840
confidence/003128.png,5862
confidence/003129.png,5835
confidence/003130.png,5821
confidence/003131.png,5870
confidence/003132.png,5794
confidence/003133.png,5835
confidence/003134.png,5638
confidence/003135.png,5594
confidence/003136.png,5647
confidence/003137.png,5635
confidence/003138.png,5665
confidence/003139.png,5728
confidence/003140.png,5715
confidence/003141.png,5791
confidence/003142.png,5690
confidence/003143.png,5555
confidence/003144.png,5489
confidence/003145.png,5299
confidence/003146.png,5152
confidence/003147.png,5101
confidence/003148.png,4903
confidence/003149.png,4814
confidence/003150.png,4923
confidence/003151.png,4860
confidence/003152.png,4905
confidence/003153.png,4848
confidence/003154.png,5024
confidence/003155.png,4918
confidence/003156.png,4864
confidence/003157.png,4864
confidence/003158.png,4939
confidence/003159.png,4887
confidence/003160.png,5014
confidence/003161.png,4891
confidence/003162.png,5129
confidence/003163.png,4961
confidence/003164.png,5060
confidence/003165.png,4997
confidence/003166.png,5294
confidence/003167.png,5190
confidence/003168.png,5135
confidence/003169.png,5083
confidence/003170.png,5038
confidence/003171.png,5084
confidence/003172.png,4943
confidence/003173.png,5029
confidence/003174.png,4933
confidence/003175.png,4928
confidence/003176.png,4727
confidence/003177.png,4723
confidence/003178.png,4739
confidence/003179.png,4693
confidence/003180.png,4641
confidence/003181.png,4627
confidence/003182.png,4698
confidence/003183.png,4791
confidence/003184.png,4788
confidence/003185.png,4682
confidence/003186.png,4649
confidence/003187.png,4710
confidence/003188.png,4623
confidence/003189.png,4639
confidence/003190.png,4650
confidence/003191.png,4807
confidence/003192.png,4620
confidence/003193.png,4577
confidence/003194.png,4576
confidence/003195.png,4510
confidence/003196.png,4481
confidence/003197.png,4351
confidence/003198.png,4373
confidence/003199.png,4309
confidence/003200.png,4324
confidence/003201.png,4272
confidence/003202.png,4339
confidence/003203.png,4374
confidence/003204.png,4313
confidence/003205.png,4414
confidence/003206.png,4336
confidence/003207.png,4302
confidence/003208.png,4281
confidence/003209.png,4256
confidence/003210.png,4212
confidence/003211.png,4185
confidence/003212.png,4204
confidence/003213.png,4124
confidence/003214.png,4083
confidence/003215.png,4179
confidence/003216.png,4163
confidence/003217.png,4113
confidence/003218.png,3999
confidence/003219.png,3974
confidence/003220.png,4088
confidence/003221.png,4106
confidence/003222.png,4135
confidence/003223.png,3938
confidence/003224.png,4090
confidence/003225.png,4129
confidence/003226.png,4092
confidence/003227.png,4133
confidence/003228.png,4099
confidence/003229.png,4109
confidence/003230.png,4097
confidence/003231.png,4139
confidence/003232.png,4221
confidence/003233.png,4161
confidence/003234.png,4186
confidence/003235.png,4270
confidence/003236.png,4223
confidence/003237.png,4155
confidence/003238.png,4315
confidence/003239.png,4432
confidence/003240.png,4384
confidence/003241.png,4344
confidence/003242.png,4378
confidence/003243.png,4465
confidence/003244.png,4318
confidence/003245.png,4325
confidence/003246.png,4435
confidence/003247.png,4406
confidence/003248.png,4352
confidence/003249.png,4357
confidence/003250.png,4390
confidence/003251.png,4423
confidence/003252.png,4196
confidence/003253.png,4387
confidence/003254.png,4274
confidence/003255.png,4224
confidence/003256.png,4264
confidence/003257.png,4220
confidence/003258.png,4182
confidence/003259.png,4226
confidence/003260.png,4146
confidence/003261.png,4145
confidence/003262.png,4277
confidence/003263.png,4232
confidence/003264.png,4295
confidence/003265.png,4344
confidence/003266.png,4113
confidence/003267.png,4201
confidence/003268.png,4242
confidence/003269.png,4209
confidence/003270.png,4288
confidence/003271.png,4273
confidence/003272.png,4210
confidence/003273.png,4246
confidence/003274.png,4238
confidence/003275.png,4184
confidence/003276.png,4128
confidence/003277.png,4126
confidence/003278.png,4021
confidence/003279.png,4191
confidence/003280.png,4172
confidence/003281.png,4050
confidence/003282.png,4227
confidence/003283.png,4113
confidence/003284.png,4097
confidence/003285.png,4151
confidence/003286.png,4074
confidence/003287.png,4070
confidence/003288.png,4070
confidence/003289.png,4078
confidence/003290.png,4066
confidence/003291.png,4024
confidence/003292.png,4074
confidence/003293.png,4074
confidence/003294.png,4025
confidence/003295.png,4069
confidence/003296.png,4092
confidence/003297.png,4149
confidence/003298.png,4128
confidence/003299.png,4075
confidence/003300.png,4096
confidence/003301.png,4035
confidence/003302.png,4065
confidence/003303.png,3856
confidence/003304.png,4049
confidence/003305.png,4046
confidence/003306.png,4061
confidence/003307.png,4110
confidence/003308.png,4052
confidence/003309.png,4091
confidence/003310.png,4100
confidence/003311.png,4109
confidence/003312.png,4160
confidence/003313.png,4124
confidence/003314.png,4139
confidence/003315.png,4092
confidence/003316.png,4224
confidence/003317.png,4169
confidence/003318.png,4258
confidence/003319.png,4164
confidence/003320.png,4148
confidence/003321.png,4258
confidence/003322.png,4216
confidence/003323.png,4205
confidence/003324.png,4281
confidence/003325.png,4339
confidence/003326.png,4389
confidence/003327.png,4299
confidence/003328.png,4299
confidence/003329.png,4348
confidence/003330.png,4348
confidence/003331.png,4333
confidence/003332.png,4342
confidence/003333.png,4388
confidence/003334.png,4340
confidence/003335.png,4355
confidence/003336.png,4325
confidence/003337.png,4339
confidence/003338.png,4401
confidence/003339.png,4370
confidence/003340.png,4419
confidence/003341.png,4388
confidence/003342.png,4350
confidence/003343.png,4352
confidence/003344.png,4476
confidence/003345.png,4401
confidence/003346.png,4499
confidence/003347.png,4472
confidence/003348.png,4526
confidence/003349.png,4523
confidence/003350.png,4451
confidence/003351.png,4452
confidence/003352.png,4453
confidence/003353.png,4504
confidence/003354.png,4589
confidence/003355.png,4542
confidence/003356.png,4515
confidence/003357.png,4608
confidence/003358.png,4624
confidence/003359.png,4627
confidence/003360.png,4727
confidence/003361.png,4779
confidence/003362.png,4757
confidence/003363.png,4655
confidence/003364.png,4768
confidence/003365.png,4773
confidence/003366.png,5015
confidence/003367.png,4993
confidence/003368.png,5074
confidence/003369.png,5008
confidence/003370.png,4858
confidence/003371.png,5003
confidence/003372.png,5040
confidence/003373.png,5109
confidence/003374.png,5257
confidence/003375.png,5602
confidence/003376.png,5487
confidence/003377.png,5345
confidence/003378.png,5252
confidence/003379.png,5366
confidence/003380.png,5418
confidence/003381.png,5512
confidence/003382.png,5559
confidence/003383.png,5693
confidence/003384.png,5958
confidence/003385.png,5836
confidence/003386.png,5889
confidence/003387.png,6045
confidence/003388.png,6185
confidence/003389.png,6311
confidence/003390.png,6513
confidence/003391.png,6482
confidence/003392.png,6662
confidence/003393.png,6562
confidence/003394.png,6411
confidence/003395.png,6455
confidence/003396.png,6694
confidence/003397.png,6851
confidence/003398.png,6597
confidence/003399.png,6466
confidence/003400.png,6931
confidence/003401.png,7106
confidence/003402.png,6886
confidence/003403.png,6783
confidence/003404.png,6829
confidence/003405.png,6699
confidence/003406.png,6877
confidence/003407.png,6538
confidence/003408.png,6665
confidence/003409.png,6917
confidence/003410.png,6801
confidence/003411.png,7003
confidence/003412.png,6827
confidence/003413.png,6826
confidence/003414.png,6929
confidence/003415.png,6663
confidence/003416.png,6572
confidence/003417.png,6292
confidence/003418.png,6473
confidence/003419.png,6374
confidence/003420.png,6766
confidence/003421.png,6690
confidence/003422.png,6861
confidence/003423.png,6639
confidence/003424.png,6643
confidence/003425.png,6602
confidence/003426.png,6504
confidence/003427.png,6421
confidence/003428.png,6706
confidence/003429.png,6271
confidence/003430.png,6386
confidence/003431.png,6528
confidence/003432.png,6355
confidence/003433.png,6506
confidence/003434.png,6406
confidence/003435.png,6419
confidence/003436.png,6597
confidence/003437.png,6585
confidence/003438.png,6088
confidence/003439.png,6051
confidence/003440.png,5997
confidence/003441.png,5853
confidence/003442.png,6069
confidence/003443.png,5991
confidence/003444.png,5857
confidence/003445.png,5793
confidence/003446.png,5735
confidence/003447.png,5758
confidence/003448.png,5713
confidence/003449.png,5609
confidence/003450.png,5295
confidence/003451.png,5215
confidence/003452.png,5207
confidence/003453.png,4990
confidence/003454.png,5020
confidence/003455.png,5089
confidence/003456.png,4899
confidence/003457.png,4981
confidence/003458.png,4903
confidence/003459.png,4652
confidence/003460.png,4789
confidence/003461.png,4709
confidence/003462.png,4694
confidence/003463.png,4872
confidence/003464.png,4844
confidence/003465.png,4950
confidence/003466.png,4972
confidence/003467.png,5177
confidence/003468.png,5297
confidence/003469.png,5258
confidence/003470.png,5248
confidence/003471.png,5330
confidence/003472.png,5256
confidence/003473.png,5429
confidence/003474.png,5541
confidence/003475.png,5381
confidence/003476.png,5600
confidence/003477.png,5641
confidence/003478.png,5725
confidence/003479.png,5729
confidence/003480.png,5861
confidence/003481.png,5759
confidence/003482.png,6079
confidence/003483.png,5976
confidence/003484.png,5933
confidence/003485.png,6063
confidence/003486.png,6048
confidence/003487.png,5867
confidence/003488.png,5967
confidence/003489.png,5975
confidence/003490.png,5902
confidence/003491.png,6102
confidence/003492.png,6056
confidence/003493.png,5963
confidence/003494.png,6052
confidence/003495.png,6128
confidence/003496.png,6072
confidence/003497.png,5990
confidence/003498.png,6016
confidence/003499.png,5908
confidence/003500.png,5986
confidence/003501.png,5726
confidence/003502.png,5767
confidence/003503.png,5722
confidence/003504.png,5591
confidence/003505.png,5562
confidence/003506.png,5530
confidence/003507.png,5417
confidence/003508.png,5326
confidence/003509.png,5506
confidence/003510.png,5427
confidence/003511.png,5277
confidence/003512.png,5352
confidence/003513.png,5492
confidence/003514.png,5360
confidence/003515.png,5411
confidence/003516.png,5443
confidence/003517.png,5306
confidence/003518.png,5258
confidence/003519.png,5318
confidence/003520.png,5231
confidence/003521.png,5336
confidence/003522.png,5266
confidence/003523.png,5206
confidence/003524.png,5195
confidence/003525.png,5219
confidence/003526.png,5179
confidence/003527.png,5174
confidence/003528.png,5182
confidence/003529.png,5132
confidence/003530.png,5098
confidence/003531.png,5046
confidence/003532.png,5084
confidence/003533.png,5015
confidence/003534.png,4910
confidence/003535.png,4942
confidence/003536.png,4873
confidence/003537.png,4865
confidence/003538.png,4799
confidence/003539.png,4833
confidence/003540.png,4779
confidence/003541.png,4788
confidence/003542.png,4762
confidence/003543.png,4682
confidence/003544.png,4689
confidence/003545.png,4658
confidence/003546.png,4593
confidence/003547.png,4655
confidence/003548.png,4541
confidence/003549.png,4660
confidence/003550.png,4412
confidence/003551.png,4414
confidence/003552.png,4522
confidence/003553.png,4627
confidence/003554.png,4540
confidence/003555.png,4588
confidence/003556.png,4526
confidence/003557.png,4506
confidence/003558.png,4511
confidence/003559.png,4524
confidence/003560.png,4401
confidence/003561.png,4500
confidence/003562.png,4535
confidence/003563.png,4545
confidence/003564.png,4313
confidence/003565.png,4454
confidence/003566.png,4370
confidence/003567.png,4384
confidence/003568.png,4434
confidence/003569.png,4463
confidence/003570.png,4531
confidence/003571.png,4659
confidence/003572.png,4669
confidence/003573.png,4676
confidence/003574.png,4698
confidence/003575.png,4667
confidence/003576.png,4612
confidence/003577.png,4645
confidence/003578.png,4643
confidence/003579.png,4781
confidence/003580.png,4980
confidence/003581.png,5146
confidence/003582.png,5020
confidence/003583.png,5107
confidence/003584.png,4963
confidence/003585.png,5104
confidence/003586.png,4994
confidence/003587.png,5043
confidence/003588.png,4968
confidence/003589.png,5010
confidence/003590.png,4891
confidence/003591.png,5028
confidence/003592.png,4865
confidence/003593.png,4894
confidence/003594.png,4878
confidence/003595.png,4645
confidence/003596.png,4597
confidence/003597.png,4590
confidence/003598.png,4565
confidence/003599.png,4362
confidence/003600.png,4299
confidence/003601.png,4389
confidence/003602.png,4489
confidence/003603.png,4359
confidence/003604.png,4364
confidence/003605.png,4471
confidence/003606.png,4462
confidence/003607.png,4408
confidence/003608.png,4373
confidence/003609.png,4357
confidence/003610.png,4458
confidence/003611.png,4404
confidence/003612.png,4449
confidence/003613.png,4389
confidence/003614.png,4376
confidence/003615.png,4327
confidence/003616.png,4439
confidence/003617.png,4440
confidence/003618.png,4465
confidence/003619.png,4456
confidence/003620.png,4558
confidence/003621.png,4405
confidence/003622.png,4492
confidence/003623.png,4384
confidence/003624.png,4438
confidence/003625.png,4468
confidence/003626.png,4393
confidence/003627.png,4401
confidence/003628.png,4451
confidence/003629.png,4501
confidence/003630.png,4359
confidence/003631.png,4416
confidence/003632.png,4417
confidence/003633.png,4416
confidence/003634.png,4518
confidence/003635.png,4387
confidence/003636.png,4294
confidence/003637.png,4197
confidence/003638.png,4096
confidence/003639.png,4079
confidence/003640.png,4069
confidence/003641.png,4017
confidence/003642.png,4096
confidence/003643.png,4131
confidence/003644.png,4043
confidence/003645.png,4089
confidence/003646.png,4094
confidence/003647.png,3957
confidence/003648.png,4005
confidence/003649.png,3933
confidence/003650.png,4100
confidence/003651.png,4059
confidence/003652.png,3990
confidence/003653.png,4196
confidence/003654.png,3994
confidence/003655.png,3997
confidence/003656.png,4137
confidence/003657.png,3925
confidence/003658.png,4158
confidence/003659.png,3880
confidence/003660.png,3954
confidence/003661.png,4062
confidence/003662.png,3956
confidence/003663.png,4075
confidence/003664.png,4040
confidence/003665.png,3966
confidence/003666.png,3949
confidence/003667.png,4025
confidence/003668.png,4051
confidence/003669.png,3951
confidence/003670.png,4063
confidence/003671.png,3957
confidence/003672.png,3950
confidence/003673.png,3930
confidence/003674.png,3989
confidence/003675.png,3965
confidence/003676.png,4099
confidence/003677.png,4058
confidence/003678.png,3840
confidence/003679.png,4159
confidence/003680.png,4050
confidence/003681.png,4125
confidence/003682.png,4307
confidence/003683.png,4079
confidence/003684.png,4022
confidence/003685.png,4258
confidence/003686.png,4118
confidence/003687.png,4007
confidence/003688.png,4228
confidence/003689.png,4249
confidence/003690.png,4304
confidence/003691.png,4443
confidence/003692.png,4504
confidence/003693.png,4541
confidence/003694.png,4501
confidence/003695.png,4593
confidence/003696.png,4498
confidence/003697.png,4525
confidence/003698.png,4639
confidence/003699.png,4880
confidence/003700.png,4932
confidence/003701.png,5062
confidence/003702.png,4962
confidence/003703.png,4980
confidence/003704.png,5008
confidence/003705.png,5121
confidence/003706.png,5044
confidence/003707.png,5097
confidence/003708.png,5083
confidence/003709.png,5124
confidence/003710.png,5229
confidence/003711.png,5235
confidence/003712.png,5142
confidence/003713.png,5047
confidence/003714.png,5180
confidence/003715.png,5243
confidence/003716.png,5245
confidence/003717.png,5256
confidence/003718.png,5276
confidence/003719.png,5206
confidence/003720.png,5251
confidence/003721.png,5157
confidence/003722.png,5216
confidence/003723.png,5340
confidence/003724.png,5479
confidence/003725.png,5289
confidence/003726.png,5388
confidence/003727.png,5488
confidence/003728.png,5418
confidence/003729.png,5508
confidence/003730.png,5381
confidence/003731.png,5236
confidence/003732.png,5228
confidence/003733.png,5400
confidence/003734.png,5206
confidence/003735.png,5341
confidence/003736.png,5470
confidence/003737.png,5440
confidence/003738.png,5718
confidence/003739.png,5597
confidence/003740.png,5612
confidence/003741.png,5802
confidence/003742.png,5747
confidence/003743.png,5763
confidence/003744.png,5767
confidence/003745.png,5775
confidence/003746.png,5915
confidence/003747.png,5995
confidence/003748.png,5887
confidence/003749.png,5920
confidence/003750.png,5971
confidence/003751.png,5943
confidence/003752.png,5934
confidence/003753.png,6028
confidence/003754.png,6015
confidence/003755.png,6023
confidence/003756.png,6018
confidence/003757.png,5996
confidence/003758.png,6077
confidence/003759.png,6086
confidence/003760.png,6096
confidence/003761.png,6031
confidence/003762.png,6031
confidence/003763.png,5997
confidence/003764.png,6047
confidence/003765.png,6094
confidence/003766.png,5793
confidence/003767.png,5808
confidence/003768.png,5746
confidence/003769.png,5708
confidence/003770.png,5727
confidence/003771.png,5610
confidence/003772.png,5601
confidence/003773.png,5676
confidence/003774.png,5639
confidence/003775.png,5703
confidence/003776.png,5820
confidence/003777.png,5574
confidence/003778.png,5567
confidence/003779.png,5587
confidence/003780.png,5634
confidence/003781.png,5788
confidence/003782.png,5809
confidence/003783.png,5648
confidence/003784.png,5652
confidence/003785.png,5860
confidence/003786.png,5668
confidence/003787.png,5700
confidence/003788.png,5869
confidence/003789.png,5779
confidence/003790.png,5717
confidence/003791.png,5773
confidence/003792.png,5992
confidence/003793.png,5782
confidence/003794.png,5707
confidence/003795.png,5772
confidence/003796.png,5677
confidence/003797.png,5482
confidence/003798.png,5493
confidence/003799.png,5432
confidence/003800.png,5267
confidence/003801.png,5279
confidence/003802.png,5395
confidence/003803.png,5575
confidence/003804.png,5243
confidence/003805.png,5350
confidence/003806.png,5271
confidence/003807.png,5196
confidence/003808.png,5080
confidence/003809.png,5095
confidence/003810.png,5178
confidence/003811.png,5123
confidence/003812.png,4997
confidence/003813.png,4763
confidence/003814.png,4833
confidence/003815.png,4668
confidence/003816.png,4716
confidence/003817.png,4627
confidence/003818.png,4690
confidence/003819.png,4632
confidence/003820.png,4429
confidence/003821.png,4416
confidence/003822.png,4321
confidence/003823.png,4224
confidence/003824.png,4200
confidence/003825.png,4187
confidence/003826.png,4277
confidence/003827.png,4259
confidence/003828.png,4255
confidence/003829.png,4253
confidence/003830.png,4243
confidence/003831.png,4284
confidence/003832.png,4258
confidence/003833.png,4332
confidence/003834.png,4354
confidence/003835.png,4160
confidence/003836.png,4229
confidence/003837.png,4230
confidence/003838.png,4354
confidence/003839.png,4429
confidence/003840.png,4451
confidence/003841.png,4542
confidence/003842.png,4426
confidence/003843.png,4477
confidence/003844.png,4649
confidence/003845.png,4608
confidence/003846.png,4552
confidence/003847.png,4386
confidence/003848.png,4455
confidence/003849.png,4474
confidence/003850.png,4657
confidence/003851.png,4666
confidence/003852.png,4844
confidence/003853.png,4854
confidence/003854.png,4888
confidence/003855.png,4866
confidence/003856.png,5024
confidence/003857.png,5063
confidence/003858.png,5193
confidence/003859.png,5216
confidence/003860.png,5171
confidence/003861.png,5305
confidence/003862.png,5294
confidence/003863.png,5213
confidence/003864.png,5322
confidence/003865.png,5265
confidence/003866.png,5288
confidence/003867.png,5351
confidence/003868.png,5560
confidence/003869.png,5614
confidence/003870.png,5522
confidence/003871.png,5539
confidence/003872.png,5507
confidence/003873.png,5665
confidence/003874.png,5503
confidence/003875.png,5561
confidence/003876.png,5536
confidence/003877.png,5721
confidence/003878.png,5747
confidence/003879.png,5828
confidence/003880.png,5670
confidence/003881.png,5851
confidence/003882.png,5779
confidence/003883.png,5639
confidence/003884.png,5800
confidence/003885.png,5848
confidence/003886.png,5814
confidence/003887.png,5664
confidence/003888.png,5716
confidence/003889.png,5641
confidence/003890.png,5720
confidence/003891.png,5794
confidence/003892.png,5793
confidence/003893.png,5721
confidence/003894.png,5740
confidence/003895.png,5936
confidence/003896.png,5918
confidence/003897.png,5963
confidence/003898.png,5805
confidence/003899.png,5863
confidence/003900.png,5921
confidence/003901.png,5941
confidence/003902.png,5906
confidence/003903.png,5862
confidence/003904.png,5976
confidence/003905.png,5995
confidence/003906.png,6168
confidence/003907.png,6117
confidence/003908.png,6267
confidence/003909.png,6312
confidence/003910.png,6219
confidence/003911.png,6305
confidence/003912.png,6357
confidence/003913.png,6456
confidence/003914.png,6345
confidence/003915.png,6524
confidence/003916.png,6379
confidence/003917.png,6493
confidence/003918.png,6576
confidence/003919.png,6831
confidence/003920.png,6946
confidence/003921.png,6865
confidence/003922.png,6869
confidence/003923.png,6943
confidence/003924.png,6765
confidence/003925.png,6840
confidence/003926.png,6960
confidence/003927.png,6937
confidence/003928.png,6973
confidence/003929.png,6729
confidence/003930.png,6807
confidence/003931.png,6773
confidence/003932.png,6938
confidence/003933.png,6817
confidence/003934.png,6951
confidence/003935.png,6977
confidence/003936.png,6749
confidence/003937.png,6917
confidence/003938.png,6847
confidence/003939.png,6747
confidence/003940.png,6791
confidence/003941.png,6756
confidence/003942.png,6926
confidence/003943.png,6431
confidence/003944.png,6433
confidence/003945.png,6418
confidence/003946.png,6448
confidence/003947.png,6778
confidence/003948.png,6726
confidence/003949.png,6841
confidence/003950.png,6584
confidence/003951.png,6599
confidence/003952.png,6418
confidence/003953.png,6607
confidence/003954.png,6649
confidence/003955.png,6707
confidence/003956.png,6507
confidence/003957.png,6304
confidence/003958.png,6159
confidence/003959.png,6374
confidence/003960.png,6275
confidence/003961.png,5998
confidence/003962.png,6188
confidence/003963.png,6224
confidence/003964.png,6128
confidence/003965.png,6333
confidence/003966.png,6296
confidence/003967.png,6275
confidence/003968.png,6210
confidence/003969.png,6191
confidence/003970.png,6157
confidence/003971.png,6137
confidence/003972.png,6405
confidence/003973.png,5973
confidence/003974.png,6025
confidence/003975.png,5945
confidence/003976.png,6155
confidence/003977.png,6391
confidence/003978.png,6187
confidence/003979.png,6023
confidence/003980.png,6153
confidence/003981.png,6304
confidence/003982.png,6214
confidence/003983.png,6423
confidence/003984.png,6569
confidence/003985.png,6591
confidence/003986.png,6184
confidence/003987.png,6365
confidence/003988.png,6187
confidence/003989.png,6188
confidence/003990.png,6228
confidence/003991.png,6038
confidence/003992.png,6283
confidence/003993.png,6289
confidence/003994.png,6089
confidence/003995.png,6251
confidence/003996.png,6152
confidence/003997.png,6230
confidence/003998.png,6192
confidence/003999.png,6335
confidence/004000.png,6207
confidence/004001.png,6072
confidence/004002.png,6278
confidence/004003.png,5969
confidence/004004.png,6065
confidence/004005.png,6110
confidence/004006.png,5964
confidence/004007.png,5834
confidence/004008.png,5902
confidence/004009.png,5883
confidence/004010.png,5876
confidence/004011.png,5815
confidence/004012.png,5644
confidence/004013.png,5530
confidence/004014.png,5534
confidence/004015.png,5872
confidence/004016.png,5865
confidence/004017.png,5802
confidence/004018.png,5739
confidence/004019.png,5776
confidence/004020.png,5698
confidence/004021.png,5839
confidence/004022.png,5722
confidence/004023.png,5624
confidence/004024.png,5837
confidence/004025.png,5805
confidence/004026.png,5951
confidence/004027.png,5960
confidence/004028.png,5808
confidence/004029.png,5815
confidence/004030.png,5772
confidence/004031.png,5847
confidence/004032.png,5894
confidence/004033.png,5996
confidence/004034.png,6052
confidence/004035.png,5911
confidence/004036.png,5850
confidence/004037.png,5691
confidence/004038.png,5867
confidence/004039.png,5700
confidence/004040.png,5586
confidence/004041.png,5638
confidence/004042.png,5871
confidence/004043.png,5678
confidence/004044.png,5791
confidence/004045.png,5947
confidence/004046.png,5922
confidence/004047.png,6050
confidence/004048.png,5710
confidence/004049.png,5691
confidence/004050.png,5548
confidence/004051.png,5429
confidence/004052.png,5735
confidence/004053.png,5542
confidence/004054.png,5627
confidence/004055.png,5714
confidence/004056.png,5646
confidence/004057.png,6006
confidence/004058.png,5902
confidence/004059.png,5933
confidence/004060.png,5951
confidence/004061.png,5963
confidence/004062.png,5921
confidence/004063.png,5887
confidence/004064.png,5875
confidence/004065.png,5882
confidence/004066.png,6016
confidence/004067.png,5992
confidence/004068.png,6091
confidence/004069.png,6057
confidence/004070.png,5921
confidence/004071.png,5887
confidence/004072.png,5978
confidence/004073.png,6193
confidence/004074.png,6175
confidence/004075.png,6119
confidence/004076.png,6326
confidence/004077.png,6267
confidence/004078.png,6188
confidence/004079.png,6378
confidence/004080.png,6382
confidence/004081.png,6343
confidence/004082.png,6018
confidence/004083.png,5714
confidence/004084.png,5792
confidence/004085.png,5895
confidence/004086.png,5924
confidence/004087.png,5899
confidence/004088.png,6019
confidence/004089.png,6086
confidence/004090.png,6216
confidence/004091.png,5905
confidence/004092.png,5832
confidence/004093.png,5822
confidence/004094.png,5843
confidence/004095.png,5982
confidence/004096.png,5932
confidence/004097.png,6024
confidence/004098.png,6043
confidence/004099.png,6155
confidence/004100.png,6241
confidence/004101.png,6275
confidence/004102.png,6498
confidence/004103.png,6319
confidence/004104.png,6192
confidence/004105.png,6208
confidence/004106.png,6218
confidence/004107.png,6168
confidence/004108.png,6155
confidence/004109.png,6238
confidence/004110.png,6128
confidence/004111.png,6146
confidence/004112.png,6511
confidence/004113.png,6548
confidence/004114.png,6485
confidence/004115.png,6768
confidence/004116.png,6705
confidence/004117.png,6443
confidence/004118.png,6350
confidence/004119.png,6543
confidence/004120.png,6413
confidence/004121.png,6714
confidence/004122.png,6877
confidence/004123.png,6828
confidence/004124.png,6747
confidence/004125.png,6617
confidence/004126.png,6515
confidence/004127.png,6688
confidence/004128.png,6861
confidence/004129.png,6723
confidence/004130.png,6859
confidence/004131.png,6724
confidence/004132.png,6863
confidence/004133.png,6669
confidence/004134.png,6531
confidence/004135.png,6301
confidence/004136.png,6316
confidence/004137.png,6526
confidence/004138.png,6554
confidence/004139.png,6449
confidence/004140.png,6477
confidence/004141.png,6336
confidence/004142.png,6611
confidence/004143.png,6546
confidence/004144.png,6615
confidence/004145.png,6504
confidence/004146.png,6882
confidence/004147.png,6575
confidence/004148.png,6546
confidence/004149.png,6273
confidence/004150.png,6374
confidence/004151.png,6186
confidence/004152.png,6372
confidence/004153.png,6300
confidence/004154.png,6434
confidence/004155.png,6477
confidence/004156.png,6598
confidence/004157.png,6457
confidence/004158.png,6586
confidence/004159.png,6421
confidence/004160.png,6248
confidence/004161.png,6347
confidence/004162.png,6252
confidence/004163.png,6371
confidence/004164.png,6293
confidence/004165.png,6259
confidence/004166.png,6336
confidence/004167.png,6244
confidence/004168.png,6295
confidence/004169.png,6387
confidence/004170.png,6552
confidence/004171.png,6454
confidence/004172.png,6513
confidence/004173.png,6495
confidence/004174.png,6259
confidence/004175.png,6353
confidence/004176.png,6530
confidence/004177.png,6639
confidence/004178.png,6386
confidence/004179.png,6454
confidence/004180.png,6385
confidence/004181.png,6320
confidence/004182.png,6038
confidence/004183.png,6240
confidence/004184.png,6202
confidence/004185.png,6308
confidence/004186.png,6261
confidence/004187.png,6367
confidence/004188.png,6327
confidence/004189.png,6339
confidence/004190.png,6026
confidence/004191.png,6282
confidence/004192.png,6174
confidence/004193.png,6298
confidence/004194.png,6247
confidence/004195.png,6404
confidence/004196.png,6480
confidence/004197.png,6152
confidence/004198.png,6297
confidence/004199.png,6492
confidence/004200.png,6441
confidence/004201.png,6096
confidence/004202.png,6068
confidence/004203.png,6113
confidence/004204.png,5924
confidence/004205.png,5723
confidence/004206.png,5755
confidence/004207.png,5753
confidence/004208.png,5857
confidence/004209.png,5711
confidence/004210.png,5544
confidence/004211.png,5668
confidence/004212.png,5419
confidence/004213.png,5494
confidence/004214.png,4951
confidence/004215.png,5264
confidence/004216.png,5163
confidence/004217.png,5179
confidence/004218.png,5335
confidence/004219.png,5383
confidence/004220.png,5297
confidence/004221.png,4715
confidence/004222.png,5049
confidence/004223.png,5366
confidence/004224.png,5217
confidence/004225.png,4927
confidence/004226.png,4822
confidence/004227.png,4846
confidence/004228.png,4748
confidence/004229.png,4666
confidence/004230.png,4598
confidence/004231.png,4670
confidence/004232.png,4762
confidence/004233.png,4809
confidence/004234.png,4637
confidence/004235.png,4834
confidence/004236.png,4631
confidence/004237.png,4558
confidence/004238.png,4912
confidence/004239.png,5042
confidence/004240.png,4912
confidence/004241.png,4878
confidence/004242.png,4798
confidence/004243.png,4994
confidence/004244.png,4916
confidence/004245.png,5389
confidence/004246.png,5371
confidence/004247.png,5563
confidence/004248.png,5643
confidence/004249.png,5508
confidence/004250.png,5752
confidence/004251.png,5778
confidence/004252.png,6202
confidence/004253.png,6414
confidence/004254.png,6224
confidence/004255.png,6241
confidence/004256.png,5757
confidence/004257.png,6161
confidence/004258.png,6668
confidence/004259.png,6391
confidence/004260.png,6661
confidence/004261.png,6562
confidence/004262.png,6103
confidence/004263.png,6096
confidence/004264.png,6469
confidence/004265.png,6522
confidence/004266.png,6476
confidence/004267.png,6755
confidence/004268.png,7033
confidence/004269.png,7419
confidence/004270.png,7039
confidence/004271.png,6717
confidence/004272.png,7221
confidence/004273.png,6577
confidence/004274.png,6271
confidence/004275.png,5728
confidence/004276.png,5856
confidence/004277.png,5620
confidence/004278.png,5537
confidence/004279.png,5709
confidence/004280.png,5410
confidence/004281.png,5404
confidence/004282.png,5766
confidence/004283.png,5566
confidence/004284.png,5420
confidence/004285.png,5476
confidence/004286.png,5628
confidence/004287.png,5357
confidence/004288.png,5288
confidence/004289.png,5053
confidence/004290.png,5045
confidence/004291.png,5183
confidence/004292.png,5082
confidence/004293.png,4778
confidence/004294.png,4635
confidence/004295.png,4585
confidence/004296.png,4837
confidence/004297.png,4618
confidence/004298.png,4576
confidence/004299.png,4454
confidence/004300.png,4566
confidence/004301.png,4535
confidence/004302.png,4697
confidence/004303.png,4733
confidence/004304.png,4760
confidence/004305.png,4502
confidence/004306.png,4834
confidence/004307.png,4886
confidence/004308.png,4888
confidence/004309.png,4857
confidence/004310.png,4710
confidence/004311.png,4899
confidence/004312.png,5014
confidence/004313.png,5035
confidence/004314.png,4861
confidence/004315.png,5107
confidence/004316.png,4918
confidence/004317.png,5050
confidence/004318.png,5088
confidence/004319.png,4895
confidence/004320.png,4964
confidence/004321.png,5046
confidence/004322.png,4901
confidence/004323.png,4789
confidence/004324.png,5157
confidence/004325.png,4974
confidence/004326.png,4993
confidence/004327.png,4763
confidence/004328.png,4780
confidence/004329.png,4955
confidence/004330.png,4935
confidence/004331.png,4935
confidence/004332.png,4827
confidence/004333.png,4823
confidence/004334.png,4908
confidence/004335.png,4987
confidence/004336.png,4988
confidence/004337.png,4792
confidence/004338.png,4970
confidence/004339.png,4966
confidence/004340.png,4807
confidence/004341.png,4910
confidence/004342.png,4941
confidence/004343.png,4780
confidence/004344.png,5017
confidence/004345.png,4834
confidence/004346.png,5021
confidence/004347.png,4872
confidence/004348.png,5057
confidence/004349.png,5009
confidence/004350.png,4938
confidence/004351.png,5021
confidence/004352.png,4916
confidence/004353.png,4882
confidence/004354.png,5084
confidence/004355.png,4893
confidence/004356.png,4853
confidence/004357.png,4854
confidence/004358.png,5033
confidence/004359.png,5097
confidence/004360.png,4934
confidence/004361.png,4980
confidence/004362.png,4895
confidence/004363.png,5006
confidence/004364.png,4830
confidence/004365.png,4833
confidence/004366.png,4933
confidence/004367.png,4885
confidence/004368.png,4828
confidence/004369.png,4900
confidence/004370.png,5074
confidence/004371.png,4947
confidence/004372.png,4955
confidence/004373.png,4804
confidence/004374.png,4924
confidence/004375.png,4831
confidence/004376.png,4895
confidence/004377.png,4872
confidence/004378.png,4814
confidence/004379.png,4761
confidence/004380.png,4859
confidence/004381.png,4831
confidence/004382.png,4822
confidence/004383.png,4833
confidence/004384.png,4757
confidence/004385.png,4828
confidence/004386.png,4777
confidence/004387.png,4748
confidence/004388.png,4863
confidence/004389.png,4939
confidence/004390.png,4894
confidence/004391.png,4822
confidence/004392.png,4830
confidence/004393.png,4691
confidence/004394.png,4851
confidence/004395.png,4756
confidence/004396.png,4719
confidence/004397.png,4718
confidence/004398.png,4663
confidence/004399.png,4906
confidence/004400.png,4792
confidence/004401.png,4850
confidence/004402.png,4836
confidence/004403.png,4815
confidence/004404.png,4832
confidence/004405.png,4795
confidence/004406.png,4957
confidence/004407.png,4873
confidence/004408.png,4840
confidence/004409.png,4791
confidence/004410.png,4734
confidence/004411.png,4722
confidence/004412.png,4754
confidence/004413.png,4739
confidence/004414.png,4729
confidence/004415.png,4646
confidence/004416.png,4647
confidence/004417.png,4607
confidence/004418.png,4642
confidence/004419.png,4548
confidence/004420.png,4555
confidence/004421.png,4441
confidence/004422.png,4373
confidence/004423.png,4367
confidence/004424.png,4385
confidence/004425.png,4345
confidence/004426.png,4259
confidence/004427.png,4229
confidence/004428.png,4225
confidence/004429.png,4163
confidence/004430.png,4158
confidence/004431.png,4173
confidence/004432.png,4152
confidence/004433.png,4097
confidence/004434.png,4075
confidence/004435.png,4074
confidence/004436.png,4066
confidence/004437.png,4034
confidence/004438.png,4031
confidence/004439.png,4026
confidence/004440.png,4014
confidence/004441.png,4015
confidence/004442.png,4035
confidence/004443.png,4021
confidence/004444.png,4041
confidence/004445.png,4041
confidence/004446.png,4039
confidence/004447.png,4023
confidence/004448.png,4041
confidence/004449.png,3991
confidence/004450.png,4042
confidence/004451.png,4014
confidence/004452.png,4026
confidence/004453.png,4023
confidence/004454.png,4027
confidence/004455.png,4027
confidence/004456.png,4031
confidence/004457.png,4028
confidence/004458.png,4031
confidence/004459.png,4030
confidence/004460.png,4034
confidence/004461.png,4030
confidence/004462.png,4038
confidence/004463.png,4036
confidence/004464.png,4031
confidence/004465.png,4030
confidence/004466.png,4035
confidence/004467.png,4032
confidence/004468.png,4034
confidence/004469.png,4033
confidence/004470.png,4044
confidence/004471.png,4042
confidence/004472.png,4048
confidence/004473.png,4017
confidence/004474.png,3980
confidence/004475.png,4043
confidence/004476.png,4060
confidence/004477.png,4034
confidence/004478.png,4055
confidence/004479.png,3997
confidence/004480.png,4069
confidence/004481.png,4075
confidence/004482.png,4147
confidence/004483.png,4169
confidence/004484.png,4106
confidence/004485.png,4106
confidence/004486.png,4214
confidence/004487.png,4123
confidence/004488.png,4094
confidence/004489.png,4132
confidence/004490.png,4153
confidence/004491.png,4204
confidence/004492.png,4252
confidence/004493.png,4428
confidence/004494.png,4302
confidence/004495.png,4383
confidence/004496.png,4400
confidence/004497.png,4531
confidence/004498.png,4553
confidence/004499.png,4570
confidence/004500.png,4633
confidence/004501.png,4506
confidence/004502.png,4488
confidence/004503.png,4495
confidence/004504.png,4581
confidence/004505.png,4592
confidence/004506.png,4477
confidence/004507.png,4447
confidence/004508.png,4549
confidence/004509.png,4481
confidence/004510.png,4339
confidence/004511.png,4389
confidence/004512.png,4378
confidence/004513.png,4430
confidence/004514.png,4537
confidence/004515.png,4400
confidence/004516.png,4415
confidence/004517.png,4371
confidence/004518.png,4399
confidence/004519.png,4313
confidence/004520.png,4399
confidence/004521.png,4328
confidence/004522.png,4370
confidence/004523.png,4339
confidence/004524.png,4304
confidence/004525.png,4309
confidence/004526.png,4319
confidence/004527.png,4309
confidence/004528.png,4355
confidence/004529.png,4399
confidence/004530.png,4403
confidence/004531.png,4337
confidence/004532.png,4410
confidence/004533.png,4369
confidence/004534.png,4360
confidence/004535.png,4353
confidence/004536.png,4366
confidence/004537.png,4365
confidence/004538.png,4408
confidence/004539.png,4373
confidence/004540.png,4393
confidence/004541.png,4423
confidence/004542.png,4429
confidence/004543.png,4379
confidence/004544.png,4427
confidence/004545.png,4320
confidence/004546.png,4405
confidence/004547.png,4371
confidence/004548.png,4287
confidence/004549.png,4465
confidence/004550.png,4362
confidence/004551.png,4388
confidence/004552.png,4247
confidence/004553.png,4343
confidence/004554.png,4429
confidence/004555.png,4441
confidence/004556.png,4359
confidence/004557.png,4380
confidence/004558.png,4279
confidence/004559.png,4361
confidence/004560.png,4443
confidence/004561.png,4317
confidence/004562.png,4377
confidence/004563.png,4393
confidence/004564.png,4248
confidence/004565.png,4390
confidence/004566.png,4243
confidence/004567.png,4378
confidence/004568.png,4389
confidence/004569.png,4239
confidence/004570.png,4375
confidence/004571.png,4440
confidence/004572.png,4252
confidence/004573.png,4219
confidence/004574.png,4369
confidence/004575.png,4270
confidence/004576.png,4342
confidence/004577.png,4251
confidence/004578.png,4243
confidence/004579.png,4210
confidence/004580.png,4251
confidence/004581.png,4340
confidence/004582.png,4470
confidence/004583.png,4495
confidence/004584.png,4521
confidence/004585.png,4524
confidence/004586.png,4522
confidence/004587.png,4433
confidence/004588.png,4286
confidence/004589.png,4400
confidence/004590.png,4370
confidence/004591.png,4379
confidence/004592.png,4380
confidence/004593.png,4383
confidence/004594.png,4294
confidence/004595.png,4231
confidence/004596.png,4404
confidence/004597.png,4234
confidence/004598.png,4367
confidence/004599.png,4294
confidence/004600.png,4272
confidence/004601.png,4364
confidence/004602.png,4337
confidence/004603.png,4336
confidence/004604.png,4357
confidence/004605.png,4337
confidence/004606.png,4362
confidence/004607.png,4341
confidence/004608.png,4367
confidence/004609.png,4368
confidence/004610.png,4359
confidence/004611.png,4375
confidence/004612.png,4375
confidence/004613.png,4377
confidence/004614.png,4298
confidence/004615.png,4330
confidence/004616.png,4305
confidence/004617.png,4333
confidence/004618.png,4308
confidence/004619.png,4312
confidence/004620.png,4352
confidence/004621.png,4371
confidence/004622.png,4357
confidence/004623.png,4355
confidence/004624.png,4365
confidence/004625.png,4369
confidence/004626.png,4422
confidence/004627.png,4399
confidence/004628.png,4378
confidence/004629.png,4411
confidence/004630.png,4368
confidence/004631.png,4372
confidence/004632.png,4370
confidence/004633.png,4364
confidence/004634.png,4330
confidence/004635.png,4344
confidence/004636.png,4326
confidence/004637.png,4332
confidence/004638.png,4332
confidence/004639.png,4273
confidence/004640.png,4288
confidence/004641.png,4287
confidence/004642.png,4285
confidence/004643.png,4285
confidence/004644.png,4248
confidence/004645.png,4284
confidence/004646.png,4306
confidence/004647.png,4263
confidence/004648.png,4254
confidence/004649.png,4289
confidence/004650.png,4269
confidence/004651.png,4276
confidence/004652.png,4307
confidence/004653.png,4264
confidence/004654.png,4258
confidence/004655.png,4268
confidence/004656.png,4274
confidence/004657.png,4272
confidence/004658.png,4303
confidence/004659.png,4337
confidence/004660.png,4256
confidence/004661.png,4271
confidence/004662.png,4296
confidence/004663.png,4311
confidence/004664.png,4367
confidence/004665.png,4324
confidence/004666.png,4333
confidence/004667.png,4256
confidence/004668.png,4200
confidence/004669.png,4145
confidence/004670.png,4270
confidence/004671.png,4294
confidence/004672.png,4225
confidence/004673.png,4294
confidence/004674.png,4258
confidence/004675.png,4301
confidence/004676.png,4369
confidence/004677.png,4203
confidence/004678.png,4361
confidence/004679.png,4469
confidence/004680.png,4471
confidence/004681.png,4415
confidence/004682.png,4459
confidence/004683.png,4549
confidence/004684.png,4587
confidence/004685.png,4697
confidence/004686.png,4703
confidence/004687.png,4720
confidence/004688.png,4758
confidence/004689.png,4796
confidence/004690.png,4749
confidence/004691.png,4823
confidence/004692.png,4752
confidence/004693.png,4767
confidence/004694.png,4853
confidence/004695.png,4857
confidence/004696.png,4707
confidence/004697.png,4729
confidence/004698.png,4722
confidence/004699.png,4791
confidence/004700.png,4762
confidence/004701.png,4783
confidence/004702.png,4716
confidence/004703.png,4646
confidence/004704.png,4648
confidence/004705.png,4537
confidence/004706.png,4593
confidence/004707.png,4508
confidence/004708.png,4471
confidence/004709.png,4493
confidence/004710.png,4548
confidence/004711.png,4465
confidence/004712.png,4472
confidence/004713.png,4436
confidence/004714.png,4483
confidence/004715.png,4389
confidence/004716.png,4494
confidence/004717.png,4432
confidence/004718.png,4520
confidence/004719.png,4476
confidence/004720.png,4497
confidence/004721.png,4471
confidence/004722.png,4536
confidence/004723.png,4583
confidence/004724.png,4560
confidence/004725.png,4508
confidence/004726.png,4520
confidence/004727.png,4575
confidence/004728.png,4673
confidence/004729.png,4543
confidence/004730.png,4657
confidence/004731.png,4800
confidence/004732.png,4782
confidence/004733.png,4819
confidence/004734.png,4799
confidence/004735.png,4904
confidence/004736.png,4898
confidence/004737.png,4816
confidence/004738.png,4741
confidence/004739.png,4987
confidence/004740.png,5029
confidence/004741.png,5162
confidence/004742.png,5161
confidence/004743.png,5011
confidence/004744.png,5040
confidence/004745.png,5269
confidence/004746.png,5209
confidence/004747.png,5334
confidence/004748.png,5400
confidence/004749.png,5331
confidence/004750.png,5553
confidence/004751.png,5511
confidence/004752.png,5443
confidence/004753.png,5603
confidence/004754.png,5472
confidence/004755.png,5589
confidence/004756.png,5782
confidence/004757.png,5549
confidence/004758.png,5422
confidence/004759.png,5398
confidence/004760.png,5206
confidence/004761.png,5019
confidence/004762.png,5050
confidence/004763.png,4835
confidence/004764.png,4764
confidence/004765.png,4735
confidence/004766.png,4782
confidence/004767.png,4711
confidence/004768.png,4642
confidence/004769.png,4739
confidence/004770.png,4702
confidence/004771.png,4748
confidence/004772.png,4993
confidence/004773.png,4885
confidence/004774.png,4810
confidence/004775.png,4828
confidence/004776.png,4823
confidence/004777.png,4817
confidence/004778.png,4814
confidence/004779.png,4750
confidence/004780.png,4838
confidence/004781.png,4669
confidence/004782.png,4689
confidence/004783.png,4787
confidence/004784.png,4792
confidence/004785.png,4673
confidence/004786.png,4745
confidence/004787.png,4984
confidence/004788.png,4970
confidence/004789.png,4971
confidence/004790.png,4962
confidence/004791.png,5053
confidence/004792.png,4996
confidence/004793.png,5058
confidence/004794.png,5079
confidence/004795.png,5051
confidence/004796.png,5129
confidence/004797.png,5245
confidence/004798.png,5022
confidence/004799.png,5043
confidence/004800.png,5158
confidence/004801.png,5079
confidence/004802.png,5133
confidence/004803.png,5367
confidence/004804.png,5533
confidence/004805.png,5397
confidence/004806.png,5542
confidence/004807.png,5556
confidence/004808.png,5513
confidence/004809.png,5675
confidence/004810.png,5738
confidence/004811.png,5854
confidence/004812.png,5841
confidence/004813.png,5895
confidence/004814.png,6008
confidence/004815.png,5873
confidence/004816.png,5811
confidence/004817.png,5689
confidence/004818.png,5518
confidence/004819.png,5490
confidence/004820.png,5439
confidence/004821.png,5454
confidence/004822.png,5318
confidence/004823.png,5188
confidence/004824.png,5301
confidence/004825.png,5189
confidence/004826.png,5159
confidence/004827.png,5170
confidence/004828.png,5018
confidence/004829.png,5039
confidence/004830.png,5110
confidence/004831.png,5039
confidence/004832.png,5045
confidence/004833.png,5044
confidence/004834.png,5095
confidence/004835.png,5104
confidence/004836.png,5284
confidence/004837.png,5264
confidence/004838.png,5270
confidence/004839.png,5241
confidence/004840.png,5138
confidence/004841.png,5255
confidence/004842.png,5088
confidence/004843.png,4975
confidence/004844.png,5023
confidence/004845.png,5032
confidence/004846.png,4877
confidence/004847.png,4954
confidence/004848.png,4909
confidence/004849.png,4896
confidence/004850.png,4902
confidence/004851.png,4890
confidence/004852.png,4871
confidence/004853.png,4828
confidence/004854.png,4827
confidence/004855.png,4925
confidence/004856.png,4869
confidence/004857.png,4875
confidence/004858.png,4886
confidence/004859.png,5003
confidence/004860.png,4955
confidence/004861.png,4958
confidence/004862.png,4972
confidence/004863.png,4977
confidence/004864.png,4971
confidence/004865.png,4955
confidence/004866.png,4958
confidence/004867.png,5004
confidence/004868.png,5050
confidence/004869.png,4943
confidence/004870.png,5186
confidence/004871.png,5270
confidence/004872.png,5202
confidence/004873.png,5208
confidence/004874.png,5093
confidence/004875.png,5175
confidence/004876.png,5064
confidence/004877.png,5133
confidence/004878.png,5039
confidence/004879.png,5114
confidence/004880.png,5105
confidence/004881.png,5078
confidence/004882.png,5035
confidence/004883.png,4964
confidence/004884.png,4921
confidence/004885.png,5137
confidence/004886.png,4989
confidence/004887.png,5030
confidence/004888.png,5277
confidence/004889.png,5199
confidence/004890.png,5190
confidence/004891.png,5174
confidence/004892.png,5102
confidence/004893.png,5150
confidence/004894.png,5165
confidence/004895.png,5174
confidence/004896.png,5165
confidence/004897.png,5112
confidence/004898.png,5186
confidence/004899.png,5300
confidence/004900.png,5252
confidence/004901.png,5361
confidence/004902.png,5119
confidence/004903.png,5089
confidence/004904.png,4994
confidence/004905.png,4924
confidence/004906.png,4701
confidence/004907.png,4749
confidence/004908.png,4842
confidence/004909.png,4835
confidence/004910.png,4783
confidence/004911.png,4820
confidence/004912.png,4846
confidence/004913.png,4920
confidence/004914.png,4717
confidence/004915.png,4677
confidence/004916.png,4924
confidence/004917.png,4876
confidence/004918.png,4881
confidence/004919.png,4879
confidence/004920.png,4990
confidence/004921.png,4795
confidence/004922.png,4831
confidence/004923.png,4881
confidence/004924.png,4908
confidence/004925.png,4858
confidence/004926.png,5054
confidence/004927.png,5022
confidence/004928.png,5065
confidence/004929.png,5096
confidence/004930.png,5088
confidence/004931.png,5170
confidence/004932.png,5115
confidence/004933.png,5017
confidence/004934.png,5042
confidence/004935.png,5076
confidence/004936.png,5106
confidence/004937.png,5095
confidence/004938.png,5063
confidence/004939.png,5079
confidence/004940.png,5104
confidence/004941.png,5050
confidence/004942.png,5072
confidence/004943.png,4902
confidence/004944.png,4898
confidence/004945.png,5061
confidence/004946.png,4942
confidence/004947.png,5021
confidence/004948.png,4917
confidence/004949.png,4807
confidence/004950.png,4735
confidence/004951.png,4578
confidence/004952.png,4510
confidence/004953.png,4383
confidence/004954.png,4589
confidence/004955.png,4511
confidence/004956.png,4551
confidence/004957.png,4486
confidence/004958.png,4536
confidence/004959.png,4593
confidence/004960.png,4400
confidence/004961.png,4306
confidence/004962.png,4387
confidence/004963.png,4421
confidence/004964.png,4450
confidence/004965.png,4421
confidence/004966.png,4429
confidence/004967.png,4390
confidence/004968.png,4465
confidence/004969.png,4425
confidence/004970.png,4464
confidence/004971.png,4496
confidence/004972.png,4422
confidence/004973.png,4488
confidence/004974.png,4456
confidence/004975.png,4390
confidence/004976.png,4439
confidence/004977.png,4427
confidence/004978.png,4446
confidence/004979.png,4573
confidence/004980.png,4435
confidence/004981.png,4438
confidence/004982.png,4580
confidence/004983.png,4455
confidence/004984.png,4460
confidence/004985.png,4522
confidence/004986.png,4470
confidence/004987.png,4542
confidence/004988.png,4417
confidence/004989.png,4449
confidence/004990.png,4470
confidence/004991.png,4517
confidence/004992.png,4552
confidence/004993.png,4736
confidence/004994.png,4615
confidence/004995.png,4659
confidence/004996.png,4603
confidence/004997.png,4654
confidence/004998.png,4648
confidence/004999.png,4784
confidence/005000.png,4381
confidence/005001.png,4553
confidence/005002.png,4476
confidence/005003.png,4631
confidence/005004.png,4448
confidence/005005.png,4754
confidence/005006.png,4656
confidence/005007.png,4332
confidence/005008.png,4343
confidence/005009.png,4519
confidence/005010.png,4507
confidence/005011.png,4472
confidence/005012.png,4464
confidence/005013.png,4455
confidence/005014.png,4358
confidence/005015.png,4362
confidence/005016.png,4510
confidence/005017.png,4466
confidence/005018.png,4640
confidence/005019.png,4641
confidence/005020.png,4510
confidence/005021.png,4453
confidence/005022.png,4418
confidence/005023.png,4241
confidence/005024.png,4276
confidence/005025.png,4418
confidence/005026.png,4377
confidence/005027.png,4328
confidence/005028.png,4136
confidence/005029.png,4150
confidence/005030.png,4133
confidence/005031.png,4013
confidence/005032.png,4367
confidence/005033.png,4348
confidence/005034.png,4197
confidence/005035.png,4048
confidence/005036.png,4245
confidence/005037.png,4267
confidence/005038.png,4250
confidence/005039.png,4275
confidence/005040.png,4050
confidence/005041.png,4319
confidence/005042.png,4155
confidence/005043.png,4365
confidence/005044.png,4293
confidence/005045.png,4165
confidence/005046.png,4351
confidence/005047.png,4478
confidence/005048.png,4415
confidence/005049.png,4341
confidence/005050.png,4213
confidence/005051.png,4196
confidence/005052.png,4214
confidence/005053.png,4397
confidence/005054.png,4437
confidence/005055.png,4540
confidence/005056.png,4499
confidence/005057.png,4415
confidence/005058.png,4230
confidence/005059.png,4315
confidence/005060.png,4289
confidence/005061.png,4310
confidence/005062.png,4415
confidence/005063.png,4300
confidence/005064.png,4201
confidence/005065.png,4169
confidence/005066.png,4246
confidence/005067.png,4331
confidence/005068.png,4315
confidence/005069.png,4256
confidence/005070.png,4166
confidence/005071.png,4150
confidence/005072.png,4294
confidence/005073.png,4358
confidence/005074.png,4267
confidence/005075.png,4359
confidence/005076.png,4325
confidence/005077.png,4227
confidence/005078.png,4281
confidence/005079.png,4324
confidence/005080.png,4297
confidence/005081.png,4291
confidence/005082.png,4225
confidence/005083.png,4162
confidence/005084.png,4207
confidence/005085.png,4151
confidence/005086.png,4141
confidence/005087.png,4159
confidence/005088.png,4122
confidence/005089.png,4150
confidence/005090.png,4163
confidence/005091.png,4134
confidence/005092.png,4136
confidence/005093.png,4278
confidence/005094.png,4175
confidence/005095.png,4211
confidence/005096.png,4141
confidence/005097.png,4214
confidence/005098.png,4211
confidence/005099.png,4202
confidence/005100.png,4228
confidence/005101.png,4114
confidence/005102.png,4127
confidence/005103.png,4092
confidence/005104.png,4104
confidence/005105.png,4123
confidence/005106.png,4134
confidence/005107.png,4084
confidence/005108.png,4067
confidence/005109.png,4070
confidence/005110.png,4093
confidence/005111.png,4117
confidence/005112.png,4080
confidence/005113.png,4021
confidence/005114.png,4046
confidence/005115.png,4098
confidence/005116.png,4092
confidence/005117.png,4182
confidence/005118.png,4104
confidence/005119.png,4130
confidence/005120.png,3995
confidence/005121.png,4161
confidence/005122.png,4233
confidence/005123.png,4137
confidence/005124.png,4129
confidence/005125.png,4148
confidence/005126.png,4155
confidence/005127.png,4093
confidence/005128.png,4124
confidence/005129.png,4171
confidence/005130.png,4164
confidence/005131.png,4118
confidence/005132.png,4131
confidence/005133.png,4141
confidence/005134.png,4126
confidence/005135.png,4151
confidence/005136.png,4104
confidence/005137.png,4067
confidence/005138.png,4053
confidence/005139.png,3922
confidence/005140.png,4142
confidence/005141.png,4129
confidence/005142.png,3975
confidence/005143.png,4018
confidence/005144.png,4125
confidence/005145.png,4093
confidence/005146.png,4084
confidence/005147.png,4094
confidence/005148.png,4092
confidence/005149.png,4056
confidence/005150.png,3992
confidence/005151.png,4065
confidence/005152.png,4017
confidence/005153.png,4141
confidence/005154.png,4279
confidence/005155.png,4152
confidence/005156.png,4100
confidence/005157.png,4175
confidence/005158.png,4264
confidence/005159.png,4213
confidence/005160.png,4284
confidence/005161.png,4352
confidence/005162.png,4332
confidence/005163.png,4544
confidence/005164.png,4455
confidence/005165.png,4336
confidence/005166.png,4395
confidence/005167.png,4241
confidence/005168.png,4206
confidence/005169.png,4374
confidence/005170.png,4392
confidence/005171.png,4396
confidence/005172.png,4471
confidence/005173.png,4534
confidence/005174.png,4347
confidence/005175.png,4409
confidence/005176.png,4335
confidence/005177.png,4540
confidence/005178.png,4580
confidence/005179.png,4522
confidence/005180.png,4625
confidence/005181.png,4498
confidence/005182.png,4582
confidence/005183.png,4507
confidence/005184.png,4635
confidence/005185.png,4515
confidence/005186.png,4442
confidence/005187.png,4489
confidence/005188.png,4502
confidence/005189.png,4386
confidence/005190.png,4552
confidence/005191.png,4453
confidence/005192.png,4512
confidence/005193.png,4423
confidence/005194.png,4407
confidence/005195.png,4368
confidence/005196.png,4369
confidence/005197.png,4492
confidence/005198.png,4596
confidence/005199.png,4823
confidence/005200.png,5823
confidence/005201.png,6036
confidence/005202.png,5455
confidence/005203.png,4587
confidence/005204.png,4565
confidence/005205.png,4622
confidence/005206.png,4552
confidence/005207.png,4515
confidence/005208.png,4529
confidence/005209.png,4712
confidence/005210.png,4643
confidence/005211.png,4619
confidence/005212.png,4535
confidence/005213.png,4629
confidence/005214.png,4616
confidence/005215.png,4622
confidence/005216.png,4730
confidence/005217.png,4729
confidence/005218.png,4751
confidence/005219.png,4709
confidence/005220.png,4791
confidence/005221.png,4661
confidence/005222.png,4736
confidence/005223.png,4855
confidence/005224.png,4834
confidence/005225.png,4898
confidence/005226.png,4895
confidence/005227.png,4946
confidence/005228.png,4904
confidence/005229.png,4858
confidence/005230.png,4958
confidence/005231.png,4920
confidence/005232.png,4835
confidence/005233.png,4918
confidence/005234.png,4901
confidence/005235.png,4812
confidence/005236.png,4849
confidence/005237.png,4853
confidence/005238.png,4887
confidence/005239.png,4897
confidence/005240.png,4737
confidence/005241.png,4884
confidence/005242.png,4814
confidence/005243.png,4911
confidence/005244.png,4905
confidence/005245.png,4874
confidence/005246.png,4904
confidence/005247.png,4871
confidence/005248.png,4924
confidence/005249.png,4907
confidence/005250.png,4865
depth/000000.png,16613
depth/000001.png,16661
depth/000002.png,16858
depth/000003.png,16941
depth/000004.png,16921
depth/000005.png,16482
depth/000006.png,16618
depth/000007.png,16768
depth/000008.png,16605
depth/000009.png,16672
depth/000010.png,16700
depth/000011.png,16249
depth/000012.png,16225
depth/000013.png,16495
depth/000014.png,16398
depth/000015.png,16347
depth/000016.png,15683
depth/000017.png,15885
depth/000018.png,15787
depth/000019.png,16075
depth/000020.png,16046
depth/000021.png,16207
depth/000022.png,16367
depth/000023.png,16358
depth/000024.png,16300
depth/000025.png,16030
depth/000026.png,16330
depth/000027.png,15766
depth/000028.png,16006
depth/000029.png,16065
depth/000030.png,15993
depth/000031.png,16090
depth/000032.png,15617
depth/000033.png,15553
depth/000034.png,15620
depth/000035.png,15808
depth/000036.png,15703
depth/000037.png,15804
depth/000038.png,15659
depth/000039.png,15600
depth/000040.png,15499
depth/000041.png,15688
depth/000042.png,15730
depth/000043.png,15781
depth/000044.png,15652
depth/000045.png,15224
depth/000046.png,14846
depth/000047.png,14775
depth/000048.png,16805
depth/000049.png,17013
depth/000050.png,16048
depth/000051.png,16110
depth/000052.png,16057
depth/000053.png,16197
depth/000054.png,15858
depth/000055.png,16221
depth/000056.png,16520
depth/000057.png,17050
depth/000058.png,16562
depth/000059.png,17015
depth/000060.png,17277
depth/000061.png,17532
depth/000062.png,18489
depth/000063.png,18371
depth/000064.png,18827
depth/000065.png,20526
depth/000066.png,20699
depth/000067.png,20826
depth/000068.png,21308
depth/000069.png,22095
depth/000070.png,21975
depth/000071.png,22154
depth/000072.png,21333
depth/000073.png,21166
depth/000074.png,21220
depth/000075.png,21530
depth/000076.png,21193
depth/000077.png,21522
depth/000078.png,21632
depth/000079.png,21266
depth/000080.png,20977
depth/000081.png,21076
depth/000082.png,20928
depth/000083.png,20503
depth/000084.png,20147
depth/000085.png,20418
depth/000086.png,20058
depth/000087.png,20073
depth/000088.png,19607
depth/000089.png,20094
depth/000090.png,19790
depth/000091.png,19802
depth/000092.png,19920
depth/000093.png,18924
depth/000094.png,18679
depth/000095.png,19082
depth/000096.png,19369
depth/000097.png,19663
depth/000098.png,20010
depth/000099.png,20251
depth/000100.png,20297
depth/000101.png,20520
depth/000102.png,20548
depth/000103.png,20973
depth/000104.png,21547
depth/000105.png,22298
depth/000106.png,22517
depth/000107.png,22783
depth/000108.png,23513
depth/000109.png,23284
depth/000110.png,24003
depth/000111.png,24550
depth/000112.png,25014
depth/000113.png,25449
depth/000114.png,25894
depth/000115.png,25838
depth/000116.png,25595
depth/000117.png,25001
depth/000118.png,25016
depth/000119.png,25060
depth/000120.png,25075
depth/000121.png,24544
depth/000122.png,24319
depth/000123.png,24595
depth/000124.png,24771
depth/000125.png,24929
depth/000126.png,25164
depth/000127.png,25379
depth/000128.png,25550
depth/000129.png,24843
depth/000130.png,24981
depth/000131.png,24354
depth/000132.png,24192
depth/000133.png,24170
depth/000134.png,23301
depth/000135.png,23301
depth/000136.png,23039
depth/000137.png,23079
depth/000138.png,23125
depth/000139.png,23266
depth/000140.png,22959
depth/000141.png,22886
depth/000142.png,22389
depth/000143.png,22116
depth/000144.png,22367
depth/000145.png,22110
depth/000146.png,22446
depth/000147.png,22535
depth/000148.png,22802
depth/000149.png,22796
depth/000150.png,22811
depth/000151.png,22746
depth/000152.png,23090
depth/000153.png,22931
depth/000154.png,22921
depth/000155.png,23088
depth/000156.png,23036
depth/000157.png,23101
depth/000158.png,22890
depth/000159.png,22967
depth/000160.png,22332
depth/000161.png,22189
depth/000162.png,22201
depth/000163.png,21969
depth/000164.png,21673
depth/000165.png,21409
depth/000166.png,20937
depth/000167.png,20716
depth/000168.png,20533
depth/000169.png,20128
depth/000170.png,19775
depth/000171.png,19695
depth/000172.png,19644
depth/000173.png,19459
depth/000174.png,19511
depth/000175.png,19314
depth/000176.png,19067
depth/000177.png,19217
depth/000178.png,19616
depth/000179.png,20187
depth/000180.png,20990
depth/000181.png,21108
depth/000182.png,21999
depth/000183.png,23126
depth/000184.png,23846
depth/000185.png,23814
depth/000186.png,23844
depth/000187.png,23615
depth/000188.png,23435
depth/000189.png,23607
depth/000190.png,23492
depth/000191.png,23543
depth/000192.png,23789
depth/000193.png,24381
depth/000194.png,24852
depth/000195.png,24666
depth/000196.png,25270
depth/000197.png,25806
depth/000198.png,26011
depth/000199.png,26061
depth/000200.png,26373
depth/000201.png,26345
depth/000202.png,26376
depth/000203.png,26615
depth/000204.png,26626
depth/000205.png,26396
depth/000206.png,26707
depth/000207.png,26139
depth/000208.png,26125
depth/000209.png,26322
depth/000210.png,26422
depth/000211.png,26324
depth/000212.png,26551
depth/000213.png,26263
depth/000214.png,26124
depth/000215.png,26133
depth/000216.png,26061
depth/000217.png,26031
depth/000218.png,25986
depth/000219.png,25876
depth/000220.png,25941
depth/000221.png,26248
depth/000222.png,25908
depth/000223.png,25834
depth/000224.png,25855
depth/000225.png,26096
depth/000226.png,26312
depth/000227.png,26209
depth/000228.png,26208
depth/000229.png,26059
depth/000230.png,26056
depth/000231.png,26200
depth/000232.png,25871
depth/000233.png,25779
depth/000234.png,26018
depth/000235.png,25733
depth/000236.png,25754
depth/000237.png,26013
depth/000238.png,25785
depth/000239.png,25813
depth/000240.png,25505
depth/000241.png,25590
depth/000242.png,25603
depth/000243.png,25611
depth/000244.png,25499
depth/000245.png,25357
depth/000246.png,25049
depth/000247.png,24988
depth/000248.png,25069
depth/000249.png,24778
depth/000250.png,25028
depth/000251.png,25147
depth/000252.png,25365
depth/000253.png,25302
depth/000254.png,25189
depth/000255.png,25100
depth/000256.png,24760
depth/000257.png,24967
depth/000258.png,25080
depth/000259.png,24933
depth/000260.png,24998
depth/000261.png,24970
depth/000262.png,24940
depth/000263.png,25232
depth/000264.png,25393
depth/000265.png,25680
depth/000266.png,25103
depth/000267.png,25236
depth/000268.png,25448
depth/000269.png,25366
depth/000270.png,25154
depth/000271.png,25165
depth/000272.png,25110
depth/000273.png,25209
depth/000274.png,25259
depth/000275.png,25452
depth/000276.png,25704
depth/000277.png,25723
depth/000278.png,25296
depth/000279.png,25371
depth/000280.png,25263
depth/000281.png,25217
depth/000282.png,25143
depth/000283.png,24909
depth/000284.png,25343
depth/000285.png,25307
depth/000286.png,25325
depth/000287.png,25358
depth/000288.png,25277
depth/000289.png,25194
depth/000290.png,25012
depth/000291.png,25388
depth/000292.png,25265
depth/000293.png,24985
depth/000294.png,25168
depth/000295.png,25236
depth/000296.png,25332
depth/000297.png,24951
depth/000298.png,25106
depth/000299.png,24693
depth/000300.png,24745
depth/000301.png,24564
depth/000302.png,24821
depth/000303.png,24559
depth/000304.png,24605
depth/000305.png,24537
depth/000306.png,24586
depth/000307.png,24496
depth/000308.png,24670
depth/000309.png,24645
depth/000310.png,24557
depth/000311.png,24717
depth/000312.png,24593
depth/000313.png,24431
depth/000314.png,24388
depth/000315.png,24523
depth/000316.png,24492
depth/000317.png,24598
depth/000318.png,24491
depth/000319.png,24163
depth/000320.png,24170
depth/000321.png,23938
depth/000322.png,23974
depth/000323.png,23883
depth/000324.png,23771
depth/000325.png,23663
depth/000326.png,23854
depth/000327.png,23687
depth/000328.png,23691
depth/000329.png,23715
depth/000330.png,23805
depth/000331.png,23839
depth/000332.png,23685
depth/000333.png,23382
depth/000334.png,23391
depth/000335.png,23225
depth/000336.png,23060
depth/000337.png,23290
depth/000338.png,23119
depth/000339.png,23259
depth/000340.png,23274
depth/000341.png,22989
depth/000342.png,22774
depth/000343.png,22790
depth/000344.png,22712
depth/000345.png,22521
depth/000346.png,22573
depth/000347.png,22239
depth/000348.png,22109
depth/000349.png,22142
depth/000350.png,22082
depth/000351.png,22111
depth/000352.png,21930
depth/000353.png,21700
depth/000354.png,21820
depth/000355.png,21544
depth/000356.png,21201
depth/000357.png,20924
depth/000358.png,20813
depth/000359.png,20525
depth/000360.png,20363
depth/000361.png,20218
depth/000362.png,20161
depth/000363.png,19891
depth/000364.png,19848
depth/000365.png,19567
depth/000366.png,19534
depth/000367.png,19137
depth/000368.png,19068
depth/000369.png,18920
depth/000370.png,19008
depth/000371.png,18683
depth/000372.png,18728
depth/000373.png,18548
depth/000374.png,18496
depth/000375.png,18319
depth/000376.png,18321
depth/000377.png,18107
depth/000378.png,18161
depth/000379.png,18328
depth/000380.png,18594
depth/000381.png,18474
depth/000382.png,18415
depth/000383.png,18171
depth/000384.png,18328
depth/000385.png,18390
depth/000386.png,18488
depth/000387.png,18502
depth/000388.png,18619
depth/000389.png,18516
depth/000390.png,18851
depth/000391.png,18817
depth/000392.png,18813
depth/000393.png,18617
depth/000394.png,18719
depth/000395.png,18721
depth/000396.png,18665
depth/000397.png,18679
depth/000398.png,18396
depth/000399.png,18238
depth/000400.png,17807
depth/000401.png,17967
depth/000402.png,17900
depth/000403.png,18183
depth/000404.png,18132
depth/000405.png,18018
depth/000406.png,18141
depth/000407.png,18405
depth/000408.png,18320
depth/000409.png,18239
depth/000410.png,18250
depth/000411.png,18415
depth/000412.png,18187
depth/000413.png,18284
depth/000414.png,18444
depth/000415.png,18232
depth/000416.png,18343
depth/000417.png,18683
depth/000418.png,18790
depth/000419.png,19089
depth/000420.png,19109
depth/000421.png,19110
depth/000422.png,19332
depth/000423.png,19418
depth/000424.png,19071
depth/000425.png,19484
depth/000426.png,19557
depth/000427.png,19717
depth/000428.png,19803
depth/000429.png,19651
depth/000430.png,20000
depth/000431.png,20189
depth/000432.png,20141
depth/000433.png,20214
depth/000434.png,20081
depth/000435.png,20085
depth/000436.png,20437
depth/000437.png,20341
depth/000438.png,20156
depth/000439.png,20540
depth/000440.png,20438
depth/000441.png,20503
depth/000442.png,20471
depth/000443.png,20876
depth/000444.png,20129
depth/000445.png,20224
depth/000446.png,20722
depth/000447.png,20388
depth/000448.png,20288
depth/000449.png,20424
depth/000450.png,20217
depth/000451.png,20158
depth/000452.png,20293
depth/000453.png,20209
depth/000454.png,19304
depth/000455.png,18986
depth/000456.png,18917
depth/000457.png,17667
depth/000458.png,17243
depth/000459.png,17366
depth/000460.png,16607
depth/000461.png,16496
depth/000462.png,16358
depth/000463.png,16320
depth/000464.png,15371
depth/000465.png,15364
depth/000466.png,15179
depth/000467.png,14995
depth/000468.png,13833
depth/000469.png,14108
depth/000470.png,13332
depth/000471.png,13330
depth/000472.png,13376
depth/000473.png,13271
depth/000474.png,12450
depth/000475.png,11810
depth/000476.png,11580
depth/000477.png,11136
depth/000478.png,10808
depth/000479.png,11201
depth/000480.png,12161
depth/000481.png,13831
depth/000482.png,14861
depth/000483.png,14796
depth/000484.png,14311
depth/000485.png,14601
depth/000486.png,15603
depth/000487.png,16319
depth/000488.png,17219
depth/000489.png,18155
depth/000490.png,18969
depth/000491.png,19968
depth/000492.png,20618
depth/000493.png,21537
depth/000494.png,22871
depth/000495.png,23941
depth/000496.png,24169
depth/000497.png,24149
depth/000498.png,24188
depth/000499.png,24123
depth/000500.png,23469
depth/000501.png,23514
depth/000502.png,23050
depth/000503.png,23067
depth/000504.png,22800
depth/000505.png,22500
depth/000506.png,22199
depth/000507.png,22260
depth/000508.png,21863
depth/000509.png,21585
depth/000510.png,21485
depth/000511.png,21404
depth/000512.png,21266
depth/000513.png,21408
depth/000514.png,21579
depth/000515.png,21535
depth/000516.png,21777
depth/000517.png,21810
depth/000518.png,21954
depth/000519.png,21959
depth/000520.png,22189
depth/000521.png,22350
depth/000522.png,22313
depth/000523.png,22243
depth/000524.png,22275
depth/000525.png,22095
depth/000526.png,21604
depth/000527.png,21670
depth/000528.png,21551
depth/000529.png,21899
depth/000530.png,21646
depth/000531.png,21423
depth/000532.png,20987
depth/000533.png,21088
depth/000534.png,20843
depth/000535.png,20611
depth/000536.png,20330
depth/000537.png,20510
depth/000538.png,20346
depth/000539.png,20064
depth/000540.png,19927
depth/000541.png,19712
depth/000542.png,19958
depth/000543.png,20177
depth/000544.png,19975
depth/000545.png,20018
depth/000546.png,19913
depth/000547.png,19695
depth/000548.png,19148
depth/000549.png,19045
depth/000550.png,18833
depth/000551.png,18439
depth/000552.png,18410
depth/000553.png,18313
depth/000554.png,18105
depth/000555.png,18104
depth/000556.png,18025
depth/000557.png,18033
depth/000558.png,18088
depth/000559.png,18017
depth/000560.png,18245
depth/000561.png,18262
depth/000562.png,18350
depth/000563.png,18507
depth/000564.png,18443
depth/000565.png,18655
depth/000566.png,18632
depth/000567.png,18846
depth/000568.png,18935
depth/000569.png,19051
depth/000570.png,19093
depth/000571.png,19208
depth/000572.png,19305
depth/000573.png,19662
depth/000574.png,19611
depth/000575.png,20088
depth/000576.png,20057
depth/000577.png,20054
depth/000578.png,20129
depth/000579.png,20241
depth/000580.png,20198
depth/000581.png,20213
depth/000582.png,20477
depth/000583.png,20063
depth/000584.png,20091
depth/000585.png,20087
depth/000586.png,20253
depth/000587.png,20378
depth/000588.png,20398
depth/000589.png,20300
depth/000590.png,20312
depth/000591.png,20713
depth/000592.png,20451
depth/000593.png,20948
depth/000594.png,20775
depth/000595.png,20843
depth/000596.png,21134
depth/000597.png,20997
depth/000598.png,21214
depth/000599.png,21013
depth/000600.png,21246
depth/000601.png,21414
depth/000602.png,21064
depth/000603.png,21262
depth/000604.png,21436
depth/000605.png,21612
depth/000606.png,21649
depth/000607.png,21965
depth/000608.png,22174
depth/000609.png,22026
depth/000610.png,22258
depth/000611.png,22976
depth/000612.png,22725
depth/000613.png,23207
depth/000614.png,22669
depth/000615.png,23680
depth/000616.png,23534
depth/000617.png,23090
depth/000618.png,23557
depth/000619.png,23523
depth/000620.png,23728
depth/000621.png,24062
depth/000622.png,24730
depth/000623.png,24546
depth/000624.png,24883
depth/000625.png,24788
depth/000626.png,25113
depth/000627.png,24392
depth/000628.png,24301
depth/000629.png,24260
depth/000630.png,24559
depth/000631.png,24883
depth/000632.png,24733
depth/000633.png,24850
depth/000634.png,24598
depth/000635.png,24942
depth/000636.png,24549
depth/000637.png,26159
depth/000638.png,26199
depth/000639.png,26714
depth/000640.png,26389
depth/000641.png,26285
depth/000642.png,26573
depth/000643.png,26990
depth/000644.png,27000
depth/000645.png,27722
depth/000646.png,27818
depth/000647.png,27659
depth/000648.png,27207
depth/000649.png,27611
depth/000650.png,27523
depth/000651.png,27086
depth/000652.png,27122
depth/000653.png,27806
depth/000654.png,27609
depth/000655.png,26998
depth/000656.png,26615
depth/000657.png,27060
depth/000658.png,27832
depth/000659.png,27636
depth/000660.png,27560
depth/000661.png,26327
depth/000662.png,26206
depth/000663.png,26806
depth/000664.png,26934
depth/000665.png,26751
depth/000666.png,26739
depth/000667.png,27155
depth/000668.png,27406
depth/000669.png,27362
depth/000670.png,27616
depth/000671.png,27157
depth/000672.png,26541
depth/000673.png,26651
depth/000674.png,26729
depth/000675.png,26400
depth/000676.png,26239
depth/000677.png,26022
depth/000678.png,26755
depth/000679.png,26448
depth/000680.png,26942
depth/000681.png,26352
depth/000682.png,26639
depth/000683.png,25946
depth/000684.png,26313
depth/000685.png,25702
depth/000686.png,25853
depth/000687.png,25121
depth/000688.png,24562
depth/000689.png,24291
depth/000690.png,24430
depth/000691.png,24337
depth/000692.png,24644
depth/000693.png,24287
depth/000694.png,24745
depth/000695.png,23924
depth/000696.png,23508
depth/000697.png,22312
depth/000698.png,22462
depth/000699.png,21527
depth/000700.png,21302
depth/000701.png,20936
depth/000702.png,22053
depth/000703.png,21908
depth/000704.png,21412
depth/000705.png,20064
depth/000706.png,19913
depth/000707.png,20298
depth/000708.png,19989
depth/000709.png,20269
depth/000710.png,19990
depth/000711.png,20053
depth/000712.png,19729
depth/000713.png,19781
depth/000714.png,19388
depth/000715.png,19677
depth/000716.png,19811
depth/000717.png,19984
depth/000718.png,19707
depth/000719.png,19574
depth/000720.png,19656
depth/000721.png,19960
depth/000722.png,20048
depth/000723.png,20265
depth/000724.png,20384
depth/000725.png,20556
depth/000726.png,20950
depth/000727.png,21211
depth/000728.png,20796
depth/000729.png,21442
depth/000730.png,21324
depth/000731.png,21382
depth/000732.png,21602
depth/000733.png,21755
depth/000734.png,22016
depth/000735.png,22082
depth/000736.png,22225
depth/000737.png,21920
depth/000738.png,21746
depth/000739.png,21820
depth/000740.png,22024
depth/000741.png,21440
depth/000742.png,21256
depth/000743.png,21198
depth/000744.png,20850
depth/000745.png,20840
depth/000746.png,20475
depth/000747.png,20511
depth/000748.png,20319
depth/000749.png,20393
depth/000750.png,20242
depth/000751.png,20240
depth/000752.png,20017
depth/000753.png,19881
depth/000754.png,19596
depth/000755.png,19379
depth/000756.png,19637
depth/000757.png,19348
depth/000758.png,19037
depth/000759.png,19200
depth/000760.png,19073
depth/000761.png,19047
depth/000762.png,18887
depth/000763.png,18715
depth/000764.png,18818
depth/000765.png,18880
depth/000766.png,19080
depth/000767.png,18932
depth/000768.png,18798
depth/000769.png,18909
depth/000770.png,18767
depth/000771.png,18974
depth/000772.png,18466
depth/000773.png,18629
depth/000774.png,18402
depth/000775.png,18405
depth/000776.png,18610
depth/000777.png,18906
depth/000778.png,19497
depth/000779.png,19398
depth/000780.png,19412
depth/000781.png,18827
depth/000782.png,18800
depth/000783.png,18632
depth/000784.png,18581
depth/000785.png,18540
depth/000786.png,18796
depth/000787.png,18619
depth/000788.png,18371
depth/000789.png,18597
depth/000790.png,18578
depth/000791.png,18879
depth/000792.png,18663
depth/000793.png,18027
depth/000794.png,17872
depth/000795.png,18609
depth/000796.png,18426
depth/000797.png,18520
depth/000798.png,18216
depth/000799.png,18489
depth/000800.png,17888
depth/000801.png,18099
depth/000802.png,18051
depth/000803.png,18019
depth/000804.png,18026
depth/000805.png,18106
depth/000806.png,18170
depth/000807.png,17864
depth/000808.png,17958
depth/000809.png,18314
depth/000810.png,18213
depth/000811.png,18290
depth/000812.png,18184
depth/000813.png,18283
depth/000814.png,18367
depth/000815.png,18743
depth/000816.png,18705
depth/000817.png,18687
depth/000818.png,18727
depth/000819.png,18245
depth/000820.png,18685
depth/000821.png,18988
depth/000822.png,19251
depth/000823.png,18704
depth/000824.png,18883
depth/000825.png,19097
depth/000826.png,19034
depth/000827.png,19477
depth/000828.png,19399
depth/000829.png,19615
depth/000830.png,19810
depth/000831.png,19641
depth/000832.png,18783
depth/000833.png,19149
depth/000834.png,19208
depth/000835.png,19348
depth/000836.png,19185
depth/000837.png,19391
depth/000838.png,19572
depth/000839.png,19688
depth/000840.png,19672
depth/000841.png,19484
depth/000842.png,19695
depth/000843.png,19642
depth/000844.png,19723
depth/000845.png,19876
depth/000846.png,19777
depth/000847.png,19773
depth/000848.png,19481
depth/000849.png,19181
depth/000850.png,18967
depth/000851.png,18372
depth/000852.png,18107
depth/000853.png,17952
depth/000854.png,18007
depth/000855.png,17733
depth/000856.png,17550
depth/000857.png,17104
depth/000858.png,17023
depth/000859.png,16097
depth/000860.png,15683
depth/000861.png,15475
depth/000862.png,15515
depth/000863.png,15602
depth/000864.png,15807
depth/000865.png,15702
depth/000866.png,16016
depth/000867.png,15235
depth/000868.png,14838
depth/000869.png,16223
depth/000870.png,15990
depth/000871.png,17658
depth/000872.png,17727
depth/000873.png,18187
depth/000874.png,16622
depth/000875.png,17750
depth/000876.png,18423
depth/000877.png,18250
depth/000878.png,18720
depth/000879.png,18732
depth/000880.png,18947
depth/000881.png,17367
depth/000882.png,17867
depth/000883.png,20999
depth/000884.png,20399
depth/000885.png,20049
depth/000886.png,16725
depth/000887.png,17460
depth/000888.png,17420
depth/000889.png,17352
depth/000890.png,17039
depth/000891.png,17032
depth/000892.png,17109
depth/000893.png,17019
depth/000894.png,17072
depth/000895.png,17856
depth/000896.png,18389
depth/000897.png,18303
depth/000898.png,19094
depth/000899.png,19014
depth/000900.png,19089
depth/000901.png,19172
depth/000902.png,19176
depth/000903.png,19444
depth/000904.png,20297
depth/000905.png,20318
depth/000906.png,21742
depth/000907.png,22084
depth/000908.png,23335
depth/000909.png,23590
depth/000910.png,24030
depth/000911.png,23975
depth/000912.png,24098
depth/000913.png,23161
depth/000914.png,22982
depth/000915.png,23924
depth/000916.png,24391
depth/000917.png,24760
depth/000918.png,25487
depth/000919.png,25291
depth/000920.png,25445
depth/000921.png,24708
depth/000922.png,24561
depth/000923.png,23972
depth/000924.png,23848
depth/000925.png,23746
depth/000926.png,23645
depth/000927.png,22363
depth/000928.png,21546
depth/000929.png,22031
depth/000930.png,22137
depth/000931.png,21787
depth/000932.png,20766
depth/000933.png,20384
depth/000934.png,19707
depth/000935.png,19462
depth/000936.png,18305
depth/000937.png,18113
depth/000938.png,17555
depth/000939.png,17151
depth/000940.png,17143
depth/000941.png,16717
depth/000942.png,16404
depth/000943.png,15795
depth/000944.png,15397
depth/000945.png,15238
depth/000946.png,15252
depth/000947.png,15077
depth/000948.png,14903
depth/000949.png,14109
depth/000950.png,14038
depth/000951.png,13980
depth/000952.png,13782
depth/000953.png,14395
depth/000954.png,14420
depth/000955.png,14699
depth/000956.png,15366
depth/000957.png,15330
depth/000958.png,15859
depth/000959.png,14481
depth/000960.png,14751
depth/000961.png,16398
depth/000962.png,15949
depth/000963.png,18484
depth/000964.png,19271
depth/000965.png,20555
depth/000966.png,20609
depth/000967.png,23075
depth/000968.png,24622
depth/000969.png,25412
depth/000970.png,27130
depth/000971.png,27270
depth/000972.png,29743
depth/000973.png,30275
depth/000974.png,30535
depth/000975.png,31096
depth/000976.png,32148
depth/000977.png,33055
depth/000978.png,33381
depth/000979.png,33408
depth/000980.png,34116
depth/000981.png,32163
depth/000982.png,31901
depth/000983.png,31920
depth/000984.png,31891
depth/000985.png,32201
depth/000986.png,32208
depth/000987.png,31652
depth/000988.png,30053
depth/000989.png,28611
depth/000990.png,28104
depth/000991.png,27904
depth/000992.png,27612
depth/000993.png,26410
depth/000994.png,26085
depth/000995.png,25453
depth/000996.png,24828
depth/000997.png,24655
depth/000998.png,23881
depth/000999.png,23949
depth/001000.png,23801
depth/001001.png,23487
depth/001002.png,23580
depth/001003.png,23446
depth/001004.png,23428
depth/001005.png,23088
depth/001006.png,22764
depth/001007.png,23202
depth/001008.png,23408
depth/001009.png,23012
depth/001010.png,23091
depth/001011.png,22955
depth/001012.png,23043
depth/001013.png,23258
depth/001014.png,23170
depth/001015.png,23284
depth/001016.png,23119
depth/001017.png,23196
depth/001018.png,22650
depth/001019.png,22804
depth/001020.png,22877
depth/001021.png,22732
depth/001022.png,22585
depth/001023.png,22871
depth/001024.png,23160
depth/001025.png,22989
depth/001026.png,23069
depth/001027.png,22996
depth/001028.png,23050
depth/001029.png,22893
depth/001030.png,22832
depth/001031.png,22843
depth/001032.png,22555
depth/001033.png,22542
depth/001034.png,22173
depth/001035.png,22666
depth/001036.png,22469
depth/001037.png,22347
depth/001038.png,22039
depth/001039.png,22348
depth/001040.png,22065
depth/001041.png,21699
depth/001042.png,21777
depth/001043.png,21651
depth/001044.png,21642
depth/001045.png,21621
depth/001046.png,21426
depth/001047.png,21478
depth/001048.png,21451
depth/001049.png,21118
depth/001050.png,21261
depth/001051.png,21552
depth/001052.png,21405
depth/001053.png,21314
depth/001054.png,21416
depth/001055.png,21241
depth/001056.png,21289
depth/001057.png,21350
depth/001058.png,21188
depth/001059.png,21179
depth/001060.png,21217
depth/001061.png,21229
depth/001062.png,21346
depth/001063.png,21490
depth/001064.png,21559
depth/001065.png,21504
depth/001066.png,21663
depth/001067.png,21377
depth/001068.png,21243
depth/001069.png,21182
depth/001070.png,21115
depth/001071.png,20852
depth/001072.png,21048
depth/001073.png,20760
depth/001074.png,20822
depth/001075.png,20514
depth/001076.png,20744
depth/001077.png,20622
depth/001078.png,20895
depth/001079.png,20875
depth/001080.png,20959
depth/001081.png,21102
depth/001082.png,21071
depth/001083.png,20958
depth/001084.png,21244
depth/001085.png,21144
depth/001086.png,21057
depth/001087.png,20792
depth/001088.png,20859
depth/001089.png,20786
depth/001090.png,20648
depth/001091.png,20709
depth/001092.png,20588
depth/001093.png,20551
depth/001094.png,20412
depth/001095.png,20416
depth/001096.png,20256
depth/001097.png,20400
depth/001098.png,20358
depth/001099.png,20227
depth/001100.png,20092
depth/001101.png,20085
depth/001102.png,20124
depth/001103.png,20195
depth/001104.png,20309
depth/001105.png,20458
depth/001106.png,20228
depth/001107.png,20441
depth/001108.png,20521
depth/001109.png,20415
depth/001110.png,20400
depth/001111.png,20247
depth/001112.png,20268
depth/001113.png,20250
depth/001114.png,20257
depth/001115.png,20416
depth/001116.png,20628
depth/001117.png,20592
depth/001118.png,20402
depth/001119.png,20393
depth/001120.png,20519
depth/001121.png,20341
depth/001122.png,20270
depth/001123.png,20190
depth/001124.png,20097
depth/001125.png,20364
depth/001126.png,20013
depth/001127.png,20041
depth/001128.png,19961
depth/001129.png,19913
depth/001130.png,19885
depth/001131.png,19967
depth/001132.png,20050
depth/001133.png,20199
depth/001134.png,20236
depth/001135.png,20129
depth/001136.png,20306
depth/001137.png,20430
depth/001138.png,20342
depth/001139.png,20691
depth/001140.png,21157
depth/001141.png,20812
depth/001142.png,20990
depth/001143.png,20843
depth/001144.png,21093
depth/001145.png,21285
depth/001146.png,20975
depth/001147.png,20947
depth/001148.png,20487
depth/001149.png,20540
depth/001150.png,19463
depth/001151.png,18980
depth/001152.png,19132
depth/001153.png,18942
depth/001154.png,18681
depth/001155.png,18451
depth/001156.png,18408
depth/001157.png,17962
depth/001158.png,17752
depth/001159.png,17230
depth/001160.png,16706
depth/001161.png,16344
depth/001162.png,15698
depth/001163.png,15265
depth/001164.png,15213
depth/001165.png,14625
depth/001166.png,14227
depth/001167.png,14436
depth/001168.png,14868
depth/001169.png,14904
depth/001170.png,15462
depth/001171.png,16258
depth/001172.png,16808
depth/001173.png,16679
depth/001174.png,16516
depth/001175.png,16727
depth/001176.png,17320
depth/001177.png,17781
depth/001178.png,18496
depth/001179.png,20572
depth/001180.png,20969
depth/001181.png,21588
depth/001182.png,22202
depth/001183.png,23734
depth/001184.png,24227
depth/001185.png,25099
depth/001186.png,25951
depth/001187.png,25947
depth/001188.png,26706
depth/001189.png,26635
depth/001190.png,26276
depth/001191.png,26522
depth/001192.png,26903
depth/001193.png,26768
depth/001194.png,27234
depth/001195.png,27437
depth/001196.png,26899
depth/001197.png,27057
depth/001198.png,27910
depth/001199.png,27897
depth/001200.png,27943
depth/001201.png,28058
depth/001202.png,27359
depth/001203.png,27529
depth/001204.png,27794
depth/001205.png,27938
depth/001206.png,27694
depth/001207.png,27647
depth/001208.png,27529
depth/001209.png,27564
depth/001210.png,27705
depth/001211.png,27447
depth/001212.png,27930
depth/001213.png,27701
depth/001214.png,27451
depth/001215.png,27037
depth/001216.png,27397
depth/001217.png,27060
depth/001218.png,26731
depth/001219.png,27023
depth/001220.png,26690
depth/001221.png,26451
depth/001222.png,26515
depth/001223.png,26780
depth/001224.png,26514
depth/001225.png,26396
depth/001226.png,26299
depth/001227.png,25434
depth/001228.png,25292
depth/001229.png,24985
depth/001230.png,24917
depth/001231.png,25294
depth/001232.png,25423
depth/001233.png,24977
depth/001234.png,25261
depth/001235.png,24518
depth/001236.png,25022
depth/001237.png,24398
depth/001238.png,24360
depth/001239.png,24435
depth/001240.png,24449
depth/001241.png,23626
depth/001242.png,23423
depth/001243.png,23177
depth/001244.png,23603
depth/001245.png,23217
depth/001246.png,22969
depth/001247.png,22799
depth/001248.png,22135
depth/001249.png,22019
depth/001250.png,21865
depth/001251.png,21885
depth/001252.png,21762
depth/001253.png,21758
depth/001254.png,22056
depth/001255.png,21990
depth/001256.png,22208
depth/001257.png,22323
depth/001258.png,22227
depth/001259.png,22842
depth/001260.png,22823
depth/001261.png,22475
depth/001262.png,22410
depth/001263.png,22551
depth/001264.png,22431
depth/001265.png,22600
depth/001266.png,22644
depth/001267.png,22857
depth/001268.png,22572
depth/001269.png,22400
depth/001270.png,22437
depth/001271.png,22286
depth/001272.png,22137
depth/001273.png,21783
depth/001274.png,21859
depth/001275.png,21956
depth/001276.png,21892
depth/001277.png,21850
depth/001278.png,21533
depth/001279.png,21317
depth/001280.png,21574
depth/001281.png,20962
depth/001282.png,21405
depth/001283.png,21392
depth/001284.png,21038
depth/001285.png,20692
depth/001286.png,20944
depth/001287.png,20634
depth/001288.png,20705
depth/001289.png,20445
depth/001290.png,19828
depth/001291.png,19591
depth/001292.png,19691
depth/001293.png,19575
depth/001294.png,19141
depth/001295.png,18919
depth/001296.png,18449
depth/001297.png,18327
depth/001298.png,18489
depth/001299.png,18531
depth/001300.png,18387
depth/001301.png,18987
depth/001302.png,18976
depth/001303.png,18914
depth/001304.png,18685
depth/001305.png,18615
depth/001306.png,18954
depth/001307.png,19117
depth/001308.png,19114
depth/001309.png,19082
depth/001310.png,19263
depth/001311.png,19225
depth/001312.png,18949
depth/001313.png,19292
depth/001314.png,19259
depth/001315.png,19085
depth/001316.png,19083
depth/001317.png,18596
depth/001318.png,18711
depth/001319.png,18951
depth/001320.png,18882
depth/001321.png,18787
depth/001322.png,18907
depth/001323.png,18835
depth/001324.png,18656
depth/001325.png,18525
depth/001326.png,18585
depth/001327.png,18505
depth/001328.png,18386
depth/001329.png,18358
depth/001330.png,18108
depth/001331.png,17938
depth/001332.png,17870
depth/001333.png,17779
depth/001334.png,17528
depth/001335.png,17471
depth/001336.png,17551
depth/001337.png,17806
depth/001338.png,17682
depth/001339.png,17482
depth/001340.png,17384
depth/001341.png,17469
depth/001342.png,17263
depth/001343.png,17216
depth/001344.png,17225
depth/001345.png,17004
depth/001346.png,17095
depth/001347.png,17082
depth/001348.png,17179
depth/001349.png,17162
depth/001350.png,17051
depth/001351.png,17245
depth/001352.png,17210
depth/001353.png,17504
depth/001354.png,17211
depth/001355.png,17601
depth/001356.png,17784
depth/001357.png,17505
depth/001358.png,17557
depth/001359.png,17726
depth/001360.png,17552
depth/001361.png,17758
depth/001362.png,17515
depth/001363.png,17460
depth/001364.png,17472
depth/001365.png,17358
depth/001366.png,17294
depth/001367.png,17383
depth/001368.png,17417
depth/001369.png,17442
depth/001370.png,17603
depth/001371.png,17554
depth/001372.png,17184
depth/001373.png,17496
depth/001374.png,17484
depth/001375.png,17437
depth/001376.png,17487
depth/001377.png,17342
depth/001378.png,17560
depth/001379.png,17460
depth/001380.png,17682
depth/001381.png,17753
depth/001382.png,17939
depth/001383.png,17629
depth/001384.png,17814
depth/001385.png,17876
depth/001386.png,17982
depth/001387.png,18037
depth/001388.png,18215
depth/001389.png,18373
depth/001390.png,18370
depth/001391.png,18261
depth/001392.png,18094
depth/001393.png,18122
depth/001394.png,18061
depth/001395.png,18187
depth/001396.png,18125
depth/001397.png,18031
depth/001398.png,17992
depth/001399.png,17945
depth/001400.png,18053
depth/001401.png,18125
depth/001402.png,18103
depth/001403.png,18091
depth/001404.png,18188
depth/001405.png,18375
depth/001406.png,18300
depth/001407.png,18355
depth/001408.png,18536
depth/001409.png,18473
depth/001410.png,18411
depth/001411.png,18519
depth/001412.png,18800
depth/001413.png,18501
depth/001414.png,18504
depth/001415.png,18975
depth/001416.png,19170
depth/001417.png,18927
depth/001418.png,18903
depth/001419.png,19118
depth/001420.png,19457
depth/001421.png,19404
depth/001422.png,19317
depth/001423.png,19236
depth/001424.png,19137
depth/001425.png,19043
depth/001426.png,19121
depth/001427.png,19225
depth/001428.png,18868
depth/001429.png,18987
depth/001430.png,18781
depth/001431.png,18887
depth/001432.png,19327
depth/001433.png,19197
depth/001434.png,19365
depth/001435.png,19715
depth/001436.png,19676
depth/001437.png,19684
depth/001438.png,19737
depth/001439.png,19787
depth/001440.png,19901
depth/001441.png,19930
depth/001442.png,19724
depth/001443.png,19729
depth/001444.png,19823
depth/001445.png,20003
depth/001446.png,20496
depth/001447.png,20370
depth/001448.png,20655
depth/001449.png,20930
depth/001450.png,21889
depth/001451.png,21411
depth/001452.png,21691
depth/001453.png,19832
depth/001454.png,19971
depth/001455.png,19869
depth/001456.png,21340
depth/001457.png,21776
depth/001458.png,22101
depth/001459.png,21701
depth/001460.png,21332
depth/001461.png,21430
depth/001462.png,21291
depth/001463.png,22046
depth/001464.png,21960
depth/001465.png,22441
depth/001466.png,21984
depth/001467.png,22365
depth/001468.png,22103
depth/001469.png,23545
depth/001470.png,22756
depth/001471.png,22218
depth/001472.png,22261
depth/001473.png,22805
depth/001474.png,23605
depth/001475.png,21545
depth/001476.png,22344
depth/001477.png,22709
depth/001478.png,23868
depth/001479.png,24799
depth/001480.png,25247
depth/001481.png,24697
depth/001482.png,24709
depth/001483.png,26616
depth/001484.png,25056
depth/001485.png,25156
depth/001486.png,25058
depth/001487.png,27500
depth/001488.png,27759
depth/001489.png,27875
depth/001490.png,28975
depth/001491.png,27284
depth/001492.png,26726
depth/001493.png,28312
depth/001494.png,30519
depth/001495.png,30098
depth/001496.png,30815
depth/001497.png,31454
depth/001498.png,31043
depth/001499.png,32813
depth/001500.png,32614
depth/001501.png,33894
depth/001502.png,33301
depth/001503.png,34461
depth/001504.png,32840
depth/001505.png,31406
depth/001506.png,29496
depth/001507.png,29896
depth/001508.png,32903
depth/001509.png,31934
depth/001510.png,33459
depth/001511.png,33754
depth/001512.png,31824
depth/001513.png,33012
depth/001514.png,33084
depth/001515.png,33508
depth/001516.png,36020
depth/001517.png,35210
depth/001518.png,35195
depth/001519.png,34199
depth/001520.png,33436
depth/001521.png,34387
depth/001522.png,34524
depth/001523.png,32854
depth/001524.png,32709
depth/001525.png,33046
depth/001526.png,33097
depth/001527.png,33789
depth/001528.png,33309
depth/001529.png,33811
depth/001530.png,33988
depth/001531.png,33389
depth/001532.png,33343
depth/001533.png,32670
depth/001534.png,33245
depth/001535.png,33461
depth/001536.png,33950
depth/001537.png,33702
depth/001538.png,33972
depth/001539.png,33572
depth/001540.png,34098
depth/001541.png,33338
depth/001542.png,33096
depth/001543.png,32569
depth/001544.png,31746
depth/001545.png,32145
depth/001546.png,31729
depth/001547.png,31338
depth/001548.png,30143
depth/001549.png,30513
depth/001550.png,30013
depth/001551.png,28648
depth/001552.png,28493
depth/001553.png,26511
depth/001554.png,26730
depth/001555.png,26817
depth/001556.png,25636
depth/001557.png,26138
depth/001558.png,25953
depth/001559.png,24581
depth/001560.png,24592
depth/001561.png,24823
depth/001562.png,23472
depth/001563.png,22866
depth/001564.png,22969
depth/001565.png,22297
depth/001566.png,21488
depth/001567.png,20315
depth/001568.png,19794
depth/001569.png,19356
depth/001570.png,18986
depth/001571.png,18923
depth/001572.png,18660
depth/001573.png,18325
depth/001574.png,18257
depth/001575.png,18376
depth/001576.png,18216
depth/001577.png,18005
depth/001578.png,17901
depth/001579.png,17539
depth/001580.png,17051
depth/001581.png,17035
depth/001582.png,17386
depth/001583.png,17121
depth/001584.png,17213
depth/001585.png,17301
depth/001586.png,17216
depth/001587.png,17247
depth/001588.png,17246
depth/001589.png,17153
depth/001590.png,17083
depth/001591.png,17115
depth/001592.png,17093
depth/001593.png,17165
depth/001594.png,17404
depth/001595.png,17085
depth/001596.png,17167
depth/001597.png,17309
depth/001598.png,17225
depth/001599.png,17431
depth/001600.png,17261
depth/001601.png,17325
depth/001602.png,17092
depth/001603.png,17157
depth/001604.png,17195
depth/001605.png,17066
depth/001606.png,17296
depth/001607.png,17312
depth/001608.png,17511
depth/001609.png,17719
depth/001610.png,17713
depth/001611.png,17562
depth/001612.png,17599
depth/001613.png,17670
depth/001614.png,17605
depth/001615.png,17572
depth/001616.png,17568
depth/001617.png,17501
depth/001618.png,17528
depth/001619.png,17601
depth/001620.png,17644
depth/001621.png,17738
depth/001622.png,17812
depth/001623.png,17722
depth/001624.png,17776
depth/001625.png,17803
depth/001626.png,17899
depth/001627.png,17900
depth/001628.png,17978
depth/001629.png,18056
depth/001630.png,17962
depth/001631.png,18027
depth/001632.png,18082
depth/001633.png,18024
depth/001634.png,17494
depth/001635.png,17051
depth/001636.png,17349
depth/001637.png,17087
depth/001638.png,17060
depth/001639.png,17037
depth/001640.png,16953
depth/001641.png,17160
depth/001642.png,17134
depth/001643.png,17405
depth/001644.png,17488
depth/001645.png,17150
depth/001646.png,16838
depth/001647.png,16969
depth/001648.png,17078
depth/001649.png,17192
depth/001650.png,17067
depth/001651.png,17177
depth/001652.png,17110
depth/001653.png,17249
depth/001654.png,17344
depth/001655.png,17198
depth/001656.png,17268
depth/001657.png,17227
depth/001658.png,17276
depth/001659.png,17161
depth/001660.png,17073
depth/001661.png,17420
depth/001662.png,17098
depth/001663.png,17235
depth/001664.png,17280
depth/001665.png,17233
depth/001666.png,17183
depth/001667.png,17161
depth/001668.png,17132
depth/001669.png,17354
depth/001670.png,17660
depth/001671.png,17753
depth/001672.png,17529
depth/001673.png,17577
depth/001674.png,17739
depth/001675.png,17716
depth/001676.png,17700
depth/001677.png,17645
depth/001678.png,17519
depth/001679.png,17938
depth/001680.png,17867
depth/001681.png,17858
depth/001682.png,17842
depth/001683.png,17673
depth/001684.png,17519
depth/001685.png,17532
depth/001686.png,17529
depth/001687.png,17330
depth/001688.png,17092
depth/001689.png,16962
depth/001690.png,17018
depth/001691.png,16966
depth/001692.png,16706
depth/001693.png,16726
depth/001694.png,16685
depth/001695.png,16587
depth/001696.png,16584
depth/001697.png,16443
depth/001698.png,16410
depth/001699.png,16353
depth/001700.png,16269
depth/001701.png,16307
depth/001702.png,16086
depth/001703.png,15965
depth/001704.png,16123
depth/001705.png,16124
depth/001706.png,16191
depth/001707.png,16279
depth/001708.png,16193
depth/001709.png,16298
depth/001710.png,16296
depth/001711.png,16358
depth/001712.png,16407
depth/001713.png,16369
depth/001714.png,16311
depth/001715.png,16363
depth/001716.png,16473
depth/001717.png,16197
depth/001718.png,16329
depth/001719.png,16151
depth/001720.png,16459
depth/001721.png,16255
depth/001722.png,16242
depth/001723.png,16190
depth/001724.png,16347
depth/001725.png,16432
depth/001726.png,16500
depth/001727.png,16435
depth/001728.png,16527
depth/001729.png,16398
depth/001730.png,16384
depth/001731.png,16435
depth/001732.png,16667
depth/001733.png,16454
depth/001734.png,16391
depth/001735.png,16357
depth/001736.png,16728
depth/001737.png,16400
depth/001738.png,16472
depth/001739.png,16470
depth/001740.png,16369
depth/001741.png,16548
depth/001742.png,16386
depth/001743.png,16305
depth/001744.png,16419
depth/001745.png,16268
depth/001746.png,16122
depth/001747.png,16000
depth/001748.png,15758
depth/001749.png,15489
depth/001750.png,15432
depth/001751.png,15484
depth/001752.png,15420
depth/001753.png,15095
depth/001754.png,15151
depth/001755.png,14768
depth/001756.png,14846
depth/001757.png,14484
depth/001758.png,14321
depth/001759.png,13911
depth/001760.png,14005
depth/001761.png,13778
depth/001762.png,13672
depth/001763.png,13466
depth/001764.png,13526
depth/001765.png,13457
depth/001766.png,13364
depth/001767.png,13412
depth/001768.png,13364
depth/001769.png,13214
depth/001770.png,13363
depth/001771.png,13200
depth/001772.png,13264
depth/001773.png,13180
depth/001774.png,13188
depth/001775.png,12963
depth/001776.png,12947
depth/001777.png,12799
depth/001778.png,12707
depth/001779.png,12655
depth/001780.png,12781
depth/001781.png,12793
depth/001782.png,12715
depth/001783.png,12759
depth/001784.png,12709
depth/001785.png,12654
depth/001786.png,12571
depth/001787.png,12747
depth/001788.png,12624
depth/001789.png,12539
depth/001790.png,12667
depth/001791.png,12623
depth/001792.png,12672
depth/001793.png,12638
depth/001794.png,12758
depth/001795.png,12554
depth/001796.png,12744
depth/001797.png,12546
depth/001798.png,12541
depth/001799.png,12826
depth/001800.png,12574
depth/001801.png,12710
depth/001802.png,12714
depth/001803.png,12649
depth/001804.png,12744
depth/001805.png,12702
depth/001806.png,12780
depth/001807.png,12694
depth/001808.png,12719
depth/001809.png,12486
depth/001810.png,12706
depth/001811.png,12799
depth/001812.png,12774
depth/001813.png,12730
depth/001814.png,12827
depth/001815.png,12885
depth/001816.png,12773
depth/001817.png,12837
depth/001818.png,12918
depth/001819.png,12807
depth/001820.png,12478
depth/001821.png,12267
depth/001822.png,11689
depth/001823.png,11344
depth/001824.png,10370
depth/001825.png,9467
depth/001826.png,8947
depth/001827.png,9421
depth/001828.png,9630
depth/001829.png,10214
depth/001830.png,10433
depth/001831.png,10731
depth/001832.png,11118
depth/001833.png,11414
depth/001834.png,11342
depth/001835.png,12308
depth/001836.png,13685
depth/001837.png,13801
depth/001838.png,14270
depth/001839.png,14419
depth/001840.png,14845
depth/001841.png,14536
depth/001842.png,14608
depth/001843.png,14105
depth/001844.png,13978
depth/001845.png,14122
depth/001846.png,13765
depth/001847.png,13317
depth/001848.png,13192
depth/001849.png,12695
depth/001850.png,13042
depth/001851.png,13171
depth/001852.png,12840
depth/001853.png,12914
depth/001854.png,12976
depth/001855.png,12813
depth/001856.png,13218
depth/001857.png,13540
depth/001858.png,14707
depth/001859.png,14948
depth/001860.png,15133
depth/001861.png,15699
depth/001862.png,16248
depth/001863.png,17161
depth/001864.png,16963
depth/001865.png,17669
depth/001866.png,18039
depth/001867.png,18541
depth/001868.png,18792
depth/001869.png,18951
depth/001870.png,19564
depth/001871.png,19913
depth/001872.png,19922
depth/001873.png,19835
depth/001874.png,20350
depth/001875.png,20995
depth/001876.png,20949
depth/001877.png,21130
depth/001878.png,21577
depth/001879.png,22346
depth/001880.png,22456
depth/001881.png,22617
depth/001882.png,22792
depth/001883.png,22990
depth/001884.png,23032
depth/001885.png,23429
depth/001886.png,23667
depth/001887.png,24149
depth/001888.png,24304
depth/001889.png,24283
depth/001890.png,23969
depth/001891.png,23986
depth/001892.png,24287
depth/001893.png,24380
depth/001894.png,24244
depth/001895.png,24049
depth/001896.png,23974
depth/001897.png,24107
depth/001898.png,23746
depth/001899.png,23801
depth/001900.png,23056
depth/001901.png,22845
depth/001902.png,22401
depth/001903.png,22009
depth/001904.png,21733
depth/001905.png,21069
depth/001906.png,21235
depth/001907.png,20493
depth/001908.png,20171
depth/001909.png,20223
depth/001910.png,19701
depth/001911.png,19476
depth/001912.png,18832
depth/001913.png,18889
depth/001914.png,19175
depth/001915.png,19210
depth/001916.png,19035
depth/001917.png,19185
depth/001918.png,19528
depth/001919.png,20808
depth/001920.png,20824
depth/001921.png,21744
depth/001922.png,22941
depth/001923.png,23631
depth/001924.png,23810
depth/001925.png,25276
depth/001926.png,25997
depth/001927.png,26813
depth/001928.png,26528
depth/001929.png,26689
depth/001930.png,26840
depth/001931.png,28666
depth/001932.png,28028
depth/001933.png,28718
depth/001934.png,29796
depth/001935.png,30032
depth/001936.png,29853
depth/001937.png,29096
depth/001938.png,29524
depth/001939.png,30952
depth/001940.png,30483
depth/001941.png,31407
depth/001942.png,31028
depth/001943.png,31972
depth/001944.png,32190
depth/001945.png,30746
depth/001946.png,31837
depth/001947.png,31735
depth/001948.png,33134
depth/001949.png,33497
depth/001950.png,33591
depth/001951.png,34302
depth/001952.png,34251
depth/001953.png,33998
depth/001954.png,33168
depth/001955.png,34243
depth/001956.png,35046
depth/001957.png,34534
depth/001958.png,34845
depth/001959.png,35083
depth/001960.png,35785
depth/001961.png,35363
depth/001962.png,36856
depth/001963.png,37059
depth/001964.png,37107
depth/001965.png,36471
depth/001966.png,34016
depth/001967.png,36788
depth/001968.png,37125
depth/001969.png,38191
depth/001970.png,39304
depth/001971.png,39252
depth/001972.png,39704
depth/001973.png,39461
depth/001974.png,39910
depth/001975.png,40355
depth/001976.png,40416
depth/001977.png,39968
depth/001978.png,37940
depth/001979.png,38069
depth/001980.png,37641
depth/001981.png,37686
depth/001982.png,37335
depth/001983.png,37323
depth/001984.png,37341
depth/001985.png,37139
depth/001986.png,37948
depth/001987.png,37749
depth/001988.png,37994
depth/001989.png,38182
depth/001990.png,38119
depth/001991.png,38136
depth/001992.png,37755
depth/001993.png,37084
depth/001994.png,36416
depth/001995.png,36136
depth/001996.png,35416
depth/001997.png,34493
depth/001998.png,35655
depth/001999.png,33107
depth/002000.png,32896
depth/002001.png,32510
depth/002002.png,31518
depth/002003.png,31247
depth/002004.png,31693
depth/002005.png,31622
depth/002006.png,30917
depth/002007.png,31549
depth/002008.png,31948
depth/002009.png,31960
depth/002010.png,30772
depth/002011.png,30923
depth/002012.png,30949
depth/002013.png,29609
depth/002014.png,30423
depth/002015.png,30998
depth/002016.png,29334
depth/002017.png,29544
depth/002018.png,29656
depth/002019.png,30987
depth/002020.png,32844
depth/002021.png,32504
depth/002022.png,33987
depth/002023.png,34232
depth/002024.png,35411
depth/002025.png,35010
depth/002026.png,36242
depth/002027.png,35420
depth/002028.png,36146
depth/002029.png,36243
depth/002030.png,36658
depth/002031.png,36056
depth/002032.png,36515
depth/002033.png,36326
depth/002034.png,36160
depth/002035.png,36044
depth/002036.png,34970
depth/002037.png,34632
depth/002038.png,34556
depth/002039.png,34206
depth/002040.png,33723
depth/002041.png,33765
depth/002042.png,33005
depth/002043.png,31878
depth/002044.png,31859
depth/002045.png,31148
depth/002046.png,30451
depth/002047.png,30606
depth/002048.png,30219
depth/002049.png,29208
depth/002050.png,28813
depth/002051.png,28319
depth/002052.png,27335
depth/002053.png,27026
depth/002054.png,26754
depth/002055.png,25941
depth/002056.png,25896
depth/002057.png,25866
depth/002058.png,25557
depth/002059.png,25445
depth/002060.png,25226
depth/002061.png,25013
depth/002062.png,24739
depth/002063.png,24527
depth/002064.png,24287
depth/002065.png,24017
depth/002066.png,23170
depth/002067.png,23358
depth/002068.png,23335
depth/002069.png,23432
depth/002070.png,23351
depth/002071.png,23310
depth/002072.png,23338
depth/002073.png,23133
depth/002074.png,22848
depth/002075.png,22580
depth/002076.png,23110
depth/002077.png,22914
depth/002078.png,22867
depth/002079.png,22912
depth/002080.png,22829
depth/002081.png,23044
depth/002082.png,22830
depth/002083.png,22804
depth/002084.png,22430
depth/002085.png,22522
depth/002086.png,22537
depth/002087.png,22582
depth/002088.png,22476
depth/002089.png,22765
depth/002090.png,22299
depth/002091.png,22194
depth/002092.png,22109
depth/002093.png,22042
depth/002094.png,22457
depth/002095.png,22608
depth/002096.png,22266
depth/002097.png,22490
depth/002098.png,22243
depth/002099.png,22579
depth/002100.png,22446
depth/002101.png,22348
depth/002102.png,22396
depth/002103.png,22514
depth/002104.png,22302
depth/002105.png,22347
depth/002106.png,22548
depth/002107.png,23095
depth/002108.png,23301
depth/002109.png,23115
depth/002110.png,23546
depth/002111.png,23538
depth/002112.png,23770
depth/002113.png,23860
depth/002114.png,23784
depth/002115.png,24380
depth/002116.png,24249
depth/002117.png,24215
depth/002118.png,24324
depth/002119.png,24470
depth/002120.png,24954
depth/002121.png,24780
depth/002122.png,25357
depth/002123.png,25263
depth/002124.png,25677
depth/002125.png,25616
depth/002126.png,26246
depth/002127.png,27466
depth/002128.png,27420
depth/002129.png,27366
depth/002130.png,28476
depth/002131.png,28053
depth/002132.png,29594
depth/002133.png,29829
depth/002134.png,29760
depth/002135.png,31043
depth/002136.png,31549
depth/002137.png,32426
depth/002138.png,32911
depth/002139.png,33028
depth/002140.png,32882
depth/002141.png,32589
depth/002142.png,32401
depth/002143.png,32585
depth/002144.png,33785
depth/002145.png,33653
depth/002146.png,34188
depth/002147.png,34152
depth/002148.png,34038
depth/002149.png,33823
depth/002150.png,33954
depth/002151.png,33473
depth/002152.png,34072
depth/002153.png,34032
depth/002154.png,33766
depth/002155.png,33562
depth/002156.png,33192
depth/002157.png,33034
depth/002158.png,32281
depth/002159.png,32748
depth/002160.png,32745
depth/002161.png,32337
depth/002162.png,32363
depth/002163.png,32351
depth/002164.png,32290
depth/002165.png,31733
depth/002166.png,31932
depth/002167.png,31915
depth/002168.png,32263
depth/002169.png,32225
depth/002170.png,31810
depth/002171.png,31582
depth/002172.png,31502
depth/002173.png,31054
depth/002174.png,31531
depth/002175.png,31021
depth/002176.png,31050
depth/002177.png,31167
depth/002178.png,31312
depth/002179.png,31092
depth/002180.png,31274
depth/002181.png,31618
depth/002182.png,31597
depth/002183.png,31523
depth/002184.png,30972
depth/002185.png,31003
depth/002186.png,30526
depth/002187.png,29995
depth/002188.png,30095
depth/002189.png,29883
depth/002190.png,29643
depth/002191.png,29798
depth/002192.png,29429
depth/002193.png,29495
depth/002194.png,30316
depth/002195.png,29945
depth/002196.png,30043
depth/002197.png,29593
depth/002198.png,28600
depth/002199.png,29099
depth/002200.png,29240
depth/002201.png,29630
depth/002202.png,30118
depth/002203.png,29224
depth/002204.png,29286
depth/002205.png,29129
depth/002206.png,28768
depth/002207.png,29154
depth/002208.png,29717
depth/002209.png,29434
depth/002210.png,29041
depth/002211.png,28931
depth/002212.png,29076
depth/002213.png,29438
depth/002214.png,29273
depth/002215.png,28839
depth/002216.png,28928
depth/002217.png,28681
depth/002218.png,28839
depth/002219.png,28657
depth/002220.png,28979
depth/002221.png,28895
depth/002222.png,28616
depth/002223.png,28745
depth/002224.png,27954
depth/002225.png,27962
depth/002226.png,28173
depth/002227.png,27940
depth/002228.png,27885
depth/002229.png,27738
depth/002230.png,26813
depth/002231.png,26675
depth/002232.png,26747
depth/002233.png,26779
depth/002234.png,26603
depth/002235.png,26823
depth/002236.png,26556
depth/002237.png,26762
depth/002238.png,26337
depth/002239.png,25945
depth/002240.png,26008
depth/002241.png,25961
depth/002242.png,25759
depth/002243.png,26034
depth/002244.png,26070
depth/002245.png,25786
depth/002246.png,25635
depth/002247.png,25828
depth/002248.png,25738
depth/002249.png,26140
depth/002250.png,26310
depth/002251.png,26258
depth/002252.png,25762
depth/002253.png,26132
depth/002254.png,26043
depth/002255.png,25877
depth/002256.png,25685
depth/002257.png,25093
depth/002258.png,24777
depth/002259.png,24236
depth/002260.png,23695
depth/002261.png,23977
depth/002262.png,24134
depth/002263.png,23783
depth/002264.png,23551
depth/002265.png,23690
depth/002266.png,23422
depth/002267.png,23199
depth/002268.png,22843
depth/002269.png,22570
depth/002270.png,22513
depth/002271.png,23038
depth/002272.png,22448
depth/002273.png,22729
depth/002274.png,23325
depth/002275.png,23722
depth/002276.png,23242
depth/002277.png,23165
depth/002278.png,23498
depth/002279.png,23567
depth/002280.png,23842
depth/002281.png,23518
depth/002282.png,23029
depth/002283.png,23518
depth/002284.png,23137
depth/002285.png,22541
depth/002286.png,22600
depth/002287.png,22174
depth/002288.png,21732
depth/002289.png,21870
depth/002290.png,21645
depth/002291.png,21865
depth/002292.png,21966
depth/002293.png,21663
depth/002294.png,21510
depth/002295.png,21612
depth/002296.png,21655
depth/002297.png,21776
depth/002298.png,21636
depth/002299.png,21784
depth/002300.png,21989
depth/002301.png,21803
depth/002302.png,22057
depth/002303.png,22093
depth/002304.png,22004
depth/002305.png,22074
depth/002306.png,22084
depth/002307.png,21856
depth/002308.png,21752
depth/002309.png,22004
depth/002310.png,21890
depth/002311.png,21845
depth/002312.png,21615
depth/002313.png,21614
depth/002314.png,21979
depth/002315.png,21686
depth/002316.png,21807
depth/002317.png,21649
depth/002318.png,21964
depth/002319.png,21893
depth/002320.png,22047
depth/002321.png,21896
depth/002322.png,22112
depth/002323.png,22073
depth/002324.png,22354
depth/002325.png,22140
depth/002326.png,21911
depth/002327.png,21901
depth/002328.png,21844
depth/002329.png,22350
depth/002330.png,22702
depth/002331.png,22874
depth/002332.png,22230
depth/002333.png,23349
depth/002334.png,23430
depth/002335.png,23632
depth/002336.png,23673
depth/002337.png,23812
depth/002338.png,23897
depth/002339.png,23832
depth/002340.png,23840
depth/002341.png,23833
depth/002342.png,23777
depth/002343.png,24012
depth/002344.png,24133
depth/002345.png,24191
depth/002346.png,24124
depth/002347.png,24233
depth/002348.png,24409
depth/002349.png,24640
depth/002350.png,24439
depth/002351.png,24301
depth/002352.png,24265
depth/002353.png,24231
depth/002354.png,24024
depth/002355.png,23950
depth/002356.png,23812
depth/002357.png,23996
depth/002358.png,23912
depth/002359.png,24057
depth/002360.png,24338
depth/002361.png,24151
depth/002362.png,24219
depth/002363.png,24116
depth/002364.png,24176
depth/002365.png,24391
depth/002366.png,24334
depth/002367.png,24224
depth/002368.png,24007
depth/002369.png,24152
depth/002370.png,24074
depth/002371.png,24161
depth/002372.png,23358
depth/002373.png,23693
depth/002374.png,23697
depth/002375.png,24043
depth/002376.png,24076
depth/002377.png,24215
depth/002378.png,24104
depth/002379.png,24070
depth/002380.png,24259
depth/002381.png,24162
depth/002382.png,24508
depth/002383.png,24241
depth/002384.png,24288
depth/002385.png,24198
depth/002386.png,24416
depth/002387.png,24725
depth/002388.png,24598
depth/002389.png,24746
depth/002390.png,24518
depth/002391.png,24856
depth/002392.png,25295
depth/002393.png,24581
depth/002394.png,23743
depth/002395.png,24098
depth/002396.png,25091
depth/002397.png,25677
depth/002398.png,26057
depth/002399.png,25906
depth/002400.png,25891
depth/002401.png,25853
depth/002402.png,25946
depth/002403.png,26254
depth/002404.png,25711
depth/002405.png,25505
depth/002406.png,26359
depth/002407.png,26768
depth/002408.png,27090
depth/002409.png,26660
depth/002410.png,26058
depth/002411.png,26179
depth/002412.png,25971
depth/002413.png,26313
depth/002414.png,26177
depth/002415.png,26594
depth/002416.png,26529
depth/002417.png,26552
depth/002418.png,26334
depth/002419.png,26129
depth/002420.png,25470
depth/002421.png,25814
depth/002422.png,25834
depth/002423.png,25745
depth/002424.png,25656
depth/002425.png,25514
depth/002426.png,25820
depth/002427.png,25901
depth/002428.png,26111
depth/002429.png,25895
depth/002430.png,25881
depth/002431.png,25742
depth/002432.png,25808
depth/002433.png,25687
depth/002434.png,25282
depth/002435.png,25557
depth/002436.png,25524
depth/002437.png,25231
depth/002438.png,25041
depth/002439.png,25128
depth/002440.png,25283
depth/002441.png,24882
depth/002442.png,24806
depth/002443.png,24862
depth/002444.png,24726
depth/002445.png,24592
depth/002446.png,24428
depth/002447.png,24219
depth/002448.png,24285
depth/002449.png,24088
depth/002450.png,24414
depth/002451.png,24011
depth/002452.png,23689
depth/002453.png,24241
depth/002454.png,24324
depth/002455.png,24180
depth/002456.png,23780
depth/002457.png,23404
depth/002458.png,23447
depth/002459.png,23267
depth/002460.png,23232
depth/002461.png,23303
depth/002462.png,23159
depth/002463.png,23257
depth/002464.png,22936
depth/002465.png,22761
depth/002466.png,22545
depth/002467.png,22475
depth/002468.png,22721
depth/002469.png,22424
depth/002470.png,22767
depth/002471.png,22298
depth/002472.png,22429
depth/002473.png,22226
depth/002474.png,22782
depth/002475.png,22633
depth/002476.png,22871
depth/002477.png,22753
depth/002478.png,22412
depth/002479.png,22249
depth/002480.png,22640
depth/002481.png,22373
depth/002482.png,22141
depth/002483.png,22031
depth/002484.png,21641
depth/002485.png,21777
depth/002486.png,21635
depth/002487.png,21373
depth/002488.png,21418
depth/002489.png,21708
depth/002490.png,22000
depth/002491.png,21923
depth/002492.png,21864
depth/002493.png,22098
depth/002494.png,21537
depth/002495.png,21460
depth/002496.png,21149
depth/002497.png,21722
depth/002498.png,21940
depth/002499.png,21493
depth/002500.png,20928
depth/002501.png,21128
depth/002502.png,20793
depth/002503.png,20651
depth/002504.png,20402
depth/002505.png,20513
depth/002506.png,20890
depth/002507.png,21012
depth/002508.png,20182
depth/002509.png,20358
depth/002510.png,20277
depth/002511.png,20540
depth/002512.png,21952
depth/002513.png,22152
depth/002514.png,22682
depth/002515.png,21502
depth/002516.png,21196
depth/002517.png,20983
depth/002518.png,20920
depth/002519.png,21112
depth/002520.png,21455
depth/002521.png,21373
depth/002522.png,21448
depth/002523.png,21564
depth/002524.png,21491
depth/002525.png,21534
depth/002526.png,22464
depth/002527.png,22896
depth/002528.png,23403
depth/002529.png,23193
depth/002530.png,25147
depth/002531.png,24955
depth/002532.png,24417
depth/002533.png,23694
depth/002534.png,23243
depth/002535.png,23115
depth/002536.png,23372
depth/002537.png,23343
depth/002538.png,23411
depth/002539.png,23402
depth/002540.png,23952
depth/002541.png,23954
depth/002542.png,24455
depth/002543.png,25044
depth/002544.png,24423
depth/002545.png,24760
depth/002546.png,24625
depth/002547.png,24627
depth/002548.png,25662
depth/002549.png,24336
depth/002550.png,24174
depth/002551.png,24646
depth/002552.png,23921
depth/002553.png,24133
depth/002554.png,24246
depth/002555.png,24483
depth/002556.png,24681
depth/002557.png,24526
depth/002558.png,25080
depth/002559.png,25125
depth/002560.png,25505
depth/002561.png,25412
depth/002562.png,25613
depth/002563.png,25905
depth/002564.png,25427
depth/002565.png,25719
depth/002566.png,25718
depth/002567.png,25820
depth/002568.png,25823
depth/002569.png,26083
depth/002570.png,26010
depth/002571.png,26005
depth/002572.png,25762
depth/002573.png,25759
depth/002574.png,25492
depth/002575.png,25428
depth/002576.png,25014
depth/002577.png,24920
depth/002578.png,24700
depth/002579.png,24239
depth/002580.png,22782
depth/002581.png,22590
depth/002582.png,21963
depth/002583.png,21614
depth/002584.png,21126
depth/002585.png,21343
depth/002586.png,21774
depth/002587.png,21954
depth/002588.png,21679
depth/002589.png,21308
depth/002590.png,19759
depth/002591.png,18661
depth/002592.png,17437
depth/002593.png,16728
depth/002594.png,15535
depth/002595.png,15054
depth/002596.png,14726
depth/002597.png,14586
depth/002598.png,14101
depth/002599.png,14008
depth/002600.png,13795
depth/002601.png,14021
depth/002602.png,14217
depth/002603.png,14058
depth/002604.png,14085
depth/002605.png,14096
depth/002606.png,14257
depth/002607.png,14371
depth/002608.png,14209
depth/002609.png,14336
depth/002610.png,14284
depth/002611.png,14439
depth/002612.png,14501
depth/002613.png,14409
depth/002614.png,14683
depth/002615.png,14456
depth/002616.png,14422
depth/002617.png,14315
depth/002618.png,14256
depth/002619.png,14080
depth/002620.png,14115
depth/002621.png,13951
depth/002622.png,13888
depth/002623.png,14053
depth/002624.png,13944
depth/002625.png,13910
depth/002626.png,13732
depth/002627.png,13514
depth/002628.png,13796
depth/002629.png,13585
depth/002630.png,13502
depth/002631.png,13533
depth/002632.png,13352
depth/002633.png,13361
depth/002634.png,13297
depth/002635.png,13309
depth/002636.png,13289
depth/002637.png,13473
depth/002638.png,13677
depth/002639.png,13907
depth/002640.png,13766
depth/002641.png,13644
depth/002642.png,13995
depth/002643.png,13995
depth/002644.png,13998
depth/002645.png,13923
depth/002646.png,13784
depth/002647.png,13797
depth/002648.png,14104
depth/002649.png,14180
depth/002650.png,13927
depth/002651.png,13892
depth/002652.png,13945
depth/002653.png,14033
depth/002654.png,14014
depth/002655.png,14096
depth/002656.png,14026
depth/002657.png,13527
depth/002658.png,13864
depth/002659.png,13607
depth/002660.png,13666
depth/002661.png,13570
depth/002662.png,13465
depth/002663.png,13140
depth/002664.png,12444
depth/002665.png,12195
depth/002666.png,12767
depth/002667.png,12788
depth/002668.png,12962
depth/002669.png,11957
depth/002670.png,12235
depth/002671.png,12043
depth/002672.png,11941
depth/002673.png,11714
depth/002674.png,11699
depth/002675.png,11372
depth/002676.png,11443
depth/002677.png,11082
depth/002678.png,11122
depth/002679.png,10973
depth/002680.png,10878
depth/002681.png,10844
depth/002682.png,10834
depth/002683.png,10920
depth/002684.png,10699
depth/002685.png,10851
depth/002686.png,10716
depth/002687.png,10879
depth/002688.png,10670
depth/002689.png,10438
depth/002690.png,10575
depth/002691.png,10279
depth/002692.png,9876
depth/002693.png,9071
depth/002694.png,8588
depth/002695.png,7830
depth/002696.png,7924
depth/002697.png,8396
depth/002698.png,8977
depth/002699.png,9314
depth/002700.png,9522
depth/002701.png,9698
depth/002702.png,9962
depth/002703.png,10007
depth/002704.png,10008
depth/002705.png,9937
depth/002706.png,10318
depth/002707.png,10309
depth/002708.png,10714
depth/002709.png,11534
depth/002710.png,12202
depth/002711.png,13040
depth/002712.png,13216
depth/002713.png,13484
depth/002714.png,13928
depth/002715.png,13899
depth/002716.png,14026
depth/002717.png,13526
depth/002718.png,13202
depth/002719.png,13066
depth/002720.png,13241
depth/002721.png,13067
depth/002722.png,13071
depth/002723.png,12999
depth/002724.png,12984
depth/002725.png,13160
depth/002726.png,13222
depth/002727.png,12978
depth/002728.png,13332
depth/002729.png,13453
depth/002730.png,13089
depth/002731.png,13361
depth/002732.png,12691
depth/002733.png,12838
depth/002734.png,13191
depth/002735.png,12689
depth/002736.png,14531
depth/002737.png,14895
depth/002738.png,13662
depth/002739.png,13823
depth/002740.png,14128
depth/002741.png,13835
depth/002742.png,14595
depth/002743.png,15199
depth/002744.png,14633
depth/002745.png,14472
depth/002746.png,15388
depth/002747.png,15428
depth/002748.png,16015
depth/002749.png,15405
depth/002750.png,15259
depth/002751.png,15314
depth/002752.png,14933
depth/002753.png,14195
depth/002754.png,14630
depth/002755.png,14808
depth/002756.png,14758
depth/002757.png,14842
depth/002758.png,14420
depth/002759.png,14403
depth/002760.png,16457
depth/002761.png,17847
depth/002762.png,17956
depth/002763.png,19491
depth/002764.png,19861
depth/002765.png,19793
depth/002766.png,20345
depth/002767.png,20644
depth/002768.png,21603
depth/002769.png,21815
depth/002770.png,21926
depth/002771.png,22058
depth/002772.png,21471
depth/002773.png,22105
depth/002774.png,22630
depth/002775.png,22912
depth/002776.png,22973
depth/002777.png,23378
depth/002778.png,23781
depth/002779.png,23346
depth/002780.png,23557
depth/002781.png,23453
depth/002782.png,23703
depth/002783.png,23914
depth/002784.png,23945
depth/002785.png,24255
depth/002786.png,25099
depth/002787.png,24963
depth/002788.png,24924
depth/002789.png,25854
depth/002790.png,25875
depth/002791.png,26356
depth/002792.png,26647
depth/002793.png,26529
depth/002794.png,27032
depth/002795.png,26901
depth/002796.png,26912
depth/002797.png,27994
depth/002798.png,27775
depth/002799.png,27655
depth/002800.png,27123
depth/002801.png,26746
depth/002802.png,27022
depth/002803.png,26838
depth/002804.png,26720
depth/002805.png,26303
depth/002806.png,26197
depth/002807.png,26154
depth/002808.png,26685
depth/002809.png,26051
depth/002810.png,25389
depth/002811.png,25381
depth/002812.png,25176
depth/002813.png,24962
depth/002814.png,24881
depth/002815.png,24911
depth/002816.png,24345
depth/002817.png,24427
depth/002818.png,24736
depth/002819.png,23846
depth/002820.png,23628
depth/002821.png,23474
depth/002822.png,23509
depth/002823.png,23455
depth/002824.png,23416
depth/002825.png,23724
depth/002826.png,23800
depth/002827.png,23473
depth/002828.png,23893
depth/002829.png,23860
depth/002830.png,23341
depth/002831.png,23498
depth/002832.png,24204
depth/002833.png,23765
depth/002834.png,23635
depth/002835.png,23461
depth/002836.png,23453
depth/002837.png,23067
depth/002838.png,23066
depth/002839.png,22847
depth/002840.png,22794
depth/002841.png,23269
depth/002842.png,22520
depth/002843.png,22029
depth/002844.png,22186
depth/002845.png,22517
depth/002846.png,22401
depth/002847.png,22046
depth/002848.png,22811
depth/002849.png,22628
depth/002850.png,22339
depth/002851.png,22887
depth/002852.png,22871
depth/002853.png,22522
depth/002854.png,22530
depth/002855.png,22302
depth/002856.png,22144
depth/002857.png,22498
depth/002858.png,22631
depth/002859.png,22904
depth/002860.png,22740
depth/002861.png,22545
depth/002862.png,22454
depth/002863.png,22517
depth/002864.png,22514
depth/002865.png,22213
depth/002866.png,22044
depth/002867.png,21800
depth/002868.png,21931
depth/002869.png,22209
depth/002870.png,21686
depth/002871.png,21619
depth/002872.png,21686
depth/002873.png,22017
depth/002874.png,22167
depth/002875.png,22524
depth/002876.png,22871
depth/002877.png,22869
depth/002878.png,22316
depth/002879.png,22928
depth/002880.png,22767
depth/002881.png,23264
depth/002882.png,23313
depth/002883.png,23421
depth/002884.png,23289
depth/002885.png,23788
depth/002886.png,24359
depth/002887.png,23622
depth/002888.png,24390
depth/002889.png,24070
depth/002890.png,24274
depth/002891.png,24105
depth/002892.png,24478
depth/002893.png,24494
depth/002894.png,24772
depth/002895.png,25040
depth/002896.png,25457
depth/002897.png,25688
depth/002898.png,25001
depth/002899.png,24824
depth/002900.png,24724
depth/002901.png,24860
depth/002902.png,25129
depth/002903.png,24941
depth/002904.png,24786
depth/002905.png,24669
depth/002906.png,24117
depth/002907.png,24103
depth/002908.png,24223
depth/002909.png,24271
depth/002910.png,24801
depth/002911.png,23975
depth/002912.png,24213
depth/002913.png,23738
depth/002914.png,24284
depth/002915.png,24227
depth/002916.png,24171
depth/002917.png,24226
depth/002918.png,24063
depth/002919.png,24299
depth/002920.png,24100
depth/002921.png,24152
depth/002922.png,22708
depth/002923.png,22741
depth/002924.png,21946
depth/002925.png,22305
depth/002926.png,21938
depth/002927.png,21333
depth/002928.png,21471
depth/002929.png,20345
depth/002930.png,20075
depth/002931.png,19836
depth/002932.png,19557
depth/002933.png,19178
depth/002934.png,18617
depth/002935.png,18153
depth/002936.png,17601
depth/002937.png,17203
depth/002938.png,17141
depth/002939.png,16987
depth/002940.png,16239
depth/002941.png,16138
depth/002942.png,15914
depth/002943.png,15389
depth/002944.png,14681
depth/002945.png,15096
depth/002946.png,14841
depth/002947.png,14699
depth/002948.png,14933
depth/002949.png,15060
depth/002950.png,15010
depth/002951.png,14930
depth/002952.png,14002
depth/002953.png,13909
depth/002954.png,13909
depth/002955.png,13159
depth/002956.png,12958
depth/002957.png,11383
depth/002958.png,10321
depth/002959.png,9820
depth/002960.png,9580
depth/002961.png,9960
depth/002962.png,10295
depth/002963.png,10989
depth/002964.png,10185
depth/002965.png,10253
depth/002966.png,10699
depth/002967.png,11358
depth/002968.png,12483
depth/002969.png,12977
depth/002970.png,14495
depth/002971.png,16959
depth/002972.png,16012
depth/002973.png,16160
depth/002974.png,16700
depth/002975.png,17059
depth/002976.png,17189
depth/002977.png,17845
depth/002978.png,18142
depth/002979.png,18708
depth/002980.png,19301
depth/002981.png,19746
depth/002982.png,19806
depth/002983.png,20408
depth/002984.png,21077
depth/002985.png,21058
depth/002986.png,21510
depth/002987.png,21940
depth/002988.png,21928
depth/002989.png,22076
depth/002990.png,22258
depth/002991.png,22085
depth/002992.png,22094
depth/002993.png,22554
depth/002994.png,22783
depth/002995.png,22739
depth/002996.png,22897
depth/002997.png,22549
depth/002998.png,22814
depth/002999.png,22893
depth/003000.png,22979
depth/003001.png,23486
depth/003002.png,23595
depth/003003.png,23597
depth/003004.png,23703
depth/003005.png,23744
depth/003006.png,23385
depth/003007.png,23477
depth/003008.png,23193
depth/003009.png,23179
depth/003010.png,23332
depth/003011.png,23421
depth/003012.png,23301
depth/003013.png,23682
depth/003014.png,23743
depth/003015.png,23852
depth/003016.png,23513
depth/003017.png,23730
depth/003018.png,23785
depth/003019.png,23814
depth/003020.png,24051
depth/003021.png,24582
depth/003022.png,24500
depth/003023.png,24366
depth/003024.png,24418
depth/003025.png,24144
depth/003026.png,24042
depth/003027.png,23413
depth/003028.png,23495
depth/003029.png,23520
depth/003030.png,23537
depth/003031.png,23631
depth/003032.png,23788
depth/003033.png,24319
depth/003034.png,24529
depth/003035.png,24094
depth/003036.png,23783
depth/003037.png,23955
depth/003038.png,24815
depth/003039.png,24733
depth/003040.png,24648
depth/003041.png,25302
depth/003042.png,25199
depth/003043.png,25483
depth/003044.png,25543
depth/003045.png,25877
depth/003046.png,26516
depth/003047.png,26669
depth/003048.png,26540
depth/003049.png,26743
depth/003050.png,26926
depth/003051.png,27250
depth/003052.png,27559
depth/003053.png,27898
depth/003054.png,28282
depth/003055.png,29094
depth/003056.png,29254
depth/003057.png,29364
depth/003058.png,29704
depth/003059.png,29679
depth/003060.png,29556
depth/003061.png,29261
depth/003062.png,30155
depth/003063.png,30027
depth/003064.png,30382
depth/003065.png,29973
depth/003066.png,29575
depth/003067.png,29812
depth/003068.png,29602
depth/003069.png,29321
depth/003070.png,29344
depth/003071.png,28906
depth/003072.png,28835
depth/003073.png,28970
depth/003074.png,28568
depth/003075.png,28539
depth/003076.png,27813
depth/003077.png,28474
depth/003078.png,29241
depth/003079.png,29843
depth/003080.png,29374
depth/003081.png,29304
depth/003082.png,28699
depth/003083.png,29080
depth/003084.png,30086
depth/003085.png,29939
depth/003086.png,30196
depth/003087.png,29914
depth/003088.png,30970
depth/003089.png,30565
depth/003090.png,31392
depth/003091.png,31368
depth/003092.png,31468
depth/003093.png,31694
depth/003094.png,32246
depth/003095.png,31990
depth/003096.png,32154
depth/003097.png,32072
depth/003098.png,31699
depth/003099.png,31789
depth/003100.png,31371
depth/003101.png,31641
depth/003102.png,31381
depth/003103.png,31276
depth/003104.png,31383
depth/003105.png,31118
depth/003106.png,31332
depth/003107.png,31465
depth/003108.png,30864
depth/003109.png,30672
depth/003110.png,30198
depth/003111.png,30291
depth/003112.png,30121
depth/003113.png,30497
depth/003114.png,30459
depth/003115.png,30069
depth/003116.png,29273
depth/003117.png,28922
depth/003118.png,28807
depth/003119.png,28209
depth/003120.png,27879
depth/003121.png,27767
depth/003122.png,28229
depth/003123.png,27502
depth/003124.png,27515
depth/003125.png,26636
depth/003126.png,26846
depth/003127.png,26585
depth/003128.png,26606
depth/003129.png,27062
depth/003130.png,26921
depth/003131.png,25905
depth/003132.png,25863
depth/003133.png,26140
depth/003134.png,26807
depth/003135.png,26406
depth/003136.png,26574
depth/003137.png,26006
depth/003138.png,27188
depth/003139.png,27189
depth/003140.png,26916
depth/003141.png,27618
depth/003142.png,27209
depth/003143.png,27103
depth/003144.png,26700
depth/003145.png,26191
depth/003146.png,25825
depth/003147.png,25266
depth/003148.png,24400
depth/003149.png,24320
depth/003150.png,24366
depth/003151.png,24216
depth/003152.png,23804
depth/003153.png,24022
depth/003154.png,23797
depth/003155.png,23495
depth/003156.png,23177
depth/003157.png,23404
depth/003158.png,23314
depth/003159.png,23535
depth/003160.png,23726
depth/003161.png,23706
depth/003162.png,24065
depth/003163.png,24118
depth/003164.png,24324
depth/003165.png,24282
depth/003166.png,24176
depth/003167.png,24073
depth/003168.png,23898
depth/003169.png,23191
depth/003170.png,22803
depth/003171.png,22444
depth/003172.png,22750
depth/003173.png,22153
depth/003174.png,21980
depth/003175.png,21833
depth/003176.png,21583
depth/003177.png,20893
depth/003178.png,20685
depth/003179.png,20628
depth/003180.png,20343
depth/003181.png,20126
depth/003182.png,19831
depth/003183.png,19646
depth/003184.png,19687
depth/003185.png,19592
depth/003186.png,19025
depth/003187.png,18765
depth/003188.png,18537
depth/003189.png,18513
depth/003190.png,18415
depth/003191.png,18120
depth/003192.png,18286
depth/003193.png,17739
depth/003194.png,17325
depth/003195.png,16779
depth/003196.png,16431
depth/003197.png,16031
depth/003198.png,15747
depth/003199.png,15872
depth/003200.png,15398
depth/003201.png,15378
depth/003202.png,15638
depth/003203.png,15827
depth/003204.png,15315
depth/003205.png,15777
depth/003206.png,14957
depth/003207.png,15158
depth/003208.png,14706
depth/003209.png,14359
depth/003210.png,14582
depth/003211.png,14531
depth/003212.png,14094
depth/003213.png,14042
depth/003214.png,13819
depth/003215.png,13911
depth/003216.png,14156
depth/003217.png,14382
depth/003218.png,14621
depth/003219.png,14506
depth/003220.png,14636
depth/003221.png,14578
depth/003222.png,14423
depth/003223.png,14200
depth/003224.png,14057
depth/003225.png,14284
depth/003226.png,14507
depth/003227.png,14029
depth/003228.png,14111
depth/003229.png,14043
depth/003230.png,14165
depth/003231.png,13645
depth/003232.png,13981
depth/003233.png,13813
depth/003234.png,13527
depth/003235.png,13625
depth/003236.png,13374
depth/003237.png,13001
depth/003238.png,13504
depth/003239.png,13873
depth/003240.png,14358
depth/003241.png,14707
depth/003242.png,15094
depth/003243.png,15403
depth/003244.png,15319
depth/003245.png,15024
depth/003246.png,14708
depth/003247.png,14789
depth/003248.png,14919
depth/003249.png,14976
depth/003250.png,14632
depth/003251.png,14458
depth/003252.png,14966
depth/003253.png,15266
depth/003254.png,14912
depth/003255.png,15110
depth/003256.png,15546
depth/003257.png,16103
depth/003258.png,15985
depth/003259.png,16616
depth/003260.png,16781
depth/003261.png,17200
depth/003262.png,17650
depth/003263.png,18020
depth/003264.png,17832
depth/003265.png,17958
depth/003266.png,17652
depth/003267.png,17902
depth/003268.png,18164
depth/003269.png,17700
depth/003270.png,17727
depth/003271.png,18081
depth/003272.png,18028
depth/003273.png,17996
depth/003274.png,18067
depth/003275.png,18041
depth/003276.png,18271
depth/003277.png,18711
depth/003278.png,19078
depth/003279.png,19073
depth/003280.png,19315
depth/003281.png,19424
depth/003282.png,19840
depth/003283.png,19720
depth/003284.png,20047
depth/003285.png,19864
depth/003286.png,19783
depth/003287.png,19819
depth/003288.png,20046
depth/003289.png,20109
depth/003290.png,19994
depth/003291.png,20347
depth/003292.png,20294
depth/003293.png,20384
depth/003294.png,20292
depth/003295.png,20558
depth/003296.png,20347
depth/003297.png,20266
depth/003298.png,19988
depth/003299.png,19976
depth/003300.png,19996
depth/003301.png,19427
depth/003302.png,19434
depth/003303.png,19074
depth/003304.png,18782
depth/003305.png,18523
depth/003306.png,18063
depth/003307.png,17944
depth/003308.png,17948
depth/003309.png,17352
depth/003310.png,17167
depth/003311.png,16562
depth/003312.png,16861
depth/003313.png,17028
depth/003314.png,17056
depth/003315.png,17134
depth/003316.png,17079
depth/003317.png,16955
depth/003318.png,16905
depth/003319.png,16794
depth/003320.png,16811
depth/003321.png,16404
depth/003322.png,16409
depth/003323.png,16848
depth/003324.png,16781
depth/003325.png,16968
depth/003326.png,17043
depth/003327.png,17124
depth/003328.png,17107
depth/003329.png,17059
depth/003330.png,17014
depth/003331.png,16858
depth/003332.png,16969
depth/003333.png,16621
depth/003334.png,16736
depth/003335.png,16463
depth/003336.png,16285
depth/003337.png,16347
depth/003338.png,16255
depth/003339.png,16461
depth/003340.png,16142
depth/003341.png,16178
depth/003342.png,16257
depth/003343.png,16198
depth/003344.png,16611
depth/003345.png,16493
depth/003346.png,17031
depth/003347.png,16811
depth/003348.png,16852
depth/003349.png,17320
depth/003350.png,17241
depth/003351.png,17181
depth/003352.png,17103
depth/003353.png,17463
depth/003354.png,17596
depth/003355.png,17903
depth/003356.png,17590
depth/003357.png,17441
depth/003358.png,17583
depth/003359.png,17765
depth/003360.png,18098
depth/003361.png,18317
depth/003362.png,18159
depth/003363.png,18278
depth/003364.png,18693
depth/003365.png,18363
depth/003366.png,19449
depth/003367.png,19664
depth/003368.png,20398
depth/003369.png,21148
depth/003370.png,21561
depth/003371.png,22309
depth/003372.png,22384
depth/003373.png,22919
depth/003374.png,22691
depth/003375.png,23334
depth/003376.png,24142
depth/003377.png,24630
depth/003378.png,25109
depth/003379.png,25451
depth/003380.png,25872
depth/003381.png,25408
depth/003382.png,26404
depth/003383.png,26399
depth/003384.png,26211
depth/003385.png,26214
depth/003386.png,27142
depth/003387.png,27542
depth/003388.png,27722
depth/003389.png,28363
depth/003390.png,29152
depth/003391.png,28449
depth/003392.png,29789
depth/003393.png,30232
depth/003394.png,29951
depth/003395.png,29881
depth/003396.png,29916
depth/003397.png,29135
depth/003398.png,30072
depth/003399.png,30289
depth/003400.png,31633
depth/003401.png,32375
depth/003402.png,33866
depth/003403.png,34147
depth/003404.png,32978
depth/003405.png,33335
depth/003406.png,33214
depth/003407.png,33548
depth/003408.png,32818
depth/003409.png,33501
depth/003410.png,34427
depth/003411.png,35572
depth/003412.png,35700
depth/003413.png,35772
depth/003414.png,35366
depth/003415.png,35067
depth/003416.png,34284
depth/003417.png,34646
depth/003418.png,34399
depth/003419.png,33852
depth/003420.png,33486
depth/003421.png,33086
depth/003422.png,32860
depth/003423.png,32908
depth/003424.png,32640
depth/003425.png,33242
depth/003426.png,33001
depth/003427.png,33207
depth/003428.png,33018
depth/003429.png,32001
depth/003430.png,31356
depth/003431.png,31425
depth/003432.png,31643
depth/003433.png,31773
depth/003434.png,31983
depth/003435.png,31511
depth/003436.png,30562
depth/003437.png,29842
depth/003438.png,29419
depth/003439.png,29207
depth/003440.png,29108
depth/003441.png,28537
depth/003442.png,27996
depth/003443.png,27738
depth/003444.png,27289
depth/003445.png,26565
depth/003446.png,25470
depth/003447.png,24421
depth/003448.png,24259
depth/003449.png,24205
depth/003450.png,22622
depth/003451.png,22002
depth/003452.png,21476
depth/003453.png,20798
depth/003454.png,21264
depth/003455.png,21394
depth/003456.png,20851
depth/003457.png,20594
depth/003458.png,20664
depth/003459.png,20123
depth/003460.png,20035
depth/003461.png,20223
depth/003462.png,20320
depth/003463.png,19465
depth/003464.png,18734
depth/003465.png,19427
depth/003466.png,20251
depth/003467.png,19485
depth/003468.png,19655
depth/003469.png,19521
depth/003470.png,19292
depth/003471.png,19274
depth/003472.png,18784
depth/003473.png,20226
depth/003474.png,20795
depth/003475.png,21617
depth/003476.png,21447
depth/003477.png,21641
depth/003478.png,21523
depth/003479.png,23450
depth/003480.png,23613
depth/003481.png,23992
depth/003482.png,24594
depth/003483.png,24676
depth/003484.png,25578
depth/003485.png,25459
depth/003486.png,25304
depth/003487.png,25011
depth/003488.png,25506
depth/003489.png,25283
depth/003490.png,25985
depth/003491.png,26426
depth/003492.png,26201
depth/003493.png,26505
depth/003494.png,26787
depth/003495.png,27164
depth/003496.png,26967
depth/003497.png,26567
depth/003498.png,26701
depth/003499.png,26776
depth/003500.png,26817
depth/003501.png,26622
depth/003502.png,26467
depth/003503.png,26080
depth/003504.png,26143
depth/003505.png,25883
depth/003506.png,25610
depth/003507.png,25369
depth/003508.png,25316
depth/003509.png,24643
depth/003510.png,24450
depth/003511.png,24913
depth/003512.png,24579
depth/003513.png,24596
depth/003514.png,24472
depth/003515.png,24299
depth/003516.png,24583
depth/003517.png,24331
depth/003518.png,24365
depth/003519.png,23952
depth/003520.png,23916
depth/003521.png,23731
depth/003522.png,23622
depth/003523.png,23747
depth/003524.png,23793
depth/003525.png,23186
depth/003526.png,22985
depth/003527.png,22976
depth/003528.png,22658
depth/003529.png,22099
depth/003530.png,22110
depth/003531.png,21737
depth/003532.png,21531
depth/003533.png,21375
depth/003534.png,20731
depth/003535.png,20606
depth/003536.png,20525
depth/003537.png,20319
depth/003538.png,20163
depth/003539.png,20101
depth/003540.png,20133
depth/003541.png,19796
depth/003542.png,19819
depth/003543.png,19635
depth/003544.png,19618
depth/003545.png,19731
depth/003546.png,19647
depth/003547.png,19886
depth/003548.png,19763
depth/003549.png,19611
depth/003550.png,19910
depth/003551.png,19513
depth/003552.png,19560
depth/003553.png,19617
depth/003554.png,19708
depth/003555.png,19871
depth/003556.png,19567
depth/003557.png,19822
depth/003558.png,19900
depth/003559.png,19738
depth/003560.png,19747
depth/003561.png,19922
depth/003562.png,20265
depth/003563.png,20359
depth/003564.png,20318
depth/003565.png,20334
depth/003566.png,20313
depth/003567.png,20276
depth/003568.png,18437
depth/003569.png,17765
depth/003570.png,17545
depth/003571.png,17200
depth/003572.png,16905
depth/003573.png,16727
depth/003574.png,16414
depth/003575.png,16784
depth/003576.png,16599
depth/003577.png,16278
depth/003578.png,16048
depth/003579.png,16049
depth/003580.png,16735
depth/003581.png,17131
depth/003582.png,17073
depth/003583.png,17400
depth/003584.png,17218
depth/003585.png,17053
depth/003586.png,17643
depth/003587.png,17593
depth/003588.png,18185
depth/003589.png,18275
depth/003590.png,18510
depth/003591.png,18199
depth/003592.png,18283
depth/003593.png,18454
depth/003594.png,18440
depth/003595.png,18083
depth/003596.png,17949
depth/003597.png,18000
depth/003598.png,17875
depth/003599.png,16845
depth/003600.png,16691
depth/003601.png,17391
depth/003602.png,17455
depth/003603.png,17214
depth/003604.png,17515
depth/003605.png,18095
depth/003606.png,18115
depth/003607.png,17758
depth/003608.png,18024
depth/003609.png,17882
depth/003610.png,18139
depth/003611.png,18154
depth/003612.png,18449
depth/003613.png,18239
depth/003614.png,18281
depth/003615.png,18364
depth/003616.png,18466
depth/003617.png,18746
depth/003618.png,18980
depth/003619.png,18976
depth/003620.png,19178
depth/003621.png,18844
depth/003622.png,18980
depth/003623.png,18652
depth/003624.png,18849
depth/003625.png,19078
depth/003626.png,18681
depth/003627.png,18929
depth/003628.png,18869
depth/003629.png,19036
depth/003630.png,18955
depth/003631.png,19014
depth/003632.png,18603
depth/003633.png,18430
depth/003634.png,18384
depth/003635.png,17974
depth/003636.png,17574
depth/003637.png,16671
depth/003638.png,16498
depth/003639.png,16554
depth/003640.png,16301
depth/003641.png,16125
depth/003642.png,15830
depth/003643.png,15668
depth/003644.png,15250
depth/003645.png,14923
depth/003646.png,14825
depth/003647.png,14728
depth/003648.png,14356
depth/003649.png,13920
depth/003650.png,14098
depth/003651.png,13587
depth/003652.png,13481
depth/003653.png,12951
depth/003654.png,12691
depth/003655.png,12192
depth/003656.png,11911
depth/003657.png,11673
depth/003658.png,11393
depth/003659.png,11043
depth/003660.png,10279
depth/003661.png,9924
depth/003662.png,8696
depth/003663.png,7525
depth/003664.png,7388
depth/003665.png,8135
depth/003666.png,8812
depth/003667.png,9425
depth/003668.png,9722
depth/003669.png,10035
depth/003670.png,10063
depth/003671.png,10163
depth/003672.png,10358
depth/003673.png,10990
depth/003674.png,11772
depth/003675.png,12347
depth/003676.png,13358
depth/003677.png,13909
depth/003678.png,14288
depth/003679.png,15260
depth/003680.png,15597
depth/003681.png,15835
depth/003682.png,16347
depth/003683.png,16503
depth/003684.png,16349
depth/003685.png,16574
depth/003686.png,16356
depth/003687.png,15961
depth/003688.png,15951
depth/003689.png,16349
depth/003690.png,18396
depth/003691.png,17913
depth/003692.png,18170
depth/003693.png,18732
depth/003694.png,18357
depth/003695.png,19137
depth/003696.png,19370
depth/003697.png,19431
depth/003698.png,19463
depth/003699.png,19686
depth/003700.png,20811
depth/003701.png,21176
depth/003702.png,21517
depth/003703.png,21943
depth/003704.png,22465
depth/003705.png,22646
depth/003706.png,22713
depth/003707.png,22970
depth/003708.png,22445
depth/003709.png,22686
depth/003710.png,23332
depth/003711.png,23974
depth/003712.png,23940
depth/003713.png,24378
depth/003714.png,24349
depth/003715.png,24433
depth/003716.png,24419
depth/003717.png,24026
depth/003718.png,24260
depth/003719.png,24213
depth/003720.png,24496
depth/003721.png,25126
depth/003722.png,24678
depth/003723.png,24615
depth/003724.png,24995
depth/003725.png,25849
depth/003726.png,26249
depth/003727.png,26323
depth/003728.png,26433
depth/003729.png,26535
depth/003730.png,26446
depth/003731.png,26899
depth/003732.png,27104
depth/003733.png,27104
depth/003734.png,27870
depth/003735.png,28227
depth/003736.png,28106
depth/003737.png,28137
depth/003738.png,28428
depth/003739.png,27842
depth/003740.png,28036
depth/003741.png,28982
depth/003742.png,29149
depth/003743.png,29619
depth/003744.png,29421
depth/003745.png,29535
depth/003746.png,30053
depth/003747.png,30468
depth/003748.png,30111
depth/003749.png,29887
depth/003750.png,30472
depth/003751.png,30276
depth/003752.png,30266
depth/003753.png,30535
depth/003754.png,30619
depth/003755.png,30416
depth/003756.png,30788
depth/003757.png,30414
depth/003758.png,30673
depth/003759.png,30588
depth/003760.png,30423
depth/003761.png,30681
depth/003762.png,30719
depth/003763.png,30836
depth/003764.png,31247
depth/003765.png,31569
depth/003766.png,31330
depth/003767.png,30980
depth/003768.png,31030
depth/003769.png,30250
depth/003770.png,30424
depth/003771.png,30266
depth/003772.png,30648
depth/003773.png,30543
depth/003774.png,29685
depth/003775.png,29222
depth/003776.png,29324
depth/003777.png,28954
depth/003778.png,29300
depth/003779.png,28660
depth/003780.png,29177
depth/003781.png,28966
depth/003782.png,28295
depth/003783.png,28759
depth/003784.png,28294
depth/003785.png,28434
depth/003786.png,27908
depth/003787.png,28202
depth/003788.png,28604
depth/003789.png,27862
depth/003790.png,27956
depth/003791.png,27997
depth/003792.png,28385
depth/003793.png,27618
depth/003794.png,27225
depth/003795.png,27258
depth/003796.png,26997
depth/003797.png,26502
depth/003798.png,26261
depth/003799.png,26007
depth/003800.png,26032
depth/003801.png,25582
depth/003802.png,25332
depth/003803.png,25267
depth/003804.png,24535
depth/003805.png,24006
depth/003806.png,23929
depth/003807.png,23770
depth/003808.png,24134
depth/003809.png,23293
depth/003810.png,23614
depth/003811.png,23217
depth/003812.png,23400
depth/003813.png,22920
depth/003814.png,23015
depth/003815.png,22515
depth/003816.png,22327
depth/003817.png,22613
depth/003818.png,22411
depth/003819.png,22138
depth/003820.png,21543
depth/003821.png,21440
depth/003822.png,21104
depth/003823.png,21066
depth/003824.png,20896
depth/003825.png,21287
depth/003826.png,21277
depth/003827.png,21406
depth/003828.png,21624
depth/003829.png,21642
depth/003830.png,21692
depth/003831.png,21369
depth/003832.png,21732
depth/003833.png,21685
depth/003834.png,21973
depth/003835.png,22232
depth/003836.png,22351
depth/003837.png,22514
depth/003838.png,22454
depth/003839.png,22454
depth/003840.png,22853
depth/003841.png,23025
depth/003842.png,23110
depth/003843.png,23624
depth/003844.png,23308
depth/003845.png,22901
depth/003846.png,22358
depth/003847.png,21905
depth/003848.png,22009
depth/003849.png,21527
depth/003850.png,22057
depth/003851.png,21830
depth/003852.png,22318
depth/003853.png,22227
depth/003854.png,23150
depth/003855.png,24045
depth/003856.png,23306
depth/003857.png,23981
depth/003858.png,23650
depth/003859.png,23798
depth/003860.png,22475
depth/003861.png,23865
depth/003862.png,22927
depth/003863.png,22738
depth/003864.png,22331
depth/003865.png,22536
depth/003866.png,22397
depth/003867.png,22963
depth/003868.png,22482
depth/003869.png,23075
depth/003870.png,22979
depth/003871.png,23704
depth/003872.png,23203
depth/003873.png,23170
depth/003874.png,23056
depth/003875.png,23736
depth/003876.png,23783
depth/003877.png,24304
depth/003878.png,24545
depth/003879.png,24504
depth/003880.png,24378
depth/003881.png,24509
depth/003882.png,24526
depth/003883.png,24483
depth/003884.png,24526
depth/003885.png,25108
depth/003886.png,25114
depth/003887.png,24230
depth/003888.png,24458
depth/003889.png,24815
depth/003890.png,24534
depth/003891.png,24256
depth/003892.png,24698
depth/003893.png,24725
depth/003894.png,24887
depth/003895.png,25409
depth/003896.png,25394
depth/003897.png,25816
depth/003898.png,25514
depth/003899.png,26023
depth/003900.png,26189
depth/003901.png,26385
depth/003902.png,26102
depth/003903.png,26404
depth/003904.png,26529
depth/003905.png,27100
depth/003906.png,27729
depth/003907.png,27795
depth/003908.png,27832
depth/003909.png,27949
depth/003910.png,28151
depth/003911.png,28715
depth/003912.png,28486
depth/003913.png,29212
depth/003914.png,28658
depth/003915.png,29499
depth/003916.png,29965
depth/003917.png,30583
depth/003918.png,30933
depth/003919.png,31107
depth/003920.png,31870
depth/003921.png,31262
depth/003922.png,31730
depth/003923.png,31734
depth/003924.png,32189
depth/003925.png,31718
depth/003926.png,31776
depth/003927.png,31691
depth/003928.png,31614
depth/003929.png,31731
depth/003930.png,31706
depth/003931.png,32111
depth/003932.png,32706
depth/003933.png,32176
depth/003934.png,32526
depth/003935.png,33513
depth/003936.png,32855
depth/003937.png,32669
depth/003938.png,32524
depth/003939.png,30464
depth/003940.png,30914
depth/003941.png,30469
depth/003942.png,30713
depth/003943.png,30701
depth/003944.png,29494
depth/003945.png,29705
depth/003946.png,29536
depth/003947.png,30075
depth/003948.png,29802
depth/003949.png,29698
depth/003950.png,29560
depth/003951.png,29450
depth/003952.png,29068
depth/003953.png,28141
depth/003954.png,28239
depth/003955.png,28665
depth/003956.png,28355
depth/003957.png,28214
depth/003958.png,28071
depth/003959.png,27920
depth/003960.png,26709
depth/003961.png,27096
depth/003962.png,26681
depth/003963.png,26852
depth/003964.png,26725
depth/003965.png,26787
depth/003966.png,26011
depth/003967.png,25180
depth/003968.png,25100
depth/003969.png,25298
depth/003970.png,25164
depth/003971.png,25304
depth/003972.png,25551
depth/003973.png,24700
depth/003974.png,25072
depth/003975.png,25244
depth/003976.png,24389
depth/003977.png,23947
depth/003978.png,23604
depth/003979.png,23990
depth/003980.png,25044
depth/003981.png,24565
depth/003982.png,24263
depth/003983.png,23335
depth/003984.png,23967
depth/003985.png,23740
depth/003986.png,23676
depth/003987.png,23263
depth/003988.png,23133
depth/003989.png,23490
depth/003990.png,25052
depth/003991.png,25581
depth/003992.png,25298
depth/003993.png,23532
depth/003994.png,23345
depth/003995.png,23689
depth/003996.png,23314
depth/003997.png,23593
depth/003998.png,23560
depth/003999.png,23630
depth/004000.png,22872
depth/004001.png,22416
depth/004002.png,22284
depth/004003.png,22688
depth/004004.png,22892
depth/004005.png,22430
depth/004006.png,22749
depth/004007.png,22200
depth/004008.png,21587
depth/004009.png,21461
depth/004010.png,21314
depth/004011.png,21573
depth/004012.png,20728
depth/004013.png,20558
depth/004014.png,21010
depth/004015.png,21666
depth/004016.png,21942
depth/004017.png,22008
depth/004018.png,21545
depth/004019.png,21618
depth/004020.png,22143
depth/004021.png,22049
depth/004022.png,22119
depth/004023.png,20660
depth/004024.png,19631
depth/004025.png,19905
depth/004026.png,21465
depth/004027.png,21361
depth/004028.png,20654
depth/004029.png,20944
depth/004030.png,20262
depth/004031.png,20475
depth/004032.png,21622
depth/004033.png,21573
depth/004034.png,21855
depth/004035.png,21490
depth/004036.png,21494
depth/004037.png,20911
depth/004038.png,21164
depth/004039.png,21303
depth/004040.png,20650
depth/004041.png,21230
depth/004042.png,20561
depth/004043.png,20780
depth/004044.png,20846
depth/004045.png,21212
depth/004046.png,21805
depth/004047.png,22009
depth/004048.png,21399
depth/004049.png,21490
depth/004050.png,21605
depth/004051.png,20650
depth/004052.png,21149
depth/004053.png,21296
depth/004054.png,21881
depth/004055.png,21830
depth/004056.png,21792
depth/004057.png,22723
depth/004058.png,22688
depth/004059.png,22701
depth/004060.png,24288
depth/004061.png,24200
depth/004062.png,24025
depth/004063.png,23786
depth/004064.png,24105
depth/004065.png,24318
depth/004066.png,24531
depth/004067.png,24032
depth/004068.png,24281
depth/004069.png,23411
depth/004070.png,22518
depth/004071.png,22280
depth/004072.png,22774
depth/004073.png,23516
depth/004074.png,23851
depth/004075.png,23619
depth/004076.png,23744
depth/004077.png,23700
depth/004078.png,23643
depth/004079.png,25206
depth/004080.png,24554
depth/004081.png,24551
depth/004082.png,22988
depth/004083.png,23087
depth/004084.png,22995
depth/004085.png,24173
depth/004086.png,25085
depth/004087.png,25220
depth/004088.png,25261
depth/004089.png,25394
depth/004090.png,25444
depth/004091.png,26347
depth/004092.png,25848
depth/004093.png,25907
depth/004094.png,25789
depth/004095.png,26725
depth/004096.png,26617
depth/004097.png,24706
depth/004098.png,24825
depth/004099.png,24947
depth/004100.png,24855
depth/004101.png,25351
depth/004102.png,25410
depth/004103.png,25431
depth/004104.png,24422
depth/004105.png,24379
depth/004106.png,24346
depth/004107.png,24581
depth/004108.png,24942
depth/004109.png,25922
depth/004110.png,25060
depth/004111.png,25454
depth/004112.png,25865
depth/004113.png,27026
depth/004114.png,26865
depth/004115.png,27046
depth/004116.png,26842
depth/004117.png,26513
depth/004118.png,27019
depth/004119.png,25910
depth/004120.png,26100
depth/004121.png,26681
depth/004122.png,26919
depth/004123.png,26771
depth/004124.png,27044
depth/004125.png,27266
depth/004126.png,27520
depth/004127.png,26956
depth/004128.png,27726
depth/004129.png,26533
depth/004130.png,27222
depth/004131.png,27590
depth/004132.png,27277
depth/004133.png,27206
depth/004134.png,28157
depth/004135.png,28108
depth/004136.png,28352
depth/004137.png,28019
depth/004138.png,29174
depth/004139.png,28824
depth/004140.png,28757
depth/004141.png,28384
depth/004142.png,28483
depth/004143.png,28674
depth/004144.png,28854
depth/004145.png,29180
depth/004146.png,27487
depth/004147.png,28790
depth/004148.png,28388
depth/004149.png,29261
depth/004150.png,29365
depth/004151.png,28150
depth/004152.png,28780
depth/004153.png,27400
depth/004154.png,28224
depth/004155.png,28135
depth/004156.png,27468
depth/004157.png,27073
depth/004158.png,27398
depth/004159.png,27928
depth/004160.png,27500
depth/004161.png,27425
depth/004162.png,27618
depth/004163.png,27427
depth/004164.png,27410
depth/004165.png,27475
depth/004166.png,27431
depth/004167.png,28016
depth/004168.png,28348
depth/004169.png,28187
depth/004170.png,28608
depth/004171.png,29071
depth/004172.png,28349
depth/004173.png,28358
depth/004174.png,29825
depth/004175.png,29445
depth/004176.png,29278
depth/004177.png,29662
depth/004178.png,29784
depth/004179.png,29240
depth/004180.png,29270
depth/004181.png,28936
depth/004182.png,28505
depth/004183.png,28976
depth/004184.png,28803
depth/004185.png,29168
depth/004186.png,29845
depth/004187.png,29682
depth/004188.png,29664
depth/004189.png,29170
depth/004190.png,29745
depth/004191.png,29618
depth/004192.png,29326
depth/004193.png,30094
depth/004194.png,30039
depth/004195.png,30499
depth/004196.png,30823
depth/004197.png,28764
depth/004198.png,28674
depth/004199.png,28608
depth/004200.png,28455
depth/004201.png,27987
depth/004202.png,26674
depth/004203.png,27400
depth/004204.png,26793
depth/004205.png,27302
depth/004206.png,27073
depth/004207.png,27018
depth/004208.png,26542
depth/004209.png,26200
depth/004210.png,25935
depth/004211.png,25920
depth/004212.png,25686
depth/004213.png,25883
depth/004214.png,25448
depth/004215.png,25185
depth/004216.png,25231
depth/004217.png,25052
depth/004218.png,25031
depth/004219.png,24437
depth/004220.png,24420
depth/004221.png,23950
depth/004222.png,24171
depth/004223.png,24144
depth/004224.png,23622
depth/004225.png,23455
depth/004226.png,22751
depth/004227.png,23035
depth/004228.png,22501
depth/004229.png,22403
depth/004230.png,22131
depth/004231.png,21915
depth/004232.png,21677
depth/004233.png,21243
depth/004234.png,21518
depth/004235.png,21761
depth/004236.png,21443
depth/004237.png,21050
depth/004238.png,21259
depth/004239.png,20761
depth/004240.png,21323
depth/004241.png,20614
depth/004242.png,19676
depth/004243.png,20176
depth/004244.png,20095
depth/004245.png,20753
depth/004246.png,21118
depth/004247.png,21798
depth/004248.png,21516
depth/004249.png,23986
depth/004250.png,26892
depth/004251.png,26833
depth/004252.png,24813
depth/004253.png,23409
depth/004254.png,22888
depth/004255.png,23259
depth/004256.png,25785
depth/004257.png,27733
depth/004258.png,27694
depth/004259.png,29529
depth/004260.png,30844
depth/004261.png,29145
depth/004262.png,30958
depth/004263.png,30026
depth/004264.png,30597
depth/004265.png,30016
depth/004266.png,32083
depth/004267.png,31371
depth/004268.png,30626
depth/004269.png,28876
depth/004270.png,28818
depth/004271.png,27846
depth/004272.png,27110
depth/004273.png,27406
depth/004274.png,27132
depth/004275.png,25581
depth/004276.png,25294
depth/004277.png,26164
depth/004278.png,25197
depth/004279.png,22514
depth/004280.png,21687
depth/004281.png,21731
depth/004282.png,22989
depth/004283.png,22664
depth/004284.png,22217
depth/004285.png,22137
depth/004286.png,22797
depth/004287.png,22569
depth/004288.png,22055
depth/004289.png,22557
depth/004290.png,22118
depth/004291.png,22273
depth/004292.png,22410
depth/004293.png,21533
depth/004294.png,21523
depth/004295.png,21133
depth/004296.png,22237
depth/004297.png,21494
depth/004298.png,21594
depth/004299.png,21363
depth/004300.png,21054
depth/004301.png,21174
depth/004302.png,21628
depth/004303.png,21219
depth/004304.png,21603
depth/004305.png,21085
depth/004306.png,21567
depth/004307.png,21836
depth/004308.png,21800
depth/004309.png,21846
depth/004310.png,22093
depth/004311.png,22188
depth/004312.png,22254
depth/004313.png,22672
depth/004314.png,22241
depth/004315.png,22748
depth/004316.png,22449
depth/004317.png,22658
depth/004318.png,22756
depth/004319.png,22352
depth/004320.png,22401
depth/004321.png,22311
depth/004322.png,22119
depth/004323.png,22156
depth/004324.png,22312
depth/004325.png,22254
depth/004326.png,21953
depth/004327.png,22015
depth/004328.png,21972
depth/004329.png,21963
depth/004330.png,21975
depth/004331.png,21709
depth/004332.png,21484
depth/004333.png,21413
depth/004334.png,21591
depth/004335.png,21555
depth/004336.png,21799
depth/004337.png,21593
depth/004338.png,21699
depth/004339.png,21329
depth/004340.png,21296
depth/004341.png,21362
depth/004342.png,21243
depth/004343.png,21006
depth/004344.png,21190
depth/004345.png,21195
depth/004346.png,21384
depth/004347.png,21063
depth/004348.png,21083
depth/004349.png,21355
depth/004350.png,21483
depth/004351.png,21388
depth/004352.png,21067
depth/004353.png,21121
depth/004354.png,21250
depth/004355.png,21090
depth/004356.png,21144
depth/004357.png,21016
depth/004358.png,21025
depth/004359.png,21128
depth/004360.png,21293
depth/004361.png,20878
depth/004362.png,20690
depth/004363.png,20695
depth/004364.png,20367
depth/004365.png,20720
depth/004366.png,20757
depth/004367.png,20815
depth/004368.png,20681
depth/004369.png,20863
depth/004370.png,20949
depth/004371.png,21284
depth/004372.png,21589
depth/004373.png,21072
depth/004374.png,21141
depth/004375.png,21077
depth/004376.png,20937
depth/004377.png,21254
depth/004378.png,20922
depth/004379.png,20650
depth/004380.png,20790
depth/004381.png,20698
depth/004382.png,20215
depth/004383.png,20275
depth/004384.png,19976
depth/004385.png,20153
depth/004386.png,20033
depth/004387.png,19720
depth/004388.png,19416
depth/004389.png,19642
depth/004390.png,19680
depth/004391.png,19699
depth/004392.png,19310
depth/004393.png,19313
depth/004394.png,19514
depth/004395.png,18969
depth/004396.png,18983
depth/004397.png,19191
depth/004398.png,19037
depth/004399.png,19124
depth/004400.png,18888
depth/004401.png,19015
depth/004402.png,18786
depth/004403.png,18278
depth/004404.png,18084
depth/004405.png,17509
depth/004406.png,17335
depth/004407.png,16983
depth/004408.png,15915
depth/004409.png,15462
depth/004410.png,15202
depth/004411.png,15373
depth/004412.png,15540
depth/004413.png,15622
depth/004414.png,15901
depth/004415.png,15833
depth/004416.png,15813
depth/004417.png,15723
depth/004418.png,15938
depth/004419.png,15384
depth/004420.png,15457
depth/004421.png,15082
depth/004422.png,14984
depth/004423.png,15111
depth/004424.png,14990
depth/004425.png,15850
depth/004426.png,16039
depth/004427.png,17487
depth/004428.png,18340
depth/004429.png,18367
depth/004430.png,18402
depth/004431.png,18240
depth/004432.png,18152
depth/004433.png,17743
depth/004434.png,17213
depth/004435.png,16766
depth/004436.png,16692
depth/004437.png,16322
depth/004438.png,15776
depth/004439.png,15634
depth/004440.png,15604
depth/004441.png,15545
depth/004442.png,15781
depth/004443.png,16295
depth/004444.png,16460
depth/004445.png,16652
depth/004446.png,16927
depth/004447.png,17094
depth/004448.png,17338
depth/004449.png,17623
depth/004450.png,17427
depth/004451.png,17630
depth/004452.png,17631
depth/004453.png,17698
depth/004454.png,17804
depth/004455.png,17911
depth/004456.png,17946
depth/004457.png,18164
depth/004458.png,18302
depth/004459.png,18432
depth/004460.png,18240
depth/004461.png,18473
depth/004462.png,18644
depth/004463.png,18660
depth/004464.png,18962
depth/004465.png,18812
depth/004466.png,18863
depth/004467.png,18805
depth/004468.png,18865
depth/004469.png,18916
depth/004470.png,19100
depth/004471.png,19201
depth/004472.png,19045
depth/004473.png,19392
depth/004474.png,19173
depth/004475.png,19574
depth/004476.png,19665
depth/004477.png,19470
depth/004478.png,19581
depth/004479.png,19511
depth/004480.png,19549
depth/004481.png,19558
depth/004482.png,19369
depth/004483.png,19027
depth/004484.png,18845
depth/004485.png,18519
depth/004486.png,18234
depth/004487.png,17415
depth/004488.png,16835
depth/004489.png,16521
depth/004490.png,16535
depth/004491.png,16348
depth/004492.png,16168
depth/004493.png,16370
depth/004494.png,15972
depth/004495.png,16108
depth/004496.png,16176
depth/004497.png,17261
depth/004498.png,17232
depth/004499.png,17662
depth/004500.png,17345
depth/004501.png,17340
depth/004502.png,16895
depth/004503.png,16991
depth/004504.png,17145
depth/004505.png,16977
depth/004506.png,16774
depth/004507.png,16884
depth/004508.png,16853
depth/004509.png,16962
depth/004510.png,17075
depth/004511.png,16598
depth/004512.png,16979
depth/004513.png,17242
depth/004514.png,17349
depth/004515.png,17003
depth/004516.png,16965
depth/004517.png,16832
depth/004518.png,17019
depth/004519.png,16810
depth/004520.png,16755
depth/004521.png,16996
depth/004522.png,16951
depth/004523.png,16631
depth/004524.png,16808
depth/004525.png,16610
depth/004526.png,16737
depth/004527.png,16675
depth/004528.png,16682
depth/004529.png,16757
depth/004530.png,16635
depth/004531.png,16814
depth/004532.png,16941
depth/004533.png,16838
depth/004534.png,16793
depth/004535.png,16857
depth/004536.png,16837
depth/004537.png,16931
depth/004538.png,17000
depth/004539.png,16887
depth/004540.png,16775
depth/004541.png,16983
depth/004542.png,16836
depth/004543.png,17005
depth/004544.png,16950
depth/004545.png,16821
depth/004546.png,16900
depth/004547.png,17028
depth/004548.png,16774
depth/004549.png,16764
depth/004550.png,16646
depth/004551.png,16683
depth/004552.png,16427
depth/004553.png,16269
depth/004554.png,16319
depth/004555.png,16325
depth/004556.png,16382
depth/004557.png,16636
depth/004558.png,16483
depth/004559.png,16327
depth/004560.png,16461
depth/004561.png,15942
depth/004562.png,16009
depth/004563.png,16081
depth/004564.png,16184
depth/004565.png,16104
depth/004566.png,16207
depth/004567.png,16162
depth/004568.png,15973
depth/004569.png,16132
depth/004570.png,15959
depth/004571.png,15863
depth/004572.png,16250
depth/004573.png,16328
depth/004574.png,16229
depth/004575.png,16540
depth/004576.png,16371
depth/004577.png,16314
depth/004578.png,16590
depth/004579.png,16231
depth/004580.png,16170
depth/004581.png,16479
depth/004582.png,16874
depth/004583.png,17003
depth/004584.png,16927
depth/004585.png,16686
depth/004586.png,17080
depth/004587.png,16921
depth/004588.png,16517
depth/004589.png,16942
depth/004590.png,16996
depth/004591.png,16769
depth/004592.png,16791
depth/004593.png,16722
depth/004594.png,16549
depth/004595.png,16642
depth/004596.png,16639
depth/004597.png,16605
depth/004598.png,16870
depth/004599.png,16896
depth/004600.png,16872
depth/004601.png,16916
depth/004602.png,16982
depth/004603.png,16767
depth/004604.png,16621
depth/004605.png,16831
depth/004606.png,16526
depth/004607.png,16602
depth/004608.png,16702
depth/004609.png,16457
depth/004610.png,16694
depth/004611.png,16457
depth/004612.png,16421
depth/004613.png,16391
depth/004614.png,16445
depth/004615.png,16593
depth/004616.png,16653
depth/004617.png,16802
depth/004618.png,16714
depth/004619.png,16878
depth/004620.png,16856
depth/004621.png,16927
depth/004622.png,17064
depth/004623.png,17128
depth/004624.png,16981
depth/004625.png,17205
depth/004626.png,16941
depth/004627.png,17129
depth/004628.png,17040
depth/004629.png,17044
depth/004630.png,16965
depth/004631.png,16917
depth/004632.png,16965
depth/004633.png,17063
depth/004634.png,16959
depth/004635.png,16998
depth/004636.png,16998
depth/004637.png,16970
depth/004638.png,16839
depth/004639.png,16750
depth/004640.png,16715
depth/004641.png,16659
depth/004642.png,16494
depth/004643.png,16381
depth/004644.png,16201
depth/004645.png,16318
depth/004646.png,16216
depth/004647.png,16368
depth/004648.png,16504
depth/004649.png,16432
depth/004650.png,16473
depth/004651.png,16420
depth/004652.png,16683
depth/004653.png,16615
depth/004654.png,16559
depth/004655.png,16669
depth/004656.png,16828
depth/004657.png,16598
depth/004658.png,17092
depth/004659.png,17057
depth/004660.png,16924
depth/004661.png,17082
depth/004662.png,17229
depth/004663.png,17471
depth/004664.png,17440
depth/004665.png,17324
depth/004666.png,17306
depth/004667.png,17550
depth/004668.png,17825
depth/004669.png,17816
depth/004670.png,18076
depth/004671.png,18065
depth/004672.png,18353
depth/004673.png,18298
depth/004674.png,18428
depth/004675.png,18847
depth/004676.png,19221
depth/004677.png,19141
depth/004678.png,19200
depth/004679.png,19906
depth/004680.png,20375
depth/004681.png,20490
depth/004682.png,20603
depth/004683.png,20592
depth/004684.png,20970
depth/004685.png,21220
depth/004686.png,21136
depth/004687.png,21379
depth/004688.png,21097
depth/004689.png,21542
depth/004690.png,21713
depth/004691.png,21370
depth/004692.png,21812
depth/004693.png,21899
depth/004694.png,22014
depth/004695.png,21726
depth/004696.png,21562
depth/004697.png,21379
depth/004698.png,21510
depth/004699.png,21302
depth/004700.png,21295
depth/004701.png,21118
depth/004702.png,21091
depth/004703.png,20722
depth/004704.png,20752
depth/004705.png,20721
depth/004706.png,20991
depth/004707.png,20628
depth/004708.png,20631
depth/004709.png,20657
depth/004710.png,20553
depth/004711.png,20430
depth/004712.png,20223
depth/004713.png,20150
depth/004714.png,20126
depth/004715.png,20112
depth/004716.png,20209
depth/004717.png,20298
depth/004718.png,20494
depth/004719.png,20525
depth/004720.png,20185
depth/004721.png,20546
depth/004722.png,20585
depth/004723.png,20545
depth/004724.png,20817
depth/004725.png,20706
depth/004726.png,20989
depth/004727.png,20827
depth/004728.png,20898
depth/004729.png,20768
depth/004730.png,21303
depth/004731.png,21060
depth/004732.png,21418
depth/004733.png,21193
depth/004734.png,20984
depth/004735.png,21022
depth/004736.png,20753
depth/004737.png,20479
depth/004738.png,20616
depth/004739.png,20823
depth/004740.png,21703
depth/004741.png,21484
depth/004742.png,21737
depth/004743.png,22148
depth/004744.png,22864
depth/004745.png,22974
depth/004746.png,22942
depth/004747.png,23270
depth/004748.png,23594
depth/004749.png,23670
depth/004750.png,23115
depth/004751.png,23015
depth/004752.png,23357
depth/004753.png,22901
depth/004754.png,22527
depth/004755.png,22373
depth/004756.png,22246
depth/004757.png,22178
depth/004758.png,21359
depth/004759.png,19600
depth/004760.png,18985
depth/004761.png,18628
depth/004762.png,17769
depth/004763.png,17157
depth/004764.png,17016
depth/004765.png,17173
depth/004766.png,16812
depth/004767.png,17158
depth/004768.png,16909
depth/004769.png,17131
depth/004770.png,17164
depth/004771.png,17469
depth/004772.png,18101
depth/004773.png,18106
depth/004774.png,18223
depth/004775.png,18494
depth/004776.png,18474
depth/004777.png,18637
depth/004778.png,18803
depth/004779.png,19232
depth/004780.png,19315
depth/004781.png,19212
depth/004782.png,19302
depth/004783.png,19291
depth/004784.png,18995
depth/004785.png,19390
depth/004786.png,19440
depth/004787.png,19295
depth/004788.png,19465
depth/004789.png,19312
depth/004790.png,19499
depth/004791.png,19799
depth/004792.png,20311
depth/004793.png,20642
depth/004794.png,20969
depth/004795.png,21805
depth/004796.png,21651
depth/004797.png,21892
depth/004798.png,22080
depth/004799.png,22340
depth/004800.png,22458
depth/004801.png,22908
depth/004802.png,23010
depth/004803.png,23600
depth/004804.png,24128
depth/004805.png,23831
depth/004806.png,24600
depth/004807.png,24838
depth/004808.png,24678
depth/004809.png,26252
depth/004810.png,25871
depth/004811.png,26465
depth/004812.png,26597
depth/004813.png,27433
depth/004814.png,27246
depth/004815.png,26510
depth/004816.png,26250
depth/004817.png,25570
depth/004818.png,24658
depth/004819.png,24108
depth/004820.png,24968
depth/004821.png,23938
depth/004822.png,23388
depth/004823.png,22955
depth/004824.png,22550
depth/004825.png,22169
depth/004826.png,22029
depth/004827.png,21593
depth/004828.png,21181
depth/004829.png,21306
depth/004830.png,20627
depth/004831.png,21109
depth/004832.png,21432
depth/004833.png,20984
depth/004834.png,21785
depth/004835.png,21356
depth/004836.png,22260
depth/004837.png,21811
depth/004838.png,21768
depth/004839.png,21341
depth/004840.png,21091
depth/004841.png,21464
depth/004842.png,21479
depth/004843.png,21276
depth/004844.png,21249
depth/004845.png,21290
depth/004846.png,21129
depth/004847.png,20742
depth/004848.png,20713
depth/004849.png,20743
depth/004850.png,20581
depth/004851.png,20513
depth/004852.png,20225
depth/004853.png,20089
depth/004854.png,20369
depth/004855.png,20141
depth/004856.png,20366
depth/004857.png,20433
depth/004858.png,20144
depth/004859.png,20381
depth/004860.png,20409
depth/004861.png,20186
depth/004862.png,20132
depth/004863.png,20110
depth/004864.png,19822
depth/004865.png,19781
depth/004866.png,20156
depth/004867.png,20151
depth/004868.png,20280
depth/004869.png,20118
depth/004870.png,20216
depth/004871.png,20359
depth/004872.png,20948
depth/004873.png,21246
depth/004874.png,20664
depth/004875.png,20419
depth/004876.png,20712
depth/004877.png,20855
depth/004878.png,20466
depth/004879.png,20469
depth/004880.png,20835
depth/004881.png,20890
depth/004882.png,20703
depth/004883.png,20358
depth/004884.png,20883
depth/004885.png,20931
depth/004886.png,20669
depth/004887.png,20561
depth/004888.png,21393
depth/004889.png,21314
depth/004890.png,21112
depth/004891.png,20991
depth/004892.png,21215
depth/004893.png,21016
depth/004894.png,21268
depth/004895.png,21251
depth/004896.png,21382
depth/004897.png,21480
depth/004898.png,21738
depth/004899.png,22111
depth/004900.png,22096
depth/004901.png,22246
depth/004902.png,22113
depth/004903.png,21406
depth/004904.png,20680
depth/004905.png,20673
depth/004906.png,20103
depth/004907.png,20235
depth/004908.png,20391
depth/004909.png,20996
depth/004910.png,20995
depth/004911.png,20744
depth/004912.png,20835
depth/004913.png,20832
depth/004914.png,20740
depth/004915.png,20969
depth/004916.png,20706
depth/004917.png,21590
depth/004918.png,21746
depth/004919.png,21733
depth/004920.png,21978
depth/004921.png,21578
depth/004922.png,21273
depth/004923.png,21759
depth/004924.png,22059
depth/004925.png,21974
depth/004926.png,22609
depth/004927.png,22734
depth/004928.png,22788
depth/004929.png,22753
depth/004930.png,23228
depth/004931.png,22983
depth/004932.png,22956
depth/004933.png,22724
depth/004934.png,22705
depth/004935.png,22814
depth/004936.png,22653
depth/004937.png,22450
depth/004938.png,22397
depth/004939.png,22597
depth/004940.png,22827
depth/004941.png,22630
depth/004942.png,22396
depth/004943.png,22267
depth/004944.png,21981
depth/004945.png,22384
depth/004946.png,22694
depth/004947.png,22894
depth/004948.png,22242
depth/004949.png,21431
depth/004950.png,20914
depth/004951.png,21142
depth/004952.png,20968
depth/004953.png,20791
depth/004954.png,20994
depth/004955.png,20109
depth/004956.png,20198
depth/004957.png,19955
depth/004958.png,19963
depth/004959.png,19897
depth/004960.png,19691
depth/004961.png,19487
depth/004962.png,18854
depth/004963.png,19385
depth/004964.png,19242
depth/004965.png,19660
depth/004966.png,19466
depth/004967.png,19666
depth/004968.png,19412
depth/004969.png,19576
depth/004970.png,19498
depth/004971.png,19472
depth/004972.png,19346
depth/004973.png,19015
depth/004974.png,19037
depth/004975.png,18645
depth/004976.png,18622
depth/004977.png,18634
depth/004978.png,18451
depth/004979.png,18687
depth/004980.png,18631
depth/004981.png,18531
depth/004982.png,18894
depth/004983.png,19003
depth/004984.png,18602
depth/004985.png,18888
depth/004986.png,18915
depth/004987.png,19092
depth/004988.png,19277
depth/004989.png,19464
depth/004990.png,19163
depth/004991.png,19506
depth/004992.png,19612
depth/004993.png,19604
depth/004994.png,19877
depth/004995.png,19575
depth/004996.png,19665
depth/004997.png,19844
depth/004998.png,20117
depth/004999.png,19833
depth/005000.png,19240
depth/005001.png,19539
depth/005002.png,20615
depth/005003.png,20065
depth/005004.png,20202
depth/005005.png,20180
depth/005006.png,20412
depth/005007.png,19772
depth/005008.png,20079
depth/005009.png,20173
depth/005010.png,19868
depth/005011.png,19984
depth/005012.png,19982
depth/005013.png,19671
depth/005014.png,19745
depth/005015.png,19463
depth/005016.png,20049
depth/005017.png,19999
depth/005018.png,19924
depth/005019.png,20298
depth/005020.png,20342
depth/005021.png,19980
depth/005022.png,20184
depth/005023.png,19884
depth/005024.png,19668
depth/005025.png,19905
depth/005026.png,20000
depth/005027.png,19804
depth/005028.png,19598
depth/005029.png,19664
depth/005030.png,19701
depth/005031.png,19542
depth/005032.png,20164
depth/005033.png,19592
depth/005034.png,19264
depth/005035.png,19270
depth/005036.png,19324
depth/005037.png,19088
depth/005038.png,18985
depth/005039.png,19121
depth/005040.png,18918
depth/005041.png,18955
depth/005042.png,19076
depth/005043.png,19269
depth/005044.png,19583
depth/005045.png,19418
depth/005046.png,19608
depth/005047.png,19754
depth/005048.png,19679
depth/005049.png,19793
depth/005050.png,19169
depth/005051.png,18949
depth/005052.png,18937
depth/005053.png,19376
depth/005054.png,19527
depth/005055.png,19621
depth/005056.png,19316
depth/005057.png,19033
depth/005058.png,18791
depth/005059.png,19183
depth/005060.png,19223
depth/005061.png,19148
depth/005062.png,19500
depth/005063.png,19211
depth/005064.png,18757
depth/005065.png,18859
depth/005066.png,18999
depth/005067.png,19049
depth/005068.png,18974
depth/005069.png,18808
depth/005070.png,18597
depth/005071.png,18489
depth/005072.png,18600
depth/005073.png,18994
depth/005074.png,18851
depth/005075.png,18853
depth/005076.png,18852
depth/005077.png,18876
depth/005078.png,19031
depth/005079.png,18685
depth/005080.png,18746
depth/005081.png,18747
depth/005082.png,18754
depth/005083.png,18594
depth/005084.png,18718
depth/005085.png,18513
depth/005086.png,18573
depth/005087.png,18616
depth/005088.png,18538
depth/005089.png,18183
depth/005090.png,18312
depth/005091.png,18106
depth/005092.png,17570
depth/005093.png,17675
depth/005094.png,17571
depth/005095.png,17698
depth/005096.png,17053
depth/005097.png,17600
depth/005098.png,17527
depth/005099.png,17212
depth/005100.png,17228
depth/005101.png,16813
depth/005102.png,16624
depth/005103.png,16462
depth/005104.png,17051
depth/005105.png,17133
depth/005106.png,16749
depth/005107.png,16711
depth/005108.png,16719
depth/005109.png,16547
depth/005110.png,16696
depth/005111.png,16589
depth/005112.png,16425
depth/005113.png,16121
depth/005114.png,16140
depth/005115.png,16236
depth/005116.png,16211
depth/005117.png,15577
depth/005118.png,15621
depth/005119.png,15613
depth/005120.png,15391
depth/005121.png,15401
depth/005122.png,15259
depth/005123.png,15174
depth/005124.png,15045
depth/005125.png,15035
depth/005126.png,14909
depth/005127.png,15077
depth/005128.png,15056
depth/005129.png,14871
depth/005130.png,15105
depth/005131.png,14982
depth/005132.png,14860
depth/005133.png,14900
depth/005134.png,14557
depth/005135.png,14361
depth/005136.png,14424
depth/005137.png,14090
depth/005138.png,13941
depth/005139.png,13951
depth/005140.png,14084
depth/005141.png,14042
depth/005142.png,14185
depth/005143.png,14058
depth/005144.png,13961
depth/005145.png,14057
depth/005146.png,14140
depth/005147.png,13958
depth/005148.png,14121
depth/005149.png,14095
depth/005150.png,14262
depth/005151.png,14370
depth/005152.png,14417
depth/005153.png,14614
depth/005154.png,15206
depth/005155.png,15082
depth/005156.png,15425
depth/005157.png,15795
depth/005158.png,16046
depth/005159.png,16339
depth/005160.png,16957
depth/005161.png,16707
depth/005162.png,17012
depth/005163.png,17655
depth/005164.png,17469
depth/005165.png,17484
depth/005166.png,18130
depth/005167.png,17762
depth/005168.png,17427
depth/005169.png,17666
depth/005170.png,17670
depth/005171.png,17840
depth/005172.png,18018
depth/005173.png,17945
depth/005174.png,17148
depth/005175.png,17489
depth/005176.png,17458
depth/005177.png,17638
depth/005178.png,17880
depth/005179.png,17750
depth/005180.png,17817
depth/005181.png,17458
depth/005182.png,17147
depth/005183.png,17404
depth/005184.png,17454
depth/005185.png,17517
depth/005186.png,16920
depth/005187.png,17023
depth/005188.png,16938
depth/005189.png,16399
depth/005190.png,16762
depth/005191.png,16623
depth/005192.png,16547
depth/005193.png,15754
depth/005194.png,15677
depth/005195.png,15253
depth/005196.png,14981
depth/005197.png,15818
depth/005198.png,15996
depth/005199.png,13443
depth/005200.png,22450
depth/005201.png,22118
depth/005202.png,21499
depth/005203.png,16313
depth/005204.png,15740
depth/005205.png,15595
depth/005206.png,15622
depth/005207.png,15687
depth/005208.png,15867
depth/005209.png,16229
depth/005210.png,16286
depth/005211.png,16231
depth/005212.png,16055
depth/005213.png,16197
depth/005214.png,15885
depth/005215.png,15939
depth/005216.png,16153
depth/005217.png,15934
depth/005218.png,16230
depth/005219.png,16647
depth/005220.png,16495
depth/005221.png,16483
depth/005222.png,17106
depth/005223.png,17093
depth/005224.png,17055
depth/005225.png,16792
depth/005226.png,17159
depth/005227.png,17316
depth/005228.png,17074
depth/005229.png,17182
depth/005230.png,17029
depth/005231.png,16786
depth/005232.png,17014
depth/005233.png,16602
depth/005234.png,16202
depth/005235.png,16058
depth/005236.png,16145
depth/005237.png,16210
depth/005238.png,16086
depth/005239.png,16157
depth/005240.png,15903
depth/005241.png,15709
depth/005242.png,15560
depth/005243.png,15474
depth/005244.png,15820
depth/005245.png,15851
depth/005246.png,16016
depth/005247.png,15943
depth/005248.png,16008
depth/005249.png,15987
depth/005250.png,16031
imu.csv,1588468
odometry.csv,810936
rgb.mp4,134726501
