video_index,pts_s,odometry_frame,odometry_timestamp
0,0.000000,1,65621.590452500
1,0.016667,2,65621.607121500
2,0.066667,3,65621.657129083
3,0.083333,4,65621.673798291
4,0.116667,5,65621.707136708
5,0.133333,6,65621.723805916
6,0.166667,7,65621.757144166
7,0.183333,8,65621.773813333
8,0.216667,9,65621.807151791
9,0.233333,10,65621.823820875
10,0.266667,11,65621.857159333
11,0.283333,12,65621.873828500
12,0.316667,13,65621.907166791
13,0.333333,14,65621.923835958
14,0.350000,15,65621.940505208
15,0.383333,16,65621.973843500
16,0.400000,17,65621.990512666
17,0.433333,18,65622.023851125
18,0.450000,19,65622.040520166
19,0.483333,20,65622.073858583
20,0.500000,21,65622.090527791
21,0.533333,22,65622.123866125
22,0.550000,23,65622.140535250
23,0.566667,24,65622.157204541
24,0.600000,25,65622.190542750
25,0.616667,26,65622.207212000
26,0.650000,27,65622.240550416
27,0.666667,28,65622.257219666
28,0.700000,29,65622.290557916
29,0.716667,30,65622.307227166
30,0.733333,31,65622.323896333
31,0.766667,32,65622.357234666
32,0.783333,33,65622.373903833
33,0.816667,34,65622.407242291
34,0.833333,35,65622.423911291
35,0.866667,36,65622.457249791
36,0.883333,37,65622.473919041
37,0.900000,38,65622.490588083
38,0.933333,39,65622.523926541
39,0.950000,40,65622.540595791
40,0.983333,41,65622.573934000
41,1.000000,42,65622.590603291
42,1.033333,43,65622.623941708
43,1.050000,44,65622.640610708
44,1.083333,45,65622.673949166
45,1.100000,46,65622.690618458
46,1.116667,47,65622.707287666
47,1.150000,48,65622.740625958
48,1.166667,49,65622.757295166
49,1.200000,50,65622.790633375
50,1.216667,51,65622.807302666
51,1.250000,52,65622.840641125
52,1.266667,53,65622.857310291
53,1.300000,54,65622.890648583
54,1.316667,55,65622.907317791
55,1.333333,56,65622.923987083
56,1.366667,57,65622.957325333
57,1.383333,58,65622.973994583
58,1.416667,59,65623.007332833
59,1.433333,60,65623.024002041
60,1.450000,61,65623.040671291
61,1.483333,62,65623.074009750
62,1.500000,63,65623.090678833
63,1.516667,64,65623.107348000
64,1.550000,65,65623.140686500
65,1.566667,66,65623.157355666
66,1.583333,67,65623.174024708
67,1.616667,68,65623.207363166
68,1.633333,69,65623.224032375
69,1.650000,70,65623.240701458
70,1.666667,71,65623.257370666
71,1.700000,72,65623.290709166
72,1.716667,73,65623.307378291
73,1.733333,74,65623.324047416
74,1.750000,75,65623.340716625
75,1.766667,76,65623.357385916
76,1.800000,77,65623.390724166
77,1.816667,78,65623.407393416
78,1.833333,79,65623.424062666
79,1.850000,80,65623.440731875
80,1.866667,81,65623.457400875
81,1.900000,82,65623.490739333
82,1.916667,83,65623.507408541
83,1.933333,84,65623.524077791
84,1.950000,85,65623.540746875
85,1.966667,86,65623.557416083
86,1.983333,87,65623.574085333
87,2.016667,88,65623.607423583
88,2.033333,89,65623.624092791
89,2.050000,90,65623.640762041
90,2.066667,91,65623.657431291
91,2.083333,92,65623.674100500
92,2.100000,93,65623.690769500
93,2.133333,94,65623.724107958
94,2.150000,95,65623.740777208
95,2.166667,96,65623.757446250
96,2.183333,97,65623.774115541
97,2.200000,98,65623.790784750
98,2.216667,99,65623.807453958
99,2.250000,100,65623.840792208
100,2.266667,101,65623.857461416
101,2.283333,102,65623.874130708
102,2.300000,103,65623.890799916
103,2.333333,104,65623.924138166
104,2.350000,105,65623.940807416
105,2.366667,106,65623.957476666
106,2.383333,107,65623.974145875
107,2.400000,108,65623.990814916
108,2.433333,109,65624.024153333
109,2.450000,110,65624.040822625
110,2.466667,111,65624.057491666
111,2.483333,112,65624.074160833
112,2.500000,113,65624.090830083
113,2.533333,114,65624.124168500
114,2.550000,115,65624.140837583
115,2.566667,116,65624.157506833
116,2.583333,117,65624.174176000
117,2.600000,118,65624.190845250
118,2.616667,119,65624.207514333
119,2.650000,120,65624.240852750
120,2.666667,121,65624.257521958
121,2.683333,122,65624.274191208
122,2.700000,123,65624.290860291
123,2.716667,124,65624.307529458
124,2.750000,125,65624.340867958
125,2.766667,126,65624.357537000
126,2.783333,127,65624.374206208
127,2.800000,128,65624.390875416
128,2.833333,129,65624.424213750
129,2.850000,130,65624.440882958
130,2.866667,131,65624.457552125
131,2.883333,132,65624.474221375
132,2.900000,133,65624.490890541
133,2.933333,134,65624.524228875
134,2.950000,135,65624.540898166
135,2.966667,136,65624.557567333
136,2.983333,137,65624.574236375
137,3.016667,138,65624.607574833
138,3.033333,139,65624.624244041
139,3.050000,140,65624.640913250
140,3.066667,141,65624.657582375
141,3.100000,142,65624.690920791
142,3.116667,143,65624.707589958
143,3.133333,144,65624.724259041
144,3.150000,145,65624.740928291
145,3.183333,146,65624.774266750
146,3.200000,147,65624.790935916
147,3.216667,148,65624.807605041
148,3.250000,149,65624.840943458
149,3.266667,150,65624.857612666
150,3.283333,151,65624.874281750
151,3.300000,152,65624.890950916
152,3.333333,153,65624.924289375
153,3.350000,154,65624.940958625
154,3.366667,155,65624.957627708
155,3.400000,156,65624.990966125
156,3.416667,157,65625.007635333
157,3.433333,158,65625.024304375
158,3.450000,159,65625.040973583
159,3.483333,160,65625.074312041
160,3.500000,161,65625.090981250
161,3.516667,162,65625.107650333
162,3.550000,163,65625.140988750
163,3.566667,164,65625.157658000
164,3.583333,165,65625.174327041
165,3.616667,166,65625.207665458
166,3.633333,167,65625.224334666
167,3.650000,168,65625.241003875
168,3.683333,169,65625.274342166
169,3.700000,170,65625.291011416
170,3.733333,171,65625.324349625
171,3.750000,172,65625.341018958
172,3.766667,173,65625.357688125
173,3.800000,174,65625.391026583
174,3.816667,175,65625.407695583
175,3.833333,176,65625.424364833
176,3.866667,177,65625.457703250
177,3.883333,178,65625.474372333
178,3.900000,179,65625.491041583
179,3.933333,180,65625.524379958
180,3.950000,181,65625.541049208
181,3.966667,182,65625.557718250
182,4.000000,183,65625.591056708
183,4.016667,184,65625.607725916
184,4.033333,185,65625.624394958
185,4.066667,186,65625.657733416
186,4.083333,187,65625.674402625
187,4.100000,188,65625.691071791
188,4.116667,189,65625.707740875
189,4.150000,190,65625.741079333
190,4.166667,191,65625.757748541
191,4.183333,192,65625.774417625
192,4.216667,193,65625.807756000
193,4.233333,194,65625.824425250
194,4.250000,195,65625.841094333
195,4.266667,196,65625.857763541
196,4.300000,197,65625.891102000
197,4.316667,198,65625.907771166
198,4.333333,199,65625.924440208
199,4.366667,200,65625.957778708
200,4.383333,201,65625.974447875
201,4.400000,202,65625.991117083
202,4.416667,203,65626.007786208
203,4.433333,204,65626.024455416
204,4.466667,205,65626.057793791
205,4.483333,206,65626.074462916
206,4.500000,207,65626.091132083
207,4.516667,208,65626.107801291
208,4.533333,209,65626.124470500
209,4.550000,210,65626.141139541
210,4.583333,211,65626.174478000
211,4.600000,212,65626.191147250
212,4.616667,213,65626.207816416
213,4.633333,214,65626.224485500
214,4.650000,215,65626.241154750
215,4.666667,216,65626.257823958
216,4.700000,217,65626.291162208
217,4.716667,218,65626.307831458
218,4.733333,219,65626.324500583
219,4.750000,220,65626.341169833
220,4.766667,221,65626.357839083
221,4.783333,222,65626.374508083
222,4.816667,223,65626.407846541
223,4.833333,224,65626.424515791
224,4.850000,225,65626.441184833
225,4.866667,226,65626.457854125
226,4.883333,227,65626.474523208
227,4.900000,228,65626.491192500
228,4.916667,229,65626.507861708
229,4.950000,230,65626.541200000
230,4.966667,231,65626.557869208
231,4.983333,232,65626.574538416
232,5.000000,233,65626.591207458
233,5.016667,234,65626.607876708
234,5.050000,235,65626.641215125
235,5.066667,236,65626.657884291
236,5.083333,237,65626.674553375
237,5.100000,238,65626.691222583
238,5.116667,239,65626.707891750
239,5.150000,240,65626.741230083
240,5.166667,241,65626.757899250
241,5.183333,242,65626.774568458
242,5.200000,243,65626.791237750
243,5.216667,244,65626.807906875
244,5.233333,245,65626.824575958
245,5.266667,246,65626.857914416
246,5.283333,247,65626.874583625
247,5.300000,248,65626.891252666
248,5.316667,249,65626.907921833
249,5.333333,250,65626.924591083
250,5.350000,251,65626.941260333
251,5.383333,252,65626.974598583
252,5.400000,253,65626.991267791
253,5.416667,254,65627.007937000
254,5.433333,255,65627.024606291
255,5.450000,256,65627.041275291
256,5.466667,257,65627.057944500
257,5.500000,258,65627.091282875
258,5.516667,259,65627.107952125
259,5.533333,260,65627.124621166
260,5.550000,261,65627.141290416
261,5.566667,262,65627.157959708
262,5.583333,263,65627.174628833
263,5.600000,264,65627.191297875
264,5.633333,265,65627.224636375
265,5.650000,266,65627.241305583
266,5.666667,267,65627.257974583
267,5.683333,268,65627.274643791
268,5.700000,269,65627.291313000
269,5.716667,270,65627.307982208
270,5.733333,271,65627.324651500
271,5.766667,272,65627.357989708
272,5.783333,273,65627.374659000
273,5.800000,274,65627.391328166
274,5.816667,275,65627.407997166
275,5.833333,276,65627.424666375
276,5.850000,277,65627.441335625
277,5.883333,278,65627.474674041
278,5.900000,279,65627.491343083
279,5.916667,280,65627.508012291
280,5.933333,281,65627.524681500
281,5.950000,282,65627.541350666
282,5.966667,283,65627.558019833
283,5.983333,284,65627.574689000
284,6.016667,285,65627.608027458
285,6.033333,286,65627.624696625
286,6.050000,287,65627.641365708
287,6.066667,288,65627.658034916
288,6.083333,289,65627.674704083
289,6.100000,290,65627.691373291
290,6.116667,291,65627.708042375
291,6.150000,292,65627.741380791
292,6.166667,293,65627.758050041
293,6.183333,294,65627.774719250
294,6.200000,295,65627.791388333
295,6.216667,296,65627.808057500
296,6.250000,297,65627.841395958
297,6.266667,298,65627.858064916
298,6.283333,299,65627.874734166
299,6.300000,300,65627.891403416
300,6.316667,301,65627.908072666
301,6.350000,302,65627.941410833
302,6.366667,303,65627.958080125
303,6.383333,304,65627.974749291
304,6.400000,305,65627.991418500
305,6.416667,306,65628.008087541
306,6.450000,307,65628.041425958
307,6.466667,308,65628.058095166
308,6.483333,309,65628.074764416
309,6.500000,310,65628.091433458
310,6.533333,311,65628.124771833
311,6.550000,312,65628.141441083
312,6.566667,313,65628.158110125
313,6.583333,314,65628.174779375
314,6.616667,315,65628.208117791
315,6.633333,316,65628.224786958
316,6.650000,317,65628.241456000
317,6.666667,318,65628.258125208
318,6.700000,319,65628.291463666
319,6.716667,320,65628.308132708
320,6.733333,321,65628.324801875
321,6.750000,322,65628.341471125
322,6.783333,323,65628.374809583
323,6.800000,324,65628.391478583
324,6.816667,325,65628.408147791
325,6.850000,326,65628.441486166
326,6.866667,327,65628.458155291
327,6.883333,328,65628.474824500
328,6.900000,329,65628.491493708
329,6.933333,330,65628.524832083
330,6.950000,331,65628.541501125
331,6.966667,332,65628.558170375
332,7.000000,333,65628.591508791
333,7.016667,334,65628.608177833
334,7.033333,335,65628.624847000
335,7.050000,336,65628.641516208
336,7.083333,337,65628.674854541
337,7.100000,338,65628.691523708
338,7.116667,339,65628.708192916
339,7.150000,340,65628.741531333
340,7.166667,341,65628.758200416
341,7.183333,342,65628.774869625
342,7.200000,343,65628.791538750
343,7.233333,344,65628.824877166
344,7.250000,345,65628.841546333
345,7.266667,346,65628.858215458
346,7.283333,347,65628.874884666
347,7.316667,348,65628.908222916
348,7.333333,349,65628.924892166
349,7.350000,350,65628.941561291
350,7.383333,351,65628.974899625
351,7.400000,352,65628.991568833
352,7.416667,353,65629.008238041
353,7.433333,354,65629.024907208
354,7.466667,355,65629.058245500
355,7.483333,356,65629.074914666
356,7.500000,357,65629.091583875
357,7.533333,358,65629.124922125
358,7.550000,359,65629.141591333
359,7.566667,360,65629.158260583
360,7.600000,361,65629.191599000
361,7.616667,362,65629.208268041
362,7.633333,363,65629.224937291
363,7.650000,364,65629.241606416
364,7.683333,365,65629.274944666
365,7.700000,366,65629.291613875
366,7.733333,367,65629.324952333
367,7.750000,368,65629.341621500
368,7.766667,369,65629.358290541
369,7.800000,370,65629.391629000
370,7.816667,371,65629.408298166
371,7.833333,372,65629.424967208
372,7.866667,373,65629.458305625
373,7.883333,374,65629.474974833
374,7.900000,375,65629.491644083
375,7.933333,376,65629.524982291
376,7.950000,377,65629.541651541
377,7.966667,378,65629.558320708
378,8.000000,379,65629.591658958
379,8.016667,380,65629.608328125
380,8.050000,381,65629.641666625
381,8.066667,382,65629.658335583
382,8.083333,383,65629.675004875
383,8.116667,384,65629.708343250
384,8.133333,385,65629.725012250
385,8.166667,386,65629.758350708
386,8.183333,387,65629.775019916
387,8.200000,388,65629.791689083
388,8.233333,389,65629.825027375
389,8.250000,390,65629.841696583
390,8.266667,391,65629.858365791
391,8.300000,392,65629.891704041
392,8.316667,393,65629.908373291
393,8.333333,394,65629.925042375
394,8.366667,395,65629.958380666
395,8.383333,396,65629.975049916
396,8.416667,397,65630.008388291
397,8.433333,398,65630.025057333
398,8.450000,399,65630.041726500
399,8.483333,400,65630.075064958
400,8.500000,401,65630.091733958
401,8.516667,402,65630.108403208
402,8.550000,403,65630.141741583
403,8.566667,404,65630.158410791
404,8.583333,405,65630.175079833
405,8.616667,406,65630.208418291
406,8.633333,407,65630.225087416
407,8.666667,408,65630.258425708
408,8.683333,409,65630.275094875
409,8.700000,410,65630.291764125
410,8.733333,411,65630.325102333
411,8.750000,412,65630.341771500
412,8.766667,413,65630.358440791
413,8.800000,414,65630.391778958
414,8.816667,415,65630.408448250
415,8.833333,416,65630.425117375
416,8.866667,417,65630.458455791
417,8.883333,418,65630.475124833
418,8.900000,419,65630.491794083
419,8.933333,420,65630.525132458
420,8.950000,421,65630.541801458
421,8.966667,422,65630.558470666
422,9.000000,423,65630.591809125
423,9.016667,424,65630.608478291
424,9.033333,425,65630.625147333
425,9.066667,426,65630.658485750
426,9.083333,427,65630.675155000
427,9.100000,428,65630.691823958
428,9.133333,429,65630.725162375
429,9.150000,430,65630.741831625
430,9.166667,431,65630.758500791
431,9.200000,432,65630.791839041
432,9.216667,433,65630.808508208
433,9.233333,434,65630.825177458
434,9.250000,435,65630.841846458
435,9.283333,436,65630.875184875
436,9.300000,437,65630.891854083
437,9.316667,438,65630.908523333
438,9.333333,439,65630.925192333
439,9.366667,440,65630.958530750
440,9.383333,441,65630.975199958
441,9.400000,442,65630.991869000
442,9.416667,443,65631.008538166
443,9.450000,444,65631.041876541
444,9.466667,445,65631.058545750
445,9.483333,446,65631.075214791
446,9.500000,447,65631.091884000
447,9.516667,448,65631.108553208
448,9.550000,449,65631.141891458
449,9.566667,450,65631.158560666
450,9.583333,451,65631.175229875
451,9.600000,452,65631.191899083
452,9.616667,453,65631.208568291
453,9.633333,454,65631.225237291
454,9.666667,455,65631.258575750
455,9.683333,456,65631.275244916
456,9.700000,457,65631.291913958
457,9.716667,458,65631.308583125
458,9.733333,459,65631.325252333
459,9.750000,460,65631.341921500
460,9.766667,461,65631.358590708
461,9.800000,462,65631.391929000
462,9.816667,463,65631.408598208
463,9.833333,464,65631.425267375
464,9.850000,465,65631.441936458
465,9.866667,466,65631.458605583
466,9.883333,467,65631.475274791
467,9.916667,468,65631.508613083
468,9.933333,469,65631.525282250
469,9.950000,470,65631.541951416
470,9.966667,471,65631.558620625
471,10.000000,472,65631.591958916
472,10.016667,473,65631.608628041
473,10.033333,474,65631.625297250
474,10.066667,475,65631.658635541
475,10.083333,476,65631.675304750
476,10.100000,477,65631.691973916
477,10.116667,478,65631.708643125
478,10.150000,479,65631.741981375
479,10.166667,480,65631.758650541
480,10.183333,481,65631.775319708
481,10.200000,482,65631.791988958
482,10.216667,483,65631.808657958
483,10.233333,484,65631.825327166
484,10.250000,485,65631.841996375
485,10.283333,486,65631.875334750
486,10.300000,487,65631.892003833
487,10.316667,488,65631.908673041
488,10.333333,489,65631.925342166
489,10.366667,490,65631.958680458
490,10.383333,491,65631.975349625
491,10.400000,492,65631.992018833
492,10.433333,493,65632.025357208
493,10.450000,494,65632.042026250
494,10.466667,495,65632.058695416
495,10.500000,496,65632.092033833
496,10.516667,497,65632.108702916
497,10.533333,498,65632.125372125
498,10.550000,499,65632.142041291
499,10.583333,500,65632.175379708
500,10.600000,501,65632.192048708
501,10.616667,502,65632.208717875
502,10.633333,503,65632.225387125
503,10.650000,504,65632.242056333
504,10.683333,505,65632.275394541
505,10.700000,506,65632.292063750
506,10.716667,507,65632.308732916
507,10.733333,508,65632.325402166
508,10.750000,509,65632.342071166
509,10.783333,510,65632.375409500
510,10.800000,511,65632.392078750
511,10.816667,512,65632.408747791
512,10.833333,513,65632.425416958
513,10.866667,514,65632.458755333
514,10.883333,515,65632.475424541
515,10.900000,516,65632.492093625
516,10.916667,517,65632.508762750
517,10.950000,518,65632.542101125
518,10.966667,519,65632.558770208
519,10.983333,520,65632.575439416
520,11.016667,521,65632.608777833
521,11.033333,522,65632.625447000
522,11.050000,523,65632.642116041
523,11.066667,524,65632.658785208
524,11.100000,525,65632.692123583
525,11.116667,526,65632.708792625
526,11.133333,527,65632.725461875
527,11.150000,528,65632.742131000
528,11.183333,529,65632.775469416
529,11.200000,530,65632.792138500
530,11.216667,531,65632.808807666
531,11.233333,532,65632.825476833
532,11.250000,533,65632.842146041
533,11.283333,534,65632.875484291
534,11.300000,535,65632.892153416
535,11.316667,536,65632.908822666
536,11.333333,537,65632.925491625
537,11.366667,538,65632.958830041
538,11.383333,539,65632.975499291
539,11.400000,540,65632.992168416
540,11.433333,541,65633.025506708
541,11.450000,542,65633.042175833
542,11.466667,543,65633.058845083
543,11.500000,544,65633.092183291
544,11.516667,545,65633.108852458
545,11.533333,546,65633.125521625
546,11.550000,547,65633.142190833
547,11.583333,548,65633.175529083
548,11.600000,549,65633.192198291
549,11.616667,550,65633.208867500
550,11.650000,551,65633.242205791
551,11.666667,552,65633.258874875
552,11.683333,553,65633.275544083
553,11.716667,554,65633.308882333
554,11.733333,555,65633.325551500
555,11.750000,556,65633.342220750
556,11.783333,557,65633.375558958
557,11.800000,558,65633.392228125
558,11.816667,559,65633.408897333
559,11.850000,560,65633.442235708
560,11.866667,561,65633.458904708
561,11.883333,562,65633.475573916
562,11.916667,563,65633.508912333
563,11.933333,564,65633.525581375
564,11.966667,565,65633.558919708
565,11.983333,566,65633.575588916
566,12.000000,567,65633.592258166
567,12.033333,568,65633.625596333
568,12.050000,569,65633.642265541
569,12.083333,570,65633.675603750
570,12.100000,571,65633.692272958
571,12.116667,572,65633.708942166
572,12.150000,573,65633.742280541
573,12.166667,574,65633.758949583
574,12.200000,575,65633.792287916
575,12.216667,576,65633.808957166
576,12.233333,577,65633.825626208
577,12.266667,578,65633.858964583
578,12.283333,579,65633.875633750
579,12.300000,580,65633.892302916
580,12.333333,581,65633.925641125
581,12.350000,582,65633.942310333
582,12.383333,583,65633.975648541
583,12.400000,584,65633.992317791
584,12.416667,585,65634.008986958
585,12.450000,586,65634.042325333
586,12.466667,587,65634.058994375
587,12.500000,588,65634.092332750
588,12.516667,589,65634.109001916
589,12.533333,590,65634.125670958
590,12.566667,591,65634.159009333
591,12.583333,592,65634.175678541
592,12.616667,593,65634.209016750
593,12.633333,594,65634.225685916
594,12.650000,595,65634.242355166
595,12.683333,596,65634.275693375
596,12.700000,597,65634.292362541
597,12.716667,598,65634.309031708
598,12.750000,599,65634.342369958
599,12.766667,600,65634.359039166
600,12.783333,601,65634.375708291
601,12.816667,602,65634.409046708
602,12.833333,603,65634.425715666
603,12.850000,604,65634.442384916
604,12.883333,605,65634.475723333
605,12.900000,606,65634.492392333
606,12.933333,607,65634.525730708
607,12.950000,608,65634.542399875
608,12.966667,609,65634.559069041
609,13.000000,610,65634.592407291
610,13.016667,611,65634.609076416
611,13.033333,612,65634.625745708
612,13.066667,613,65634.659083833
613,13.083333,614,65634.675753041
614,13.100000,615,65634.692422250
615,13.116667,616,65634.709091458
616,13.150000,617,65634.742429666
617,13.166667,618,65634.759098875
618,13.183333,619,65634.775768083
619,13.200000,620,65634.792437083
620,13.233333,621,65634.825775416
621,13.250000,622,65634.842444583
622,13.266667,623,65634.859113791
623,13.283333,624,65634.875782833
624,13.300000,625,65634.892452041
625,13.316667,626,65634.909121208
626,13.350000,627,65634.942459416
627,13.366667,628,65634.959128625
628,13.383333,629,65634.975797833
629,13.400000,630,65634.992467000
630,13.416667,631,65635.009136208
631,13.450000,632,65635.042474375
632,13.466667,633,65635.059143583
633,13.483333,634,65635.075812750
634,13.500000,635,65635.092481791
635,13.516667,636,65635.109150958
636,13.550000,637,65635.142489333
637,13.566667,638,65635.159158583
638,13.583333,639,65635.175827583
639,13.600000,640,65635.192496750
640,13.616667,641,65635.209165958
641,13.633333,642,65635.225835125
642,13.666667,643,65635.259173333
643,13.683333,644,65635.275842541
644,13.700000,645,65635.292511666
645,13.716667,646,65635.309180916
646,13.733333,647,65635.325849958
647,13.766667,648,65635.359188333
648,13.783333,649,65635.375857500
649,13.800000,650,65635.392526500
650,13.816667,651,65635.409195708
651,13.833333,652,65635.425864875
652,13.866667,653,65635.459203291
653,13.883333,654,65635.475872333
654,13.900000,655,65635.492541458
655,13.916667,656,65635.509210666
656,13.933333,657,65635.525879833
657,13.966667,658,65635.559218000
658,13.983333,659,65635.575887208
659,14.000000,660,65635.592556416
660,14.016667,661,65635.609225625
661,14.033333,662,65635.625894625
662,14.050000,663,65635.642563833
663,14.066667,664,65635.659233000
664,14.100000,665,65635.692571166
665,14.116667,666,65635.709240416
666,14.133333,667,65635.725909583
667,14.150000,668,65635.742578833
668,14.166667,669,65635.759247791
669,14.183333,670,65635.775917000
670,14.200000,671,65635.792586125
671,14.216667,672,65635.809255333
672,14.250000,673,65635.842593541
673,14.266667,674,65635.859262708
674,14.283333,675,65635.875931916
675,14.300000,676,65635.892601125
676,14.316667,677,65635.909270250
677,14.333333,678,65635.925939208
678,14.366667,679,65635.959277666
679,14.383333,680,65635.975946875
680,14.400000,681,65635.992615875
681,14.416667,682,65636.009285041
682,14.433333,683,65636.025954250
683,14.466667,684,65636.059292458
684,14.483333,685,65636.075961541
685,14.500000,686,65636.092630791
686,14.516667,687,65636.109300000
687,14.533333,688,65636.125969125
688,14.566667,689,65636.159307375
689,14.583333,690,65636.175976625
690,14.600000,691,65636.192645791
691,14.616667,692,65636.209314791
692,14.633333,693,65636.225983958
693,14.650000,694,65636.242653166
694,14.683333,695,65636.275991500
695,14.700000,696,65636.292660500
696,14.716667,697,65636.309329750
697,14.733333,698,65636.325998875
698,14.750000,699,65636.342668083
699,14.783333,700,65636.376006250
700,14.800000,701,65636.392675500
701,14.816667,702,65636.409344666
702,14.833333,703,65636.426013875
703,14.850000,704,65636.442682875
704,14.883333,705,65636.476021208
705,14.900000,706,65636.492690416
706,14.916667,707,65636.509359458
707,14.933333,708,65636.526028541
708,14.950000,709,65636.542697750
709,14.983333,710,65636.576036166
710,15.000000,711,65636.592705166
711,15.016667,712,65636.609374333
712,15.033333,713,65636.626043500
713,15.066667,714,65636.659381791
714,15.083333,715,65636.676050916
715,15.116667,716,65636.709389333
716,15.133333,717,65636.726058500
717,15.150000,718,65636.742727500
718,15.183333,719,65636.776065791
719,15.200000,720,65636.792735000
720,15.216667,721,65636.809404083
721,15.250000,722,65636.842742416
722,15.266667,723,65636.859411625
723,15.300000,724,65636.892749750
724,15.316667,725,65636.909419000
725,15.333333,726,65636.926088166
726,15.366667,727,65636.959426416
727,15.383333,728,65636.976095583
728,15.416667,729,65637.009433958
729,15.433333,730,65637.026103125
730,15.450000,731,65637.042772083
731,15.483333,732,65637.076110458
732,15.500000,733,65637.092779625
733,15.516667,734,65637.109448666
734,15.550000,735,65637.142787041
735,15.566667,736,65637.159456250
736,15.583333,737,65637.176125166
737,15.616667,738,65637.209463583
738,15.633333,739,65637.226132791
739,15.650000,740,65637.242802000
740,15.683333,741,65637.276140166
741,15.700000,742,65637.292809291
742,15.716667,743,65637.309478500
743,15.750000,744,65637.342816708
744,15.766667,745,65637.359485875
745,15.800000,746,65637.392824291
746,15.816667,747,65637.409493250
747,15.833333,748,65637.426162416
748,15.866667,749,65637.459500833
749,15.883333,750,65637.476169833
750,15.916667,751,65637.509508208
751,15.933333,752,65637.526177333
752,15.950000,753,65637.542846541
753,15.983333,754,65637.576184708
754,16.000000,755,65637.592853916
755,16.033333,756,65637.626192125
756,16.050000,757,65637.642861291
757,16.066667,758,65637.659530416
758,16.100000,759,65637.692868750
759,16.116667,760,65637.709537791
760,16.150000,761,65637.742876166
761,16.166667,762,65637.759545375
762,16.200000,763,65637.792883500
763,16.216667,764,65637.809552750
764,16.233333,765,65637.826221916
765,16.266667,766,65637.859560125
766,16.283333,767,65637.876229291
767,16.316667,768,65637.909567583
768,16.333333,769,65637.926236708
769,16.350000,770,65637.942905791
770,16.383333,771,65637.976244166
771,16.400000,772,65637.992913333
772,16.433333,773,65638.026251500
773,16.450000,774,65638.042920666
774,16.483333,775,65638.076258875
775,16.500000,776,65638.092928125
776,16.516667,777,65638.109597250
777,16.550000,778,65638.142935583
778,16.566667,779,65638.159604708
779,16.600000,780,65638.192943041
780,16.616667,781,65638.209612125
781,16.633333,782,65638.226281208
782,16.666667,783,65638.259619541
783,16.683333,784,65638.276288708
784,16.716667,785,65638.309626916
785,16.733333,786,65638.326296125
786,16.750000,787,65638.342965291
787,16.783333,788,65638.376303416
788,16.800000,789,65638.392972625
789,16.833333,790,65638.426311000
790,16.850000,791,65638.442980166
791,16.866667,792,65638.459649166
792,16.900000,793,65638.492987500
793,16.916667,794,65638.509656666
794,16.950000,795,65638.542994833
795,16.966667,796,65638.559664083
796,16.983333,797,65638.576333250
797,17.016667,798,65638.609671375
798,17.033333,799,65638.626340625
799,17.066667,800,65638.659678958
800,17.083333,801,65638.676348000
801,17.100000,802,65638.693017166
802,17.133333,803,65638.726355541
803,17.150000,804,65638.743024541
804,17.183333,805,65638.776362916
805,17.200000,806,65638.793032000
806,17.216667,807,65638.809701166
807,17.250000,808,65638.843039458
808,17.266667,809,65638.859708583
809,17.300000,810,65638.893046750
810,17.316667,811,65638.909715958
811,17.350000,812,65638.943054291
812,17.366667,813,65638.959723500
813,17.383333,814,65638.976392500
814,17.416667,815,65639.009730875
815,17.433333,816,65639.026399916
816,17.466667,817,65639.059738208
817,17.483333,818,65639.076407416
818,17.500000,819,65639.093076458
819,17.533333,820,65639.126414708
820,17.550000,821,65639.143083875
821,17.583333,822,65639.176422250
822,17.600000,823,65639.193091291
823,17.633333,824,65639.226429625
824,17.650000,825,65639.243098791
825,17.666667,826,65639.259767958
826,17.700000,827,65639.293106125
827,17.716667,828,65639.309775291
828,17.750000,829,65639.343113458
829,17.766667,830,65639.359782625
830,17.783333,831,65639.376451833
831,17.816667,832,65639.409790208
832,17.833333,833,65639.426459125
833,17.850000,834,65639.443128375
834,17.883333,835,65639.476466708
835,17.900000,836,65639.493135750
836,17.916667,837,65639.509804916
837,17.950000,838,65639.543143291
838,17.966667,839,65639.559812416
839,17.983333,840,65639.576481458
840,18.016667,841,65639.609819833
841,18.033333,842,65639.626488958
842,18.050000,843,65639.643158000
843,18.066667,844,65639.659827125
844,18.100000,845,65639.693165500
845,18.116667,846,65639.709834625
846,18.133333,847,65639.726503625
847,18.166667,848,65639.759841958
848,18.183333,849,65639.776511166
849,18.200000,850,65639.793180208
850,18.216667,851,65639.809849458
851,18.250000,852,65639.843187750
852,18.266667,853,65639.859856916
853,18.283333,854,65639.876525916
854,18.300000,855,65639.893195000
855,18.333333,856,65639.926533416
856,18.350000,857,65639.943202458
857,18.366667,858,65639.959871583
858,18.400000,859,65639.993209875
859,18.416667,860,65640.009878916
860,18.433333,861,65640.026548125
861,18.450000,862,65640.043217250
862,18.483333,863,65640.076555666
863,18.500000,864,65640.093224625
864,18.516667,865,65640.109893750
865,18.533333,866,65640.126562916
866,18.566667,867,65640.159901166
867,18.583333,868,65640.176570333
868,18.600000,869,65640.193239500
869,18.633333,870,65640.226577833
870,18.650000,871,65640.243246791
871,18.683333,872,65640.276585250
872,18.700000,873,65640.293254333
873,18.716667,874,65640.309923375
874,18.750000,875,65640.343261708
875,18.766667,876,65640.359930875
876,18.783333,877,65640.376600041
877,18.816667,878,65640.409938250
878,18.833333,879,65640.426607375
879,18.850000,880,65640.443276541
880,18.883333,881,65640.476614750
881,18.900000,882,65640.493283916
882,18.916667,883,65640.509953166
883,18.950000,884,65640.543291333
884,18.966667,885,65640.559960458
885,18.983333,886,65640.576629625
886,19.000000,887,65640.593298750
887,19.016667,888,65640.609967791
888,19.033333,889,65640.626636958
889,19.066667,890,65640.659975333
890,19.083333,891,65640.676644500
891,19.100000,892,65640.693313541
892,19.116667,893,65640.709982666
893,19.150000,894,65640.743321041
894,19.166667,895,65640.759989958
895,19.200000,896,65640.793328333
896,19.216667,897,65640.809997500
897,19.233333,898,65640.826666625
898,19.266667,899,65640.860004875
899,19.283333,900,65640.876674000
900,19.300000,901,65640.893343166
901,19.316667,902,65640.910012250
902,19.350000,903,65640.943350541
903,19.366667,904,65640.960019750
904,19.383333,905,65640.976688875
905,19.416667,906,65641.010027083
906,19.433333,907,65641.026696250
907,19.450000,908,65641.043365458
908,19.466667,909,65641.060034333
909,19.500000,910,65641.093372750
910,19.516667,911,65641.110041916
911,19.533333,912,65641.126711083
912,19.566667,913,65641.160049250
913,19.583333,914,65641.176718458
914,19.600000,915,65641.193387625
915,19.616667,916,65641.210056625
916,19.650000,917,65641.243394958
917,19.666667,918,65641.260064083
918,19.683333,919,65641.276733291
919,19.700000,920,65641.293402333
920,19.733333,921,65641.326740625
921,19.750000,922,65641.343409833
922,19.766667,923,65641.360078791
923,19.800000,924,65641.393417125
924,19.816667,925,65641.410086250
925,19.833333,926,65641.426755333
926,19.866667,927,65641.460093666
927,19.883333,928,65641.476762791
928,19.900000,929,65641.493431958
929,19.933333,930,65641.526770166
930,19.950000,931,65641.543439250
931,19.966667,932,65641.560108541
932,20.000000,933,65641.593446625
933,20.016667,934,65641.610115875
934,20.033333,935,65641.626784958
935,20.066667,936,65641.660123166
936,20.083333,937,65641.676792333
937,20.116667,938,65641.710130625
938,20.133333,939,65641.726799708
939,20.150000,940,65641.743468833
940,20.183333,941,65641.776807166
941,20.200000,942,65641.793476375
942,20.233333,943,65641.826814500
943,20.250000,944,65641.843483708
944,20.283333,945,65641.876821875
945,20.300000,946,65641.893491041
946,20.333333,947,65641.926829333
947,20.350000,948,65641.943498541
948,20.383333,949,65641.976836666
949,20.400000,950,65641.993505875
950,20.433333,951,65642.026844000
951,20.450000,952,65642.043513208
952,20.483333,953,65642.076851541
953,20.500000,954,65642.093520708
954,20.533333,955,65642.126858916
955,20.550000,956,65642.143528041
956,20.583333,957,65642.176866208
957,20.600000,958,65642.193535375
958,20.633333,959,65642.226873708
959,20.650000,960,65642.243542875
960,20.683333,961,65642.276881083
961,20.716667,962,65642.310219416
962,20.733333,963,65642.326888375
963,20.750000,964,65642.343557500
964,20.766667,965,65642.360226708
965,20.800000,966,65642.393565041
966,20.816667,967,65642.410234041
967,20.850000,968,65642.443572416
968,20.866667,969,65642.460241541
969,20.883333,970,65642.476910500
970,20.916667,971,65642.510248916
971,20.933333,972,65642.526918041
972,20.950000,973,65642.543587250
973,20.983333,974,65642.576925375
974,21.000000,975,65642.593594541
975,21.016667,976,65642.610263708
976,21.033333,977,65642.626932666
977,21.066667,978,65642.660271000
978,21.083333,979,65642.676940208
979,21.100000,980,65642.693609333
980,21.116667,981,65642.710278375
981,21.133333,982,65642.726947500
982,21.150000,983,65642.743616708
983,21.183333,984,65642.776954875
984,21.200000,985,65642.793624041
985,21.216667,986,65642.810293208
986,21.233333,987,65642.826962333
987,21.250000,988,65642.843631333
988,21.283333,989,65642.876969750
989,21.300000,990,65642.893638875
990,21.316667,991,65642.910308000
991,21.333333,992,65642.926977041
992,21.366667,993,65642.960315375
993,21.383333,994,65642.976984541
994,21.400000,995,65642.993653708
995,21.416667,996,65643.010322708
996,21.450000,997,65643.043661041
997,21.466667,998,65643.060330208
998,21.483333,999,65643.076999208
999,21.516667,1000,65643.110337500
1000,21.533333,1001,65643.127006708
1001,21.550000,1002,65643.143675666
1002,21.583333,1003,65643.177014041
1003,21.600000,1004,65643.193683166
1004,21.616667,1005,65643.210352333
1005,21.650000,1006,65643.243690458
1006,21.666667,1007,65643.260359666
1007,21.683333,1008,65643.277028791
1008,21.716667,1009,65643.310367041
1009,21.733333,1010,65643.327036125
1010,21.750000,1011,65643.343705375
1011,21.783333,1012,65643.377043458
1012,21.800000,1013,65643.393712666
1013,21.816667,1014,65643.410381833
1014,21.850000,1015,65643.443719958
1015,21.866667,1016,65643.460389166
1016,21.883333,1017,65643.477058250
1017,21.916667,1018,65643.510396666
1018,21.933333,1019,65643.527065625
1019,21.950000,1020,65643.543734875
1020,21.983333,1021,65643.577073166
1021,22.000000,1022,65643.593742083
1022,22.016667,1023,65643.610411375
1023,22.050000,1024,65643.643749583
1024,22.066667,1025,65643.660418791
1025,22.083333,1026,65643.677087750
1026,22.100000,1027,65643.693756916
1027,22.133333,1028,65643.727095291
1028,22.150000,1029,65643.743764291
1029,22.166667,1030,65643.760433375
1030,22.200000,1031,65643.793771750
1031,22.216667,1032,65643.810440916
1032,22.233333,1033,65643.827109916
1033,22.266667,1034,65643.860448250
1034,22.283333,1035,65643.877117416
1035,22.300000,1036,65643.893786416
1036,22.333333,1037,65643.927124708
1037,22.350000,1038,65643.943793916
1038,22.366667,1039,65643.960463041
1039,22.400000,1040,65643.993801250
1040,22.416667,1041,65644.010470375
1041,22.433333,1042,65644.027139541
1042,22.466667,1043,65644.060477708
1043,22.483333,1044,65644.077146791
1044,22.500000,1045,65644.093816000
1045,22.533333,1046,65644.127154208
1046,22.550000,1047,65644.143823375
1047,22.566667,1048,65644.160492541
1048,22.600000,1049,65644.193830625
1049,22.616667,1050,65644.210499791
1050,22.633333,1051,65644.227168958
1051,22.666667,1052,65644.260507125
1052,22.683333,1053,65644.277176333
1053,22.700000,1054,65644.293845458
1054,22.733333,1055,65644.327183833
1055,22.750000,1056,65644.343852750
1056,22.766667,1057,65644.360521958
1057,22.800000,1058,65644.393860291
1058,22.816667,1059,65644.410529250
1059,22.833333,1060,65644.427198375
1060,22.866667,1061,65644.460536750
1061,22.883333,1062,65644.477205875
1062,22.900000,1063,65644.493874916
1063,22.933333,1064,65644.527213208
1064,22.950000,1065,65644.543882416
1065,22.966667,1066,65644.560551375
1066,22.983333,1067,65644.577220583
1067,23.016667,1068,65644.610558916
1068,23.033333,1069,65644.627228041
1069,23.050000,1070,65644.643897000
1070,23.083333,1071,65644.677235333
1071,23.100000,1072,65644.693904500
1072,23.116667,1073,65644.710573500
1073,23.150000,1074,65644.743911791
1074,23.166667,1075,65644.760580916
1075,23.183333,1076,65644.777250125
1076,23.216667,1077,65644.810588291
1077,23.233333,1078,65644.827257416
1078,23.250000,1079,65644.843926583
1079,23.266667,1080,65644.860595583
1080,23.300000,1081,65644.893933833
1081,23.316667,1082,65644.910603083
1082,23.333333,1083,65644.927272208
1083,23.366667,1084,65644.960610416
1084,23.383333,1085,65644.977279541
1085,23.400000,1086,65644.993948708
1086,23.433333,1087,65645.027286916
1087,23.450000,1088,65645.043956041
1088,23.466667,1089,65645.060625166
1089,23.500000,1090,65645.093963375
1090,23.516667,1091,65645.110632500
1091,23.533333,1092,65645.127301625
1092,23.566667,1093,65645.160639791
1093,23.583333,1094,65645.177308958
1094,23.600000,1095,65645.193978125
1095,23.633333,1096,65645.227316458
1096,23.650000,1097,65645.243985458
1097,23.666667,1098,65645.260654541
1098,23.700000,1099,65645.293992916
1099,23.716667,1100,65645.310661916
1100,23.733333,1101,65645.327331083
1101,23.766667,1102,65645.360669375
1102,23.783333,1103,65645.377338541
1103,23.800000,1104,65645.394007541
1104,23.833333,1105,65645.427345875
1105,23.850000,1106,65645.444014958
1106,23.866667,1107,65645.460684041
1107,23.900000,1108,65645.494022375
1108,23.916667,1109,65645.510691458
1109,23.933333,1110,65645.527360666
1110,23.966667,1111,65645.560698791
1111,23.983333,1112,65645.577367958
1112,24.000000,1113,65645.594037041
1113,24.033333,1114,65645.627375208
1114,24.050000,1115,65645.644044416
1115,24.066667,1116,65645.660713583
1116,24.100000,1117,65645.694051750
1117,24.116667,1118,65645.710720916
1118,24.133333,1119,65645.727390041
1119,24.166667,1120,65645.760728166
1120,24.183333,1121,65645.777397333
1121,24.200000,1122,65645.794066500
1122,24.233333,1123,65645.827404708
1123,24.250000,1124,65645.844073791
1124,24.266667,1125,65645.860742916
1125,24.300000,1126,65645.894081250
1126,24.316667,1127,65645.910750291
1127,24.333333,1128,65645.927419458
1128,24.366667,1129,65645.960757750
1129,24.383333,1130,65645.977426666
1130,24.400000,1131,65645.994095875
1131,24.433333,1132,65646.027434250
1132,24.450000,1133,65646.044103375
1133,24.466667,1134,65646.060772416
1134,24.500000,1135,65646.094110625
1135,24.516667,1136,65646.110779875
1136,24.533333,1137,65646.127448833
1137,24.550000,1138,65646.144117958
1138,24.583333,1139,65646.177456208
1139,24.600000,1140,65646.194125375
1140,24.616667,1141,65646.210794458
1141,24.650000,1142,65646.244132750
1142,24.666667,1143,65646.260801916
1143,24.683333,1144,65646.277470916
1144,24.700000,1145,65646.294140083
1145,24.733333,1146,65646.327478333
1146,24.750000,1147,65646.344147541
1147,24.766667,1148,65646.360816500
1148,24.783333,1149,65646.377485625
1149,24.816667,1150,65646.410823875
1150,24.833333,1151,65646.427493000
1151,24.850000,1152,65646.444162125
1152,24.866667,1153,65646.460831333
1153,24.900000,1154,65646.494169583
1154,24.916667,1155,65646.510838583
1155,24.933333,1156,65646.527507708
1156,24.950000,1157,65646.544176875
1157,24.983333,1158,65646.577515083
1158,25.000000,1159,65646.594184250
1159,25.016667,1160,65646.610853333
1160,25.033333,1161,65646.627522500
1161,25.066667,1162,65646.660860625
1162,25.083333,1163,65646.677529833
1163,25.100000,1164,65646.694198958
1164,25.133333,1165,65646.727537125
1165,25.150000,1166,65646.744206291
1166,25.166667,1167,65646.760875458
1167,25.200000,1168,65646.794213791
1168,25.216667,1169,65646.810882708
1169,25.233333,1170,65646.827551916
1170,25.266667,1171,65646.860890208
1171,25.283333,1172,65646.877559208
1172,25.316667,1173,65646.910897500
1173,25.333333,1174,65646.927566625
1174,25.350000,1175,65646.944235791
1175,25.366667,1176,65646.960904750
1176,25.383333,1177,65646.977573958
1177,25.400000,1178,65646.994243083
1178,25.433333,1179,65647.027581291
1179,25.450000,1180,65647.044250416
1180,25.466667,1181,65647.060919583
1181,25.483333,1182,65647.077588666
1182,25.516667,1183,65647.110926916
1183,25.533333,1184,65647.127596000
1184,25.550000,1185,65647.144265166
1185,25.583333,1186,65647.177603291
1186,25.600000,1187,65647.194272458
1187,25.616667,1188,65647.210941583
1188,25.633333,1189,65647.227610750
1189,25.666667,1190,65647.260948958
1190,25.683333,1191,65647.277618083
1191,25.700000,1192,65647.294287250
1192,25.716667,1193,65647.310956291
1193,25.750000,1194,65647.344294500
1194,25.766667,1195,65647.360963666
1195,25.783333,1196,65647.377632791
1196,25.800000,1197,65647.394301833
1197,25.833333,1198,65647.427640125
1198,25.850000,1199,65647.444309291
1199,25.866667,1200,65647.460978416
1200,25.883333,1201,65647.477647333
1201,25.916667,1202,65647.510985750
1202,25.933333,1203,65647.527654916
1203,25.950000,1204,65647.544323833
1204,25.966667,1205,65647.560993083
1205,26.000000,1206,65647.594331291
1206,26.016667,1207,65647.611000500
1207,26.033333,1208,65647.627669458
1208,26.050000,1209,65647.644338666
1209,26.083333,1210,65647.677676916
1210,26.100000,1211,65647.694345916
1211,26.116667,1212,65647.711015083
1212,26.133333,1213,65647.727684208
1213,26.166667,1214,65647.761022500
1214,26.183333,1215,65647.777691500
1215,26.200000,1216,65647.794360708
1216,26.216667,1217,65647.811029833
1217,26.250000,1218,65647.844367916
1218,26.266667,1219,65647.861037083
1219,26.283333,1220,65647.877706250
1220,26.300000,1221,65647.894375416
1221,26.316667,1222,65647.911044583
1222,26.350000,1223,65647.944382750
1223,26.366667,1224,65647.961051833
1224,26.383333,1225,65647.977721000
1225,26.400000,1226,65647.994390000
1226,26.433333,1227,65648.027728375
1227,26.450000,1228,65648.044397458
1228,26.466667,1229,65648.061066625
1229,26.483333,1230,65648.077735583
1230,26.516667,1231,65648.111073916
1231,26.533333,1232,65648.127743000
1232,26.550000,1233,65648.144412125
1233,26.566667,1234,65648.161081166
1234,26.600000,1235,65648.194419458
1235,26.616667,1236,65648.211088625
1236,26.633333,1237,65648.227757625
1237,26.666667,1238,65648.261096000
1238,26.683333,1239,65648.277765125
1239,26.700000,1240,65648.294434041
1240,26.716667,1241,65648.311103250
1241,26.750000,1242,65648.344441500
1242,26.766667,1243,65648.361110708
1243,26.783333,1244,65648.377779708
1244,26.816667,1245,65648.411118000
1245,26.833333,1246,65648.427787083
1246,26.850000,1247,65648.444456125
1247,26.883333,1248,65648.477794458
1248,26.900000,1249,65648.494463625
1249,26.916667,1250,65648.511132541
1250,26.933333,1251,65648.527801750
1251,26.966667,1252,65648.561140000
1252,26.983333,1253,65648.577809083
1253,27.000000,1254,65648.594478125
1254,27.033333,1255,65648.627816416
1255,27.050000,1256,65648.644485583
1256,27.066667,1257,65648.661154541
1257,27.083333,1258,65648.677823750
1258,27.116667,1259,65648.711162083
1259,27.133333,1260,65648.727831166
1260,27.150000,1261,65648.744500166
1261,27.166667,1262,65648.761169333
1262,27.183333,1263,65648.777838458
1263,27.200000,1264,65648.794507666
1264,27.233333,1265,65648.827845708
1265,27.250000,1266,65648.844514916
1266,27.266667,1267,65648.861184083
1267,27.283333,1268,65648.877853166
1268,27.316667,1269,65648.911191333
1269,27.333333,1270,65648.927860458
1270,27.350000,1271,65648.944529666
1271,27.366667,1272,65648.961198666
1272,27.400000,1273,65648.994536916
1273,27.416667,1274,65649.011206125
1274,27.433333,1275,65649.027875250
1275,27.466667,1276,65649.061213333
1276,27.483333,1277,65649.077882541
1277,27.500000,1278,65649.094551708
1278,27.516667,1279,65649.111220708
1279,27.533333,1280,65649.127889791
1280,27.566667,1281,65649.161228083
1281,27.583333,1282,65649.177897291
1282,27.600000,1283,65649.194566250
1283,27.616667,1284,65649.211235416
1284,27.650000,1285,65649.244573750
1285,27.666667,1286,65649.261242708
1286,27.683333,1287,65649.277911833
1287,27.700000,1288,65649.294581000
1288,27.716667,1289,65649.311250083
1289,27.750000,1290,65649.344588250
1290,27.766667,1291,65649.361257375
1291,27.783333,1292,65649.377926583
1292,27.800000,1293,65649.394595666
1293,27.833333,1294,65649.427933791
1294,27.850000,1295,65649.444603000
1295,27.866667,1296,65649.461272166
1296,27.883333,1297,65649.477941333
1297,27.916667,1298,65649.511279416
1298,27.933333,1299,65649.527948583
1299,27.950000,1300,65649.544617666
1300,27.983333,1301,65649.577955875
1301,28.000000,1302,65649.594624916
1302,28.016667,1303,65649.611294166
1303,28.050000,1304,65649.644632333
1304,28.066667,1305,65649.661301375
1305,28.100000,1306,65649.694639666
1306,28.116667,1307,65649.711308708
1307,28.133333,1308,65649.727977833
1308,28.166667,1309,65649.761316166
1309,28.183333,1310,65649.777985333
1310,28.200000,1311,65649.794654333
1311,28.233333,1312,65649.827992583
1312,28.250000,1313,65649.844661750
1313,28.283333,1314,65649.877999875
1314,28.300000,1315,65649.894669000
1315,28.316667,1316,65649.911338125
1316,28.350000,1317,65649.944676250
1317,28.366667,1318,65649.961345375
1318,28.400000,1319,65649.994683708
1319,28.416667,1320,65650.011352708
1320,28.433333,1321,65650.028021791
1321,28.466667,1322,65650.061360166
1322,28.483333,1323,65650.078029166
1323,28.516667,1324,65650.111367416
1324,28.533333,1325,65650.128036583
1325,28.566667,1326,65650.161374708
1326,28.583333,1327,65650.178043833
1327,28.600000,1328,65650.194713000
1328,28.633333,1329,65650.228051125
1329,28.650000,1330,65650.244720291
1330,28.683333,1331,65650.278058583
1331,28.700000,1332,65650.294727750
1332,28.733333,1333,65650.328065791
1333,28.750000,1334,65650.344735000
1334,28.766667,1335,65650.361404166
1335,28.800000,1336,65650.394742291
1336,28.816667,1337,65650.411411458
1337,28.850000,1338,65650.444749708
1338,28.866667,1339,65650.461418708
1339,28.900000,1340,65650.494756958
1340,28.916667,1341,65650.511426083
1341,28.933333,1342,65650.528095125
1342,28.966667,1343,65650.561433416
1343,28.983333,1344,65650.578102541
1344,29.016667,1345,65650.611440666
1345,29.033333,1346,65650.628109791
1346,29.066667,1347,65650.661448083
1347,29.083333,1348,65650.678117125
1348,29.100000,1349,65650.694786208
1349,29.133333,1350,65650.728124541
1350,29.150000,1351,65650.744793625
1351,29.183333,1352,65650.778131833
1352,29.200000,1353,65650.794800958
1353,29.233333,1354,65650.828139125
1354,29.250000,1355,65650.844808250
1355,29.266667,1356,65650.861477375
1356,29.300000,1357,65650.894815583
1357,29.316667,1358,65650.911484583
1358,29.333333,1359,65650.928153791
1359,29.366667,1360,65650.961492041
1360,29.383333,1361,65650.978161083
1361,29.400000,1362,65650.994830208
1362,29.433333,1363,65651.028168500
1363,29.450000,1364,65651.044837666
1364,29.466667,1365,65651.061506666
1365,29.500000,1366,65651.094844875
1366,29.516667,1367,65651.111514041
1367,29.533333,1368,65651.128183041
1368,29.566667,1369,65651.161521291
1369,29.583333,1370,65651.178190458
1370,29.616667,1371,65651.211528583
1371,29.633333,1372,65651.228197708
1372,29.650000,1373,65651.244866875
1373,29.683333,1374,65651.278204958
1374,29.700000,1375,65651.294874166
1375,29.733333,1376,65651.328212458
1376,29.750000,1377,65651.344881458
1377,29.783333,1378,65651.378219708
1378,29.800000,1379,65651.394888750
1379,29.833333,1380,65651.428227000
1380,29.850000,1381,65651.444896166
1381,29.883333,1382,65651.478234333
1382,29.900000,1383,65651.494903416
1383,29.933333,1384,65651.528241625
1384,29.950000,1385,65651.544910833
1385,29.983333,1386,65651.578248958
1386,30.000000,1387,65651.594918125
1387,30.016667,1388,65651.611587208
1388,30.050000,1389,65651.644925375
1389,30.066667,1390,65651.661594541
1390,30.100000,1391,65651.694932791
1391,30.116667,1392,65651.711601833
1392,30.150000,1393,65651.744940083
1393,30.166667,1394,65651.761609208
1394,30.183333,1395,65651.778278291
1395,30.216667,1396,65651.811616500
1396,30.233333,1397,65651.828285541
1397,30.266667,1398,65651.861623875
1398,30.283333,1399,65651.878292916
1399,30.316667,1400,65651.911631166
1400,30.333333,1401,65651.928300250
1401,30.350000,1402,65651.944969291
1402,30.383333,1403,65651.978307583
1403,30.400000,1404,65651.994976666
1404,30.416667,1405,65652.011645875
1405,30.450000,1406,65652.044983958
1406,30.466667,1407,65652.061653083
1407,30.483333,1408,65652.078322291
1408,30.516667,1409,65652.111660416
1409,30.533333,1410,65652.128329500
1410,30.566667,1411,65652.161667791
1411,30.583333,1412,65652.178336833
1412,30.600000,1413,65652.195005958
1413,30.633333,1414,65652.228344250
1414,30.650000,1415,65652.245013208
1415,30.683333,1416,65652.278351458
1416,30.700000,1417,65652.295020583
1417,30.716667,1418,65652.311689708
1418,30.750000,1419,65652.345027833
1419,30.766667,1420,65652.361697041
1420,30.800000,1421,65652.395035166
1421,30.816667,1422,65652.411704333
1422,30.833333,1423,65652.428373416
1423,30.866667,1424,65652.461711750
1424,30.883333,1425,65652.478380750
1425,30.916667,1426,65652.511718958
1426,30.933333,1427,65652.528388041
1427,30.950000,1428,65652.545057083
1428,30.983333,1429,65652.578395333
1429,31.000000,1430,65652.595064541
1430,31.016667,1431,65652.611733708
1431,31.050000,1432,65652.645071833
1432,31.066667,1433,65652.661740958
1433,31.083333,1434,65652.678410041
1434,31.116667,1435,65652.711748208
1435,31.133333,1436,65652.728417333
1436,31.150000,1437,65652.745086500
1437,31.183333,1438,65652.778424583
1438,31.200000,1439,65652.795093666
1439,31.216667,1440,65652.811762833
1440,31.233333,1441,65652.828432041
1441,31.266667,1442,65652.861770125
1442,31.283333,1443,65652.878439250
1443,31.300000,1444,65652.895108375
1444,31.333333,1445,65652.928446416
1445,31.350000,1446,65652.945115625
1446,31.366667,1447,65652.961784791
1447,31.383333,1448,65652.978453958
1448,31.416667,1449,65653.011792041
1449,31.433333,1450,65653.028461208
1450,31.450000,1451,65653.045130333
1451,31.466667,1452,65653.061799333
1452,31.500000,1453,65653.095137625
1453,31.516667,1454,65653.111806791
1454,31.533333,1455,65653.128475916
1455,31.550000,1456,65653.145144916
1456,31.583333,1457,65653.178483208
1457,31.600000,1458,65653.195152333
1458,31.616667,1459,65653.211821291
1459,31.633333,1460,65653.228490416
1460,31.666667,1461,65653.261828750
1461,31.683333,1462,65653.278497791
1462,31.700000,1463,65653.295166833
1463,31.733333,1464,65653.328505083
1464,31.750000,1465,65653.345174250
1465,31.766667,1466,65653.361843208
1466,31.783333,1467,65653.378512291
1467,31.816667,1468,65653.411850625
1468,31.833333,1469,65653.428519750
1469,31.850000,1470,65653.445188708
1470,31.866667,1471,65653.461857875
1471,31.900000,1472,65653.495196208
1472,31.916667,1473,65653.511865166
1473,31.933333,1474,65653.528534333
1474,31.966667,1475,65653.561872541
1475,31.983333,1476,65653.578541708
1476,32.000000,1477,65653.595210666
1477,32.016667,1478,65653.611879791
1478,32.050000,1479,65653.645218083
1479,32.066667,1480,65653.661887125
1480,32.083333,1481,65653.678556250
1481,32.100000,1482,65653.695225333
1482,32.133333,1483,65653.728563625
1483,32.150000,1484,65653.745232541
1484,32.166667,1485,65653.761901750
1485,32.183333,1486,65653.778570958
1486,32.216667,1487,65653.811909000
1487,32.233333,1488,65653.828578166
1488,32.250000,1489,65653.845247291
1489,32.266667,1490,65653.861916458
1490,32.283333,1491,65653.878585625
1491,32.316667,1492,65653.911923666
1492,32.333333,1493,65653.928592833
1493,32.350000,1494,65653.945262000
1494,32.366667,1495,65653.961930916
1495,32.383333,1496,65653.978600041
1496,32.400000,1497,65653.995269250
1497,32.433333,1498,65654.028607500
1498,32.450000,1499,65654.045276458
1499,32.466667,1500,65654.061945583
1500,32.483333,1501,65654.078614791
1501,32.500000,1502,65654.095283875
1502,32.516667,1503,65654.111952875
1503,32.533333,1504,65654.128621916
1504,32.550000,1505,65654.145291208
1505,32.566667,1506,65654.161960291
1506,32.583333,1507,65654.178629291
1507,32.616667,1508,65654.211967583
1508,32.633333,1509,65654.228636708
1509,32.650000,1510,65654.245305833
1510,32.666667,1511,65654.261974833
1511,32.683333,1512,65654.278643958
1512,32.700000,1513,65654.295313083
1513,32.716667,1514,65654.311982166
1514,32.733333,1515,65654.328651375
1515,32.750000,1516,65654.345320291
1516,32.766667,1517,65654.361989416
1517,32.800000,1518,65654.395327708
1518,32.816667,1519,65654.411996750
1519,32.833333,1520,65654.428665833
1520,32.850000,1521,65654.445335000
1521,32.866667,1522,65654.462004125
1522,32.883333,1523,65654.478673125
1523,32.900000,1524,65654.495342250
1524,32.916667,1525,65654.512011375
1525,32.933333,1526,65654.528680583
1526,32.950000,1527,65654.545349666
1527,32.966667,1528,65654.562018625
1528,32.983333,1529,65654.578687791
1529,33.000000,1530,65654.595356916
1530,33.016667,1531,65654.612026041
1531,33.033333,1532,65654.628695000
1532,33.050000,1533,65654.645364166
1533,33.066667,1534,65654.662033208
1534,33.083333,1535,65654.678702416
1535,33.100000,1536,65654.695371583
1536,33.116667,1537,65654.712040500
1537,33.133333,1538,65654.728709708
1538,33.150000,1539,65654.745378791
1539,33.166667,1540,65654.762048000
1540,33.183333,1541,65654.778716958
1541,33.200000,1542,65654.795386041
1542,33.216667,1543,65654.812055208
1543,33.233333,1544,65654.828724375
1544,33.250000,1545,65654.845393500
1545,33.266667,1546,65654.862062416
1546,33.283333,1547,65654.878731625
1547,33.316667,1548,65654.912069875
1548,33.333333,1549,65654.928738833
1549,33.350000,1550,65654.945407916
1550,33.366667,1551,65654.962077125
1551,33.383333,1552,65654.978746291
1552,33.400000,1553,65654.995415416
1553,33.416667,1554,65655.012084333
1554,33.433333,1555,65655.028753500
1555,33.450000,1556,65655.045422583
1556,33.466667,1557,65655.062091791
1557,33.500000,1558,65655.095429833
1558,33.516667,1559,65655.112099000
1559,33.533333,1560,65655.128768208
1560,33.550000,1561,65655.145437291
1561,33.566667,1562,65655.162106250
1562,33.600000,1563,65655.195444500
1563,33.616667,1564,65655.212113625
1564,33.633333,1565,65655.228782666
1565,33.650000,1566,65655.245451750
1566,33.683333,1567,65655.278790083
1567,33.700000,1568,65655.295459250
1568,33.716667,1569,65655.312128208
1569,33.733333,1570,65655.328797291
1570,33.750000,1571,65655.345466458
1571,33.766667,1572,65655.362135625
1572,33.783333,1573,65655.378804583
1573,33.816667,1574,65655.412142833
1574,33.833333,1575,65655.428811916
1575,33.850000,1576,65655.445481000
1576,33.866667,1577,65655.462150041
1577,33.883333,1578,65655.478819208
1578,33.916667,1579,65655.512157500
1579,33.933333,1580,65655.528826458
1580,33.950000,1581,65655.545495625
1581,33.966667,1582,65655.562164750
1582,34.000000,1583,65655.595502833
1583,34.016667,1584,65655.612171958
1584,34.033333,1585,65655.628841125
1585,34.066667,1586,65655.662179333
1586,34.083333,1587,65655.678848333
1587,34.100000,1588,65655.695517416
1588,34.133333,1589,65655.728855750
1589,34.150000,1590,65655.745524916
1590,34.166667,1591,65655.762193875
1591,34.200000,1592,65655.795532208
1592,34.216667,1593,65655.812201250
1593,34.233333,1594,65655.828870291
1594,34.266667,1595,65655.862208500
1595,34.283333,1596,65655.878877666
1596,34.300000,1597,65655.895546666
1597,34.333333,1598,65655.928884916
1598,34.350000,1599,65655.945554041
1599,34.366667,1600,65655.962223208
1600,34.400000,1601,65655.995561291
1601,34.416667,1602,65656.012230416
1602,34.433333,1603,65656.028899541
1603,34.466667,1604,65656.062237625
1604,34.483333,1605,65656.078906791
1605,34.516667,1606,65656.112245083
1606,34.533333,1607,65656.128914000
1607,34.550000,1608,65656.145583166
1608,34.583333,1609,65656.178921416
1609,34.600000,1610,65656.195590416
1610,34.616667,1611,65656.212259541
1611,34.650000,1612,65656.245597708
1612,34.666667,1613,65656.262266958
1613,34.700000,1614,65656.295605041
1614,34.716667,1615,65656.312274125
1615,34.733333,1616,65656.328943375
1616,34.766667,1617,65656.362281375
1617,34.783333,1618,65656.378950541
1618,34.800000,1619,65656.395619666
1619,34.833333,1620,65656.428957750
1620,34.850000,1621,65656.445626833
1621,34.883333,1622,65656.478965166
1622,34.900000,1623,65656.495634166
1623,34.916667,1624,65656.512303333
1624,34.950000,1625,65656.545641541
1625,34.966667,1626,65656.562310708
1626,34.983333,1627,65656.578979625
1627,35.016667,1628,65656.612317958
1628,35.033333,1629,65656.628987083
1629,35.066667,1630,65656.662325166
1630,35.083333,1631,65656.678994333
1631,35.100000,1632,65656.695663375
1632,35.133333,1633,65656.729001500
1633,35.150000,1634,65656.745670666
1634,35.166667,1635,65656.762339791
1635,35.200000,1636,65656.795677916
1636,35.216667,1637,65656.812347041
1637,35.250000,1638,65656.845685291
1638,35.266667,1639,65656.862354458
1639,35.283333,1640,65656.879023416
1640,35.316667,1641,65656.912361666
1641,35.333333,1642,65656.929030791
1642,35.366667,1643,65656.962368875
1643,35.383333,1644,65656.979038041
1644,35.416667,1645,65657.012376125
1645,35.433333,1646,65657.029045291
1646,35.450000,1647,65657.045714375
1647,35.483333,1648,65657.079052666
1648,35.500000,1649,65657.095721666
1649,35.533333,1650,65657.129059791
1650,35.550000,1651,65657.145729041
1651,35.583333,1652,65657.179067166
1652,35.600000,1653,65657.195736291
1653,35.633333,1654,65657.229074500
1654,35.650000,1655,65657.245743500
1655,35.683333,1656,65657.279081750
1656,35.700000,1657,65657.295750833
1657,35.716667,1658,65657.312419833
1658,35.750000,1659,65657.345758083
1659,35.766667,1660,65657.362427208
1660,35.800000,1661,65657.395765375
1661,35.816667,1662,65657.412434500
1662,35.850000,1663,65657.445772750
1663,35.866667,1664,65657.462441708
1664,35.900000,1665,65657.495779875
1665,35.916667,1666,65657.512449125
1666,35.933333,1667,65657.529118208
1667,35.966667,1668,65657.562456375
1668,35.983333,1669,65657.579125416
1669,36.016667,1670,65657.612463583
1670,36.033333,1671,65657.629132708
1671,36.066667,1672,65657.662470958
1672,36.083333,1673,65657.679140083
1673,36.116667,1674,65657.712478208
1674,36.133333,1675,65657.729147333
1675,36.150000,1676,65657.745816416
1676,36.183333,1677,65657.779154583
1677,36.200000,1678,65657.795823708
1678,36.233333,1679,65657.829161958
1679,36.250000,1680,65657.845830916
1680,36.283333,1681,65657.879169083
1681,36.300000,1682,65657.895838291
1682,36.316667,1683,65657.912507208
1683,36.350000,1684,65657.945845541
1684,36.366667,1685,65657.962514666
1685,36.400000,1686,65657.995848166
1686,36.416667,1687,65658.012521916
1687,36.450000,1688,65658.045860166
1688,36.466667,1689,65658.062529125
1689,36.500000,1690,65658.095867375
1690,36.516667,1691,65658.112536500
1691,36.550000,1692,65658.145874625
1692,36.566667,1693,65658.162543708
1693,36.600000,1694,65658.195882000
1694,36.616667,1695,65658.212551000
1695,36.650000,1696,65658.245889208
1696,36.666667,1697,65658.262558375
1697,36.683333,1698,65658.279227458
1698,36.716667,1699,65658.312565541
1699,36.733333,1700,65658.329234750
1700,36.766667,1701,65658.362572791
1701,36.783333,1702,65658.379241958
1702,36.816667,1703,65658.412580208
1703,36.833333,1704,65658.429249125
1704,36.866667,1705,65658.462587416
1705,36.883333,1706,65658.479256541
1706,36.916667,1707,65658.512594625
1707,36.933333,1708,65658.529263791
1708,36.966667,1709,65658.562602000
1709,36.983333,1710,65658.579271000
1710,37.000000,1711,65658.595940125
1711,37.033333,1712,65658.629278416
1712,37.050000,1713,65658.645947583
1713,37.083333,1714,65658.679285541
1714,37.100000,1715,65658.695954791
1715,37.116667,1716,65658.712623875
1716,37.150000,1717,65658.745962000
1717,37.166667,1718,65658.762631125
1718,37.200000,1719,65658.795969375
1719,37.216667,1720,65658.812638333
1720,37.233333,1721,65658.829307458
1721,37.266667,1722,65658.862645708
1722,37.283333,1723,65658.879314666
1723,37.316667,1724,65658.912652916
1724,37.333333,1725,65658.929322041
1725,37.366667,1726,65658.962660125
1726,37.383333,1727,65658.979329333
1727,37.400000,1728,65658.995998416
1728,37.433333,1729,65659.029336458
1729,37.450000,1730,65659.046005583
1730,37.483333,1731,65659.079343875
1731,37.500000,1732,65659.096013041
1732,37.533333,1733,65659.129351125
1733,37.550000,1734,65659.146020250
1734,37.583333,1735,65659.179358375
1735,37.600000,1736,65659.196027458
1736,37.616667,1737,65659.212696583
1737,37.650000,1738,65659.246034833
1738,37.666667,1739,65659.262703791
1739,37.700000,1740,65659.296042125
1740,37.716667,1741,65659.312711250
1741,37.750000,1742,65659.346049250
1742,37.766667,1743,65659.362718458
1743,37.800000,1744,65659.396056583
1744,37.816667,1745,65659.412725666
1745,37.833333,1746,65659.429394708
1746,37.866667,1747,65659.462733000
1747,37.883333,1748,65659.479401958
1748,37.916667,1749,65659.512740250
1749,37.933333,1750,65659.529409416
1750,37.966667,1751,65659.562747500
1751,37.983333,1752,65659.579416583
1752,38.016667,1753,65659.612754833
1753,38.033333,1754,65659.629423750
1754,38.066667,1755,65659.662762000
1755,38.083333,1756,65659.679431208
1756,38.116667,1757,65659.712769333
1757,38.133333,1758,65659.729438416
1758,38.166667,1759,65659.762776666
1759,38.183333,1760,65659.779445625
1760,38.216667,1761,65659.812783875
1761,38.233333,1762,65659.829453041
1762,38.250000,1763,65659.846121958
1763,38.283333,1764,65659.879460208
1764,38.300000,1765,65659.896129333
1765,38.333333,1766,65659.929467458
1766,38.366667,1767,65659.962805708
1767,38.383333,1768,65659.979474791
1768,38.400000,1769,65659.996144000
1769,38.433333,1770,65660.029482041
1770,38.450000,1771,65660.046151166
1771,38.483333,1772,65660.079489291
1772,38.500000,1773,65660.096158416
1773,38.533333,1774,65660.129496666
1774,38.550000,1775,65660.146165625
1775,38.583333,1776,65660.179503875
1776,38.600000,1777,65660.196172958
1777,38.633333,1778,65660.229511083
1778,38.666667,1779,65660.262849333
1779,38.683333,1780,65660.279518458
1780,38.716667,1781,65660.312856541
1781,38.733333,1782,65660.329525666
1782,38.766667,1783,65660.362863958
1783,38.783333,1784,65660.379532916
1784,38.816667,1785,65660.412871166
1785,38.833333,1786,65660.429540291
1786,38.866667,1787,65660.462878333
1787,38.883333,1788,65660.479547500
1788,38.916667,1789,65660.512885708
1789,38.933333,1790,65660.529554625
1790,38.966667,1791,65660.562892958
1791,38.983333,1792,65660.579562125
1792,39.016667,1793,65660.612900125
1793,39.033333,1794,65660.629569291
1794,39.066667,1795,65660.662907500
1795,39.083333,1796,65660.679576500
1796,39.116667,1797,65660.712914750
1797,39.133333,1798,65660.729583916
1798,39.166667,1799,65660.762921958
1799,39.183333,1800,65660.779591041
1800,39.216667,1801,65660.812929375
1801,39.233333,1802,65660.829598291
1802,39.266667,1803,65660.862936541
1803,39.283333,1804,65660.879605666
1804,39.300000,1805,65660.896274666
1805,39.333333,1806,65660.929612833
1806,39.350000,1807,65660.946282041
1807,39.383333,1808,65660.979620125
1808,39.400000,1809,65660.996289208
1809,39.433333,1810,65661.029627500
1810,39.450000,1811,65661.046296458
1811,39.483333,1812,65661.079634708
1812,39.500000,1813,65661.096303791
1813,39.516667,1814,65661.112972958
1814,39.550000,1815,65661.146311041
1815,39.566667,1816,65661.162980166
1816,39.600000,1817,65661.196318250
1817,39.616667,1818,65661.212987416
1818,39.633333,1819,65661.229656500
1819,39.666667,1820,65661.262994583
1820,39.683333,1821,65661.279663708
1821,39.716667,1822,65661.313001958
1822,39.733333,1823,65661.329671083
1823,39.766667,1824,65661.363009125
1824,39.783333,1825,65661.379678291
1825,39.816667,1826,65661.413016541
1826,39.833333,1827,65661.429685458
1827,39.850000,1828,65661.446354625
1828,39.866667,1829,65661.463023750
1829,39.883333,1830,65661.479692833
1830,39.900000,1831,65661.496361833
1831,39.933333,1832,65661.529700125
1832,39.950000,1833,65661.546369166
1833,39.983333,1834,65661.579707291
1834,40.016667,1835,65661.613045541
1835,40.033333,1836,65661.629714708
1836,40.050000,1837,65661.646383625
1837,40.083333,1838,65661.679721833
1838,40.100000,1839,65661.696391000
1839,40.116667,1840,65661.713060000
1840,40.150000,1841,65661.746398208
1841,40.166667,1842,65661.763067333
1842,40.183333,1843,65661.779736500
1843,40.216667,1844,65661.813074541
1844,40.233333,1845,65661.829743666
1845,40.250000,1846,65661.846412791
1846,40.283333,1847,65661.879750833
1847,40.300000,1848,65661.896419958
1848,40.316667,1849,65661.913089083
1849,40.350000,1850,65661.946427250
1850,40.366667,1851,65661.963096291
1851,40.400000,1852,65661.996434541
1852,40.416667,1853,65662.013103541
1853,40.433333,1854,65662.029772708
1854,40.466667,1855,65662.063110875
1855,40.483333,1856,65662.079779958
1856,40.500000,1857,65662.096449000
1857,40.533333,1858,65662.129787208
1858,40.550000,1859,65662.146456375
1859,40.566667,1860,65662.163125375
1860,40.600000,1861,65662.196463583
1861,40.616667,1862,65662.213132750
1862,40.633333,1863,65662.229801791
1863,40.666667,1864,65662.263139833
1864,40.683333,1865,65662.279809000
1865,40.700000,1866,65662.296478166
1866,40.716667,1867,65662.313147041
1867,40.750000,1868,65662.346485333
1868,40.766667,1869,65662.363154500
1869,40.783333,1870,65662.379823625
1870,40.816667,1871,65662.413161666
1871,40.833333,1872,65662.429830791
1872,40.850000,1873,65662.446500000
1873,40.866667,1874,65662.463168875
1874,40.900000,1875,65662.496507083
1875,40.916667,1876,65662.513176208
1876,40.933333,1877,65662.529845416
1877,40.950000,1878,65662.546514291
1878,40.983333,1879,65662.579852583
1879,41.000000,1880,65662.596521750
1880,41.016667,1881,65662.613190583
1881,41.033333,1882,65662.629859833
1882,41.050000,1883,65662.646528916
1883,41.083333,1884,65662.679866958
1884,41.100000,1885,65662.696536125
1885,41.116667,1886,65662.713205250
1886,41.150000,1887,65662.746543500
1887,41.166667,1888,65662.763212458
1888,41.183333,1889,65662.779881625
1889,41.200000,1890,65662.796550666
1890,41.233333,1891,65662.829889000
1891,41.250000,1892,65662.846557916
1892,41.266667,1893,65662.863227041
1893,41.300000,1894,65662.896565166
1894,41.316667,1895,65662.913234208
1895,41.333333,1896,65662.929903333
1896,41.366667,1897,65662.963241583
1897,41.383333,1898,65662.979910583
1898,41.400000,1899,65662.996579666
1899,41.433333,1900,65663.029917875
1900,41.450000,1901,65663.046587000
1901,41.483333,1902,65663.079925041
1902,41.500000,1903,65663.096594291
1903,41.516667,1904,65663.113263375
1904,41.550000,1905,65663.146601416
1905,41.566667,1906,65663.163270583
1906,41.600000,1907,65663.196608833
1907,41.616667,1908,65663.213277750
1908,41.633333,1909,65663.229946916
1909,41.666667,1910,65663.263285166
1910,41.683333,1911,65663.279954041
1911,41.716667,1912,65663.313292333
1912,41.733333,1913,65663.329961458
1913,41.766667,1914,65663.363299583
1914,41.783333,1915,65663.379968625
1915,41.816667,1916,65663.413306958
1916,41.833333,1917,65663.429975875
1917,41.850000,1918,65663.446645000
1918,41.883333,1919,65663.479983208
1919,41.900000,1920,65663.496652375
1920,41.916667,1921,65663.513321333
1921,41.950000,1922,65663.546659541
1922,41.966667,1923,65663.563328666
1923,41.983333,1924,65663.579997583
1924,42.000000,1925,65663.596666791
1925,42.033333,1926,65663.630005000
1926,42.050000,1927,65663.646674125
1927,42.066667,1928,65663.663343083
1928,42.083333,1929,65663.680012250
1929,42.116667,1930,65663.713350458
1930,42.133333,1931,65663.730019416
1931,42.150000,1932,65663.746688541
1932,42.183333,1933,65663.780026750
1933,42.200000,1934,65663.796695875
1934,42.216667,1935,65663.813364791
1935,42.233333,1936,65663.830033916
1936,42.250000,1937,65663.846703083
1937,42.283333,1938,65663.880041125
1938,42.300000,1939,65663.896710250
1939,42.316667,1940,65663.913379375
1940,42.333333,1941,65663.930048541
1941,42.350000,1942,65663.946717666
1942,42.383333,1943,65663.980055750
1943,42.400000,1944,65663.996724875
1944,42.416667,1945,65664.013393958
1945,42.433333,1946,65664.030062958
1946,42.450000,1947,65664.046732083
1947,42.466667,1948,65664.063401208
1948,42.500000,1949,65664.096739208
1949,42.516667,1950,65664.113408375
1950,42.533333,1951,65664.130077500
1951,42.550000,1952,65664.146746625
1952,42.566667,1953,65664.163415666
1953,42.583333,1954,65664.180084708
1954,42.600000,1955,65664.196753750
1955,42.633333,1956,65664.230092041
1956,42.650000,1957,65664.246761125
1957,42.666667,1958,65664.263430083
1958,42.683333,1959,65664.280099250
1959,42.700000,1960,65664.296768375
1960,42.716667,1961,65664.313437500
1961,42.733333,1962,65664.330106500
1962,42.766667,1963,65664.363444708
1963,42.783333,1964,65664.380113833
1964,42.800000,1965,65664.396782750
1965,42.816667,1966,65664.413451875
1966,42.833333,1967,65664.430121000
1967,42.850000,1968,65664.446790125
1968,42.883333,1969,65664.480128250
1969,42.900000,1970,65664.496797333
1970,42.916667,1971,65664.513466458
1971,42.933333,1972,65664.530135583
1972,42.950000,1973,65664.546804458
1973,42.966667,1974,65664.563473666
1974,42.983333,1975,65664.580142750
1975,43.000000,1976,65664.596811875
1976,43.033333,1977,65664.630150000
1977,43.050000,1978,65664.646819041
1978,43.066667,1979,65664.663488208
1979,43.083333,1980,65664.680157333
1980,43.100000,1981,65664.696826250
1981,43.116667,1982,65664.713495333
1982,43.133333,1983,65664.730164500
1983,43.150000,1984,65664.746833625
1984,43.166667,1985,65664.763502708
1985,43.200000,1986,65664.796840833
1986,43.216667,1987,65664.813509958
1987,43.233333,1988,65664.830179083
1988,43.250000,1989,65664.846848041
1989,43.266667,1990,65664.863517125
1990,43.283333,1991,65664.880186250
1991,43.300000,1992,65664.896855333
1992,43.333333,1993,65664.930193416
1993,43.350000,1994,65664.946862625
1994,43.366667,1995,65664.963531708
1995,43.383333,1996,65664.980200833
1996,43.400000,1997,65664.996869750
1997,43.416667,1998,65665.013538833
1998,43.450000,1999,65665.046877125
1999,43.466667,2000,65665.063546291
2000,43.483333,2001,65665.080215208
2001,43.500000,2002,65665.096884333
2002,43.516667,2003,65665.113553416
2003,43.550000,2004,65665.146891500
2004,43.566667,2005,65665.163560583
2005,43.583333,2006,65665.180229708
2006,43.600000,2007,65665.196898833
2007,43.633333,2008,65665.230236958
2008,43.650000,2009,65665.246906041
2009,43.666667,2010,65665.263575208
2010,43.683333,2011,65665.280244333
2011,43.716667,2012,65665.313582375
2012,43.733333,2013,65665.330251458
2013,43.750000,2014,65665.346920583
2014,43.783333,2015,65665.380258708
2015,43.800000,2016,65665.396927791
2016,43.816667,2017,65665.413596916
2017,43.850000,2018,65665.446934916
2018,43.866667,2019,65665.463604125
2019,43.883333,2020,65665.480273208
2020,43.900000,2021,65665.496942291
2021,43.933333,2022,65665.530280458
2022,43.950000,2023,65665.546949458
2023,43.966667,2024,65665.563618625
2024,43.983333,2025,65665.580287750
2025,44.000000,2026,65665.596956708
2026,44.016667,2027,65665.613625791
2027,44.033333,2028,65665.630294958
2028,44.066667,2029,65665.663633041
2029,44.083333,2030,65665.680302166
2030,44.100000,2031,65665.696971208
2031,44.116667,2032,65665.713640375
2032,44.133333,2033,65665.730309500
2033,44.150000,2034,65665.746978458
2034,44.166667,2035,65665.763647583
2035,44.183333,2036,65665.780316750
2036,44.216667,2037,65665.813654750
2037,44.233333,2038,65665.830323875
2038,44.250000,2039,65665.846992958
2039,44.266667,2040,65665.863662125
2040,44.283333,2041,65665.880331166
2041,44.300000,2042,65665.897000208
2042,44.333333,2043,65665.930338375
2043,44.350000,2044,65665.947007500
2044,44.366667,2045,65665.963676458
2045,44.383333,2046,65665.980345625
2046,44.400000,2047,65665.997014750
2047,44.433333,2048,65666.030352916
2048,44.450000,2049,65666.047021916
2049,44.466667,2050,65666.063690958
2050,44.483333,2051,65666.080360083
2051,44.516667,2052,65666.113698208
2052,44.533333,2053,65666.130367291
2053,44.550000,2054,65666.147036416
2054,44.566667,2055,65666.163705541
2055,44.600000,2056,65666.197043583
2056,44.616667,2057,65666.213712750
2057,44.633333,2058,65666.230381875
2058,44.666667,2059,65666.263719958
2059,44.683333,2060,65666.280388958
2060,44.700000,2061,65666.297058166
2061,44.716667,2062,65666.313727333
2062,44.750000,2063,65666.347065333
2063,44.766667,2064,65666.363734541
2064,44.783333,2065,65666.380403541
2065,44.816667,2066,65666.413741625
2066,44.833333,2067,65666.430410791
2067,44.850000,2068,65666.447079875
2068,44.866667,2069,65666.463748958
2069,44.900000,2070,65666.497087083
2070,44.916667,2071,65666.513756166
2071,44.933333,2072,65666.530425333
2072,44.966667,2073,65666.563763333
2073,44.983333,2074,65666.580432416
2074,45.000000,2075,65666.597101625
2075,45.033333,2076,65666.630439875
2076,45.050000,2077,65666.647108791
2077,45.066667,2078,65666.663777958
2078,45.083333,2079,65666.680447000
2079,45.116667,2080,65666.713785125
2080,45.133333,2081,65666.730454208
2081,45.150000,2082,65666.747123375
2082,45.183333,2083,65666.780461583
2083,45.200000,2084,65666.797130500
2084,45.216667,2085,65666.813799625
2085,45.250000,2086,65666.847137833
2086,45.266667,2087,65666.863806791
2087,45.283333,2088,65666.880475958
2088,45.316667,2089,65666.913814125
2089,45.333333,2090,65666.930483125
2090,45.350000,2091,65666.947152208
2091,45.383333,2092,65666.980490416
2092,45.400000,2093,65666.997159500
2093,45.433333,2094,65667.030497625
2094,45.450000,2095,65667.047166708
2095,45.466667,2096,65667.063835833
2096,45.500000,2097,65667.097173916
2097,45.516667,2098,65667.113843041
2098,45.533333,2099,65667.130512166
2099,45.566667,2100,65667.163850250
2100,45.583333,2101,65667.180519333
2101,45.600000,2102,65667.197188375
2102,45.633333,2103,65667.230526541
2103,45.650000,2104,65667.247195625
2104,45.666667,2105,65667.263864791
2105,45.700000,2106,65667.297202958
2106,45.716667,2107,65667.313871958
2107,45.733333,2108,65667.330541041
2108,45.766667,2109,65667.363879291
2109,45.783333,2110,65667.380548208
2110,45.800000,2111,65667.397217333
2111,45.833333,2112,65667.430555541
2112,45.850000,2113,65667.447224666
2113,45.866667,2114,65667.463893625
2114,45.900000,2115,65667.497231875
2115,45.916667,2116,65667.513901041
2116,45.933333,2117,65667.530569958
2117,45.966667,2118,65667.563908208
2118,45.983333,2119,65667.580577250
2119,46.000000,2120,65667.597246375
2120,46.033333,2121,65667.630584416
2121,46.050000,2122,65667.647253541
2122,46.066667,2123,65667.663922666
2123,46.100000,2124,65667.697260708
2124,46.116667,2125,65667.713929916
2125,46.133333,2126,65667.730599000
2126,46.150000,2127,65667.747268125
2127,46.166667,2128,65667.763937000
2128,46.200000,2129,65667.797275250
2129,46.216667,2130,65667.813944375
2130,46.233333,2131,65667.830613291
2131,46.250000,2132,65667.847282416
2132,46.266667,2133,65667.863951541
2133,46.300000,2134,65667.897289791
2134,46.316667,2135,65667.913958708
2135,46.333333,2136,65667.930627833
2136,46.350000,2137,65667.947296958
2137,46.366667,2138,65667.963966041
2138,46.383333,2139,65667.980635041
2139,46.400000,2140,65667.997304166
2140,46.416667,2141,65668.013973208
2141,46.433333,2142,65668.030642375
2142,46.450000,2143,65668.047311458
2143,46.483333,2144,65668.080649583
2144,46.500000,2145,65668.097318708
2145,46.516667,2146,65668.113987750
2146,46.533333,2147,65668.130656750
2147,46.550000,2148,65668.147325791
2148,46.566667,2149,65668.163994958
2149,46.583333,2150,65668.180664083
2150,46.600000,2151,65668.197333166
2151,46.616667,2152,65668.214002166
2152,46.633333,2153,65668.230671208
2153,46.650000,2154,65668.247340333
2154,46.683333,2155,65668.280678458
2155,46.700000,2156,65668.297347458
2156,46.716667,2157,65668.314016666
2157,46.733333,2158,65668.330685708
2158,46.750000,2159,65668.347354708
2159,46.766667,2160,65668.364023833
2160,46.783333,2161,65668.380692916
2161,46.800000,2162,65668.397362000
2162,46.816667,2163,65668.414031166
2163,46.850000,2164,65668.447369250
2164,46.866667,2165,65668.464038291
2165,46.883333,2166,65668.480707416
2166,46.900000,2167,65668.497376375
2167,46.916667,2168,65668.514045541
2168,46.933333,2169,65668.530714625
2169,46.950000,2170,65668.547383750
2170,46.966667,2171,65668.564052791
2171,46.983333,2172,65668.580721791
2172,47.000000,2173,65668.597390833
2173,47.033333,2174,65668.630729166
2174,47.050000,2175,65668.647398083
2175,47.066667,2176,65668.664067166
2176,47.083333,2177,65668.680736333
2177,47.100000,2178,65668.697405416
2178,47.116667,2179,65668.714074541
2179,47.133333,2180,65668.730743500
2180,47.166667,2181,65668.764081666
2181,47.183333,2182,65668.780750833
2182,47.200000,2183,65668.797419750
2183,47.216667,2184,65668.814088833
2184,47.233333,2185,65668.830758041
2185,47.250000,2186,65668.847427125
2186,47.283333,2187,65668.880765208
2187,47.300000,2188,65668.897434250
2188,47.316667,2189,65668.914103416
2189,47.333333,2190,65668.930772416
2190,47.350000,2191,65668.947441416
2191,47.383333,2192,65668.980779708
2192,47.400000,2193,65668.997448708
2193,47.416667,2194,65669.014117958
2194,47.433333,2195,65669.030786833
2195,47.450000,2196,65669.047455958
2196,47.483333,2197,65669.080794166
2197,47.500000,2198,65669.097463125
2198,47.516667,2199,65669.114132250
2199,47.533333,2200,65669.130801333
2200,47.566667,2201,65669.164139541
2201,47.583333,2202,65669.180808500
2202,47.600000,2203,65669.197477666
2203,47.616667,2204,65669.214146750
2204,47.633333,2205,65669.230815875
2205,47.666667,2206,65669.264153916
2206,47.683333,2207,65669.280823000
2207,47.700000,2208,65669.297492166
2208,47.716667,2209,65669.314161250
2209,47.750000,2210,65669.347499291
2210,47.766667,2211,65669.364168416
2211,47.783333,2212,65669.380837500
2212,47.800000,2213,65669.397506500
2213,47.816667,2214,65669.414175541
2214,47.850000,2215,65669.447513875
2215,47.866667,2216,65669.464182916
2216,47.883333,2217,65669.480851875
2217,47.900000,2218,65669.497521000
2218,47.916667,2219,65669.514190125
2219,47.950000,2220,65669.547528125
2220,47.966667,2221,65669.564197333
2221,47.983333,2222,65669.580866375
2222,48.000000,2223,65669.597535500
2223,48.016667,2224,65669.614204625
2224,48.050000,2225,65669.647542666
2225,48.066667,2226,65669.664211791
2226,48.083333,2227,65669.680880875
2227,48.100000,2228,65669.697549750
2228,48.116667,2229,65669.714218916
2229,48.150000,2230,65669.747557125
2230,48.166667,2231,65669.764226125
2231,48.183333,2232,65669.780895250
2232,48.200000,2233,65669.797564375
2233,48.233333,2234,65669.830902500
2234,48.250000,2235,65669.847571541
2235,48.266667,2236,65669.864240625
2236,48.283333,2237,65669.880909666
2237,48.316667,2238,65669.914247916
2238,48.333333,2239,65669.930916958
2239,48.350000,2240,65669.947586041
2240,48.366667,2241,65669.964255083
2241,48.383333,2242,65669.980924208
2242,48.416667,2243,65670.014262291
2243,48.433333,2244,65670.030931416
2244,48.450000,2245,65670.047600458
2245,48.466667,2246,65670.064269416
2246,48.483333,2247,65670.080938541
2247,48.516667,2248,65670.114276750
2248,48.533333,2249,65670.130945875
2249,48.550000,2250,65670.147614833
2250,48.566667,2251,65670.164283958
2251,48.600000,2252,65670.197622125
2252,48.616667,2253,65670.214291083
2253,48.633333,2254,65670.230960208
2254,48.650000,2255,65670.247629375
2255,48.683333,2256,65670.280967500
2256,48.700000,2257,65670.297636458
2257,48.716667,2258,65670.314305625
2258,48.750000,2259,65670.347643791
2259,48.766667,2260,65670.364312750
2260,48.783333,2261,65670.380981833
2261,48.816667,2262,65670.414320041
2262,48.833333,2263,65670.430989166
2263,48.850000,2264,65670.447658125
2264,48.883333,2265,65670.480996375
2265,48.900000,2266,65670.497665375
2266,48.916667,2267,65670.514334375
2267,48.950000,2268,65670.547672666
2268,48.966667,2269,65670.564341750
2269,48.983333,2270,65670.581010791
2270,49.016667,2271,65670.614348875
2271,49.033333,2272,65670.631018000
2272,49.050000,2273,65670.647687083
2273,49.083333,2274,65670.681025166
2274,49.100000,2275,65670.697694291
2275,49.133333,2276,65670.731032500
2276,49.150000,2277,65670.747701416
2277,49.166667,2278,65670.764370541
2278,49.200000,2279,65670.797708750
2279,49.216667,2280,65670.814377666
2280,49.233333,2281,65670.831046833
2281,49.266667,2282,65670.864384958
2282,49.283333,2283,65670.881054125
2283,49.300000,2284,65670.897723125
2284,49.333333,2285,65670.931061291
2285,49.350000,2286,65670.947730458
2286,49.383333,2287,65670.981068500
2287,49.400000,2288,65670.997737625
2288,49.416667,2289,65671.014406708
2289,49.450000,2290,65671.047744750
2290,49.466667,2291,65671.064413875
2291,49.483333,2292,65671.081082875
2292,49.516667,2293,65671.114420958
2293,49.533333,2294,65671.131090166
2294,49.550000,2295,65671.147759250
2295,49.583333,2296,65671.181097250
2296,49.600000,2297,65671.197766375
2297,49.616667,2298,65671.214435416
2298,49.650000,2299,65671.247773708
2299,49.666667,2300,65671.264442583
2300,49.700000,2301,65671.297780833
2301,49.716667,2302,65671.314449958
2302,49.733333,2303,65671.331118958
2303,49.766667,2304,65671.364457125
2304,49.783333,2305,65671.381126208
2305,49.800000,2306,65671.397795291
2306,49.833333,2307,65671.431133375
2307,49.850000,2308,65671.447802458
2308,49.866667,2309,65671.464471583
2309,49.900000,2310,65671.497809666
2310,49.916667,2311,65671.514478750
2311,49.950000,2312,65671.547817000
2312,49.966667,2313,65671.564485916
2313,49.983333,2314,65671.581155041
2314,50.016667,2315,65671.614493208
2315,50.033333,2316,65671.631162166
2316,50.050000,2317,65671.647831333
2317,50.083333,2318,65671.681169541
2318,50.100000,2319,65671.697838583
2319,50.116667,2320,65671.714507583
2320,50.150000,2321,65671.747845791
2321,50.166667,2322,65671.764514875
2322,50.183333,2323,65671.781183833
2323,50.216667,2324,65671.814522000
2324,50.233333,2325,65671.831191125
2325,50.250000,2326,65671.847860250
2326,50.283333,2327,65671.881198250
2327,50.300000,2328,65671.897867416
2328,50.316667,2329,65671.914536541
2329,50.350000,2330,65671.947874541
2330,50.366667,2331,65671.964543666
2331,50.383333,2332,65671.981212750
2332,50.416667,2333,65672.014550791
2333,50.433333,2334,65672.031219916
2334,50.450000,2335,65672.047889041
2335,50.483333,2336,65672.081227083
2336,50.500000,2337,65672.097896208
2337,50.516667,2338,65672.114565333
2338,50.550000,2339,65672.147903500
2339,50.566667,2340,65672.164572416
2340,50.583333,2341,65672.181241541
2341,50.616667,2342,65672.214579791
2342,50.633333,2343,65672.231248625
2343,50.650000,2344,65672.247917875
2344,50.683333,2345,65672.281256083
2345,50.700000,2346,65672.297925125
2346,50.716667,2347,65672.314594000
2347,50.750000,2348,65672.347932250
2348,50.766667,2349,65672.364601416
2349,50.783333,2350,65672.381270291
2350,50.816667,2351,65672.414608583
2351,50.833333,2352,65672.431277625
2352,50.850000,2353,65672.447946750
2353,50.883333,2354,65672.481284791
2354,50.900000,2355,65672.497953916
2355,50.916667,2356,65672.514622958
2356,50.950000,2357,65672.547961083
2357,50.966667,2358,65672.564630166
2358,50.983333,2359,65672.581299250
2359,51.016667,2360,65672.614637250
2360,51.033333,2361,65672.631306416
2361,51.050000,2362,65672.647975416
2362,51.083333,2363,65672.681313500
2363,51.100000,2364,65672.697982625
2364,51.133333,2365,65672.731320916
2365,51.150000,2366,65672.747989791
2366,51.166667,2367,65672.764658958
2367,51.200000,2368,65672.797997166
2368,51.216667,2369,65672.814666250
2369,51.233333,2370,65672.831335208
2370,51.266667,2371,65672.864673416
2371,51.283333,2372,65672.881342500
2372,51.300000,2373,65672.898011500
2373,51.333333,2374,65672.931349666
2374,51.350000,2375,65672.948018750
2375,51.366667,2376,65672.964687875
2376,51.383333,2377,65672.981356833
2377,51.416667,2378,65673.014695041
2378,51.433333,2379,65673.031364166
2379,51.450000,2380,65673.048033083
2380,51.483333,2381,65673.081371291
2381,51.500000,2382,65673.098040375
2382,51.516667,2383,65673.114709500
2383,51.533333,2384,65673.131378416
2384,51.566667,2385,65673.164716625
2385,51.583333,2386,65673.181385750
2386,51.600000,2387,65673.198054666
2387,51.633333,2388,65673.231392875
2388,51.650000,2389,65673.248062041
2389,51.666667,2390,65673.264731125
2390,51.683333,2391,65673.281400000
2391,51.716667,2392,65673.314738250
2392,51.733333,2393,65673.331407375
2393,51.750000,2394,65673.348076250
2394,51.766667,2395,65673.364745375
2395,51.800000,2396,65673.398083625
2396,51.816667,2397,65673.414752666
2397,51.833333,2398,65673.431421666
2398,51.850000,2399,65673.448090791
2399,51.883333,2400,65673.481429041
2400,51.900000,2401,65673.498097791
2401,51.916667,2402,65673.514767041
2402,51.933333,2403,65673.531436125
2403,51.966667,2404,65673.564774375
2404,51.983333,2405,65673.581443208
2405,52.000000,2406,65673.598112375
2406,52.016667,2407,65673.614781416
2407,52.033333,2408,65673.631450625
2408,52.050000,2409,65673.648119541
2409,52.083333,2410,65673.681457708
2410,52.100000,2411,65673.698126833
2411,52.116667,2412,65673.714795958
2412,52.133333,2413,65673.731464875
2413,52.166667,2414,65673.764803125
2414,52.183333,2415,65673.781472250
2415,52.200000,2416,65673.798141125
2416,52.216667,2417,65673.814810250
2417,52.233333,2418,65673.831479333
2418,52.266667,2419,65673.864817583
2419,52.283333,2420,65673.881486500
2420,52.300000,2421,65673.898155583
2421,52.316667,2422,65673.914824708
2422,52.333333,2423,65673.931493791
2423,52.366667,2424,65673.964831833
2424,52.383333,2425,65673.981500958
2425,52.400000,2426,65673.998170083
2426,52.416667,2427,65674.014839000
2427,52.433333,2428,65674.031508083
2428,52.466667,2429,65674.064846291
2429,52.483333,2430,65674.081515375
2430,52.500000,2431,65674.098184375
2431,52.516667,2432,65674.114853416
2432,52.533333,2433,65674.131522541
2433,52.566667,2434,65674.164860625
2434,52.583333,2435,65674.181529750
2435,52.600000,2436,65674.198198750
2436,52.616667,2437,65674.214867916
2437,52.633333,2438,65674.231537000
2438,52.666667,2439,65674.264875041
2439,52.683333,2440,65674.281544125
2440,52.700000,2441,65674.298213291
2441,52.716667,2442,65674.314882166
2442,52.733333,2443,65674.331551333
2443,52.766667,2444,65674.364889500
2444,52.783333,2445,65674.381558625
2445,52.800000,2446,65674.398227541
2446,52.816667,2447,65674.414896583
2447,52.833333,2448,65674.431565750
2448,52.866667,2449,65674.464903833
2449,52.883333,2450,65674.481572875
2450,52.900000,2451,65674.498241958
2451,52.916667,2452,65674.514911083
2452,52.933333,2453,65674.531580250
2453,52.950000,2454,65674.548249125
2454,52.966667,2455,65674.564918291
2455,53.000000,2456,65674.598256458
2456,53.016667,2457,65674.614925416
2457,53.033333,2458,65674.631594500
2458,53.050000,2459,65674.648263625
2459,53.066667,2460,65674.664932708
2460,53.083333,2461,65674.681601833
2461,53.116667,2462,65674.714939833
2462,53.133333,2463,65674.731608833
2463,53.150000,2464,65674.748278083
2464,53.166667,2465,65674.764947041
2465,53.183333,2466,65674.781616083
2466,53.200000,2467,65674.798285166
2467,53.233333,2468,65674.831623375
2468,53.250000,2469,65674.848292375
2469,53.266667,2470,65674.864961416
2470,53.283333,2471,65674.881630500
2471,53.300000,2472,65674.898299666
2472,53.333333,2473,65674.931637625
2473,53.350000,2474,65674.948306833
2474,53.366667,2475,65674.964975875
2475,53.383333,2476,65674.981645000
2476,53.400000,2477,65674.998313958
2477,53.433333,2478,65675.031652125
2478,53.450000,2479,65675.048321208
2479,53.466667,2480,65675.064990125
2480,53.483333,2481,65675.081659250
2481,53.500000,2482,65675.098328333
2482,53.533333,2483,65675.131666541
2483,53.550000,2484,65675.148335458
2484,53.566667,2485,65675.165004625
2485,53.583333,2486,65675.181673750
2486,53.616667,2487,65675.215011791
2487,53.633333,2488,65675.231680875
2488,53.650000,2489,65675.248349958
2489,53.666667,2490,65675.265019083
2490,53.683333,2491,65675.281688166
2491,53.716667,2492,65675.315026166
2492,53.733333,2493,65675.331695291
2493,53.750000,2494,65675.348364416
2494,53.766667,2495,65675.365033333
2495,53.800000,2496,65675.398371583
2496,53.816667,2497,65675.415040666
2497,53.833333,2498,65675.431709583
2498,53.866667,2499,65675.465047791
2499,53.883333,2500,65675.481716916
2500,53.900000,2501,65675.498386041
2501,53.916667,2502,65675.515054958
2502,53.950000,2503,65675.548393166
2503,53.966667,2504,65675.565062250
2504,53.983333,2505,65675.581731166
2505,54.016667,2506,65675.615069333
2506,54.033333,2507,65675.631738333
2507,54.050000,2508,65675.648407625
2508,54.083333,2509,65675.681745625
2509,54.100000,2510,65675.698414583
2510,54.116667,2511,65675.715083791
2511,54.150000,2512,65675.748421875
2512,54.166667,2513,65675.765091000
2513,54.183333,2514,65675.781760041
2514,54.216667,2515,65675.815098083
2515,54.233333,2516,65675.831767250
2516,54.250000,2517,65675.848436333
2517,54.283333,2518,65675.881774375
2518,54.300000,2519,65675.898443458
2519,54.316667,2520,65675.915112541
2520,54.350000,2521,65675.948450750
2521,54.366667,2522,65675.965119666
2522,54.383333,2523,65675.981788833
2523,54.416667,2524,65676.015127000
2524,54.433333,2525,65676.031795916
2525,54.450000,2526,65676.048465041
2526,54.466667,2527,65676.065134125
2527,54.500000,2528,65676.098472375
2528,54.516667,2529,65676.115141208
2529,54.533333,2530,65676.131810416
2530,54.566667,2531,65676.165148541
2531,54.583333,2532,65676.181817541
2532,54.600000,2533,65676.198486583
2533,54.633333,2534,65676.231824875
2534,54.650000,2535,65676.248493916
2535,54.666667,2536,65676.265162833
2536,54.700000,2537,65676.298501083
2537,54.716667,2538,65676.315170125
2538,54.733333,2539,65676.331839083
2539,54.766667,2540,65676.365177250
2540,54.783333,2541,65676.381846416
2541,54.800000,2542,65676.398515500
2542,54.833333,2543,65676.431853500
2543,54.850000,2544,65676.448522625
2544,54.866667,2545,65676.465191708
2545,54.900000,2546,65676.498529791
2546,54.916667,2547,65676.515198833
2547,54.933333,2548,65676.531867875
2548,54.966667,2549,65676.565205875
2549,54.983333,2550,65676.581875000
2550,55.000000,2551,65676.598544208
2551,55.016667,2552,65676.615213250
2552,55.050000,2553,65676.648551375
2553,55.066667,2554,65676.665220416
2554,55.083333,2555,65676.681889541
2555,55.100000,2556,65676.698558583
2556,55.133333,2557,65676.731896625
2557,55.150000,2558,65676.748565708
2558,55.166667,2559,65676.765234833
2559,55.183333,2560,65676.781903750
2560,55.216667,2561,65676.815242000
2561,55.233333,2562,65676.831911125
2562,55.250000,2563,65676.848580000
2563,55.283333,2564,65676.881918208
2564,55.300000,2565,65676.898587333
2565,55.316667,2566,65676.915256458
2566,55.333333,2567,65676.931925291
2567,55.366667,2568,65676.965263583
2568,55.383333,2569,65676.981932625
2569,55.400000,2570,65676.998601541
2570,55.416667,2571,65677.015270666
2571,55.450000,2572,65677.048608875
2572,55.466667,2573,65677.065277916
2573,55.483333,2574,65677.081946875
2574,55.500000,2575,65677.098615958
2575,55.533333,2576,65677.131954166
2576,55.550000,2577,65677.148623166
2577,55.566667,2578,65677.165292250
2578,55.583333,2579,65677.181961375
2579,55.616667,2580,65677.215299500
2580,55.633333,2581,65677.231968416
2581,55.650000,2582,65677.248637583
2582,55.683333,2583,65677.281975750
2583,55.700000,2584,65677.298644708
2584,55.716667,2585,65677.315313791
2585,55.750000,2586,65677.348652041
2586,55.766667,2587,65677.365321041
2587,55.783333,2588,65677.381990083
2588,55.816667,2589,65677.415328166
2589,55.833333,2590,65677.431997333
2590,55.866667,2591,65677.465335333
2591,55.883333,2592,65677.482004500
2592,55.900000,2593,65677.498673541
2593,55.933333,2594,65677.532011625
2594,55.950000,2595,65677.548680708
2595,55.983333,2596,65677.582018875
2596,56.000000,2597,65677.598687791
2597,56.033333,2598,65677.632026041
2598,56.050000,2599,65677.648695125
2599,56.083333,2600,65677.682033125
2600,56.100000,2601,65677.698702208
2601,56.116667,2602,65677.715371375
2602,56.150000,2603,65677.748709333
2603,56.166667,2604,65677.765378458
2604,56.183333,2605,65677.782047541
2605,56.216667,2606,65677.815385791
2606,56.233333,2607,65677.832054750
2607,56.266667,2608,65677.865392875
2608,56.283333,2609,65677.882061916
2609,56.300000,2610,65677.898730916
2610,56.333333,2611,65677.932069083
2611,56.350000,2612,65677.948738166
2612,56.366667,2613,65677.965407333
2613,56.400000,2614,65677.998745375
2614,56.416667,2615,65678.015414416
2615,56.450000,2616,65678.048752500
2616,56.466667,2617,65678.065421583
2617,56.500000,2618,65678.098759791
2618,56.516667,2619,65678.115428875
2619,56.533333,2620,65678.132097833
2620,56.566667,2621,65678.165436041
2621,56.583333,2622,65678.182105083
2622,56.616667,2623,65678.215443125
2623,56.633333,2624,65678.232112166
2624,56.666667,2625,65678.265450250
2625,56.683333,2626,65678.282119291
2626,56.716667,2627,65678.315457500
2627,56.733333,2628,65678.332126583
2628,56.766667,2629,65678.365464666
2629,56.783333,2630,65678.382133708
2630,56.816667,2631,65678.415471875
2631,56.833333,2632,65678.432140875
2632,56.866667,2633,65678.465479041
2633,56.883333,2634,65678.482148125
2634,56.916667,2635,65678.515486125
2635,56.933333,2636,65678.532155250
2636,56.966667,2637,65678.565493375
2637,56.983333,2638,65678.582162416
2638,57.016667,2639,65678.615500541
2639,57.033333,2640,65678.632169708
2640,57.050000,2641,65678.648838666
2641,57.083333,2642,65678.682176833
2642,57.100000,2643,65678.698845916
2643,57.133333,2644,65678.732183916
2644,57.150000,2645,65678.748853125
2645,57.183333,2646,65678.782191208
2646,57.200000,2647,65678.798860083
2647,57.233333,2648,65678.832198416
2648,57.250000,2649,65678.848867500
2649,57.283333,2650,65678.882205541
2650,57.300000,2651,65678.898874583
2651,57.316667,2652,65678.915543708
2652,57.350000,2653,65678.948881750
2653,57.366667,2654,65678.965550791
2654,57.400000,2655,65678.998889000
2655,57.416667,2656,65679.015557958
2656,57.450000,2657,65679.048896083
2657,57.466667,2658,65679.065565208
2658,57.500000,2659,65679.098903208
2659,57.516667,2660,65679.115572375
2660,57.533333,2661,65679.132241416
2661,57.566667,2662,65679.165579416
2662,57.583333,2663,65679.182248583
2663,57.616667,2664,65679.215586750
2664,57.633333,2665,65679.232255875
2665,57.666667,2666,65679.265593916
2666,57.683333,2667,65679.282262958
2667,57.716667,2668,65679.315601000
2668,57.733333,2669,65679.332270083
2669,57.766667,2670,65679.365608333
2670,57.783333,2671,65679.382277333
2671,57.816667,2672,65679.415615458
2672,57.833333,2673,65679.432284541
2673,57.866667,2674,65679.465622541
2674,57.883333,2675,65679.482291583
2675,57.916667,2676,65679.515629833
2676,57.933333,2677,65679.532298916
2677,57.966667,2678,65679.565636958
2678,57.983333,2679,65679.582306000
2679,58.000000,2680,65679.598975125
2680,58.033333,2681,65679.632313166
2681,58.050000,2682,65679.648982250
2682,58.083333,2683,65679.682320291
2683,58.100000,2684,65679.698989416
2684,58.133333,2685,65679.732327541
2685,58.150000,2686,65679.748996583
2686,58.183333,2687,65679.782334666
2687,58.200000,2688,65679.799003791
2688,58.233333,2689,65679.832341791
2689,58.250000,2690,65679.849010916
2690,58.283333,2691,65679.882349083
2691,58.300000,2692,65679.899018166
2692,58.333333,2693,65679.932356250
2693,58.350000,2694,65679.949025375
2694,58.383333,2695,65679.982363333
2695,58.400000,2696,65679.999032458
2696,58.416667,2697,65680.015701458
2697,58.433333,2698,65680.032370583
2698,58.450000,2699,65680.049039750
2699,58.466667,2700,65680.065708666
2700,58.483333,2701,65680.082377708
2701,58.516667,2702,65680.115715916
2702,58.533333,2703,65680.132384875
2703,58.566667,2704,65680.165723083
2704,58.583333,2705,65680.182392166
2705,58.616667,2706,65680.215730166
2706,58.633333,2707,65680.232399250
2707,58.650000,2708,65680.249068416
2708,58.683333,2709,65680.282406416
2709,58.700000,2710,65680.299075541
2710,58.733333,2711,65680.332413708
2711,58.750000,2712,65680.349082750
2712,58.766667,2713,65680.365751666
2713,58.800000,2714,65680.399089833
2714,58.816667,2715,65680.415758958
2715,58.833333,2716,65680.432427958
2716,58.866667,2717,65680.465766125
2717,58.883333,2718,65680.482435291
2718,58.916667,2719,65680.515773208
2719,58.933333,2720,65680.532442375
2720,58.950000,2721,65680.549111458
2721,58.983333,2722,65680.582449458
2722,59.000000,2723,65680.599118541
2723,59.033333,2724,65680.632456708
2724,59.050000,2725,65680.649125791
2725,59.083333,2726,65680.682463916
2726,59.100000,2727,65680.699132916
2727,59.133333,2728,65680.732471000
2728,59.150000,2729,65680.749140083
2729,59.183333,2730,65680.782478333
2730,59.200000,2731,65680.799147333
2731,59.233333,2732,65680.832485416
2732,59.250000,2733,65680.849154458
2733,59.283333,2734,65680.882492500
2734,59.300000,2735,65680.899161500
2735,59.333333,2736,65680.932499750
2736,59.350000,2737,65680.949168875
2737,59.383333,2738,65680.982506875
2738,59.400000,2739,65680.999176041
2739,59.433333,2740,65681.032514041
2740,59.450000,2741,65681.049183083
2741,59.483333,2742,65681.082521250
2742,59.500000,2743,65681.099190250
2743,59.533333,2744,65681.132528375
2744,59.550000,2745,65681.149197541
2745,59.583333,2746,65681.182535500
2746,59.600000,2747,65681.199204625
2747,59.633333,2748,65681.232542791
2748,59.666667,2749,65681.265880833
2749,59.683333,2750,65681.282549916
2750,59.700000,2751,65681.299219041
2751,59.733333,2752,65681.332557041
2752,59.750000,2753,65681.349226125
2753,59.783333,2754,65681.382564333
2754,59.800000,2755,65681.399233250
2755,59.833333,2756,65681.432571458
2756,59.850000,2757,65681.449240541
2757,59.883333,2758,65681.482578583
2758,59.900000,2759,65681.499247666
2759,59.933333,2760,65681.532585833
2760,59.950000,2761,65681.549254750
2761,59.966667,2762,65681.565923833
2762,60.000000,2763,65681.599262083
2763,60.016667,2764,65681.615931083
2764,60.050000,2765,65681.649269208
2765,60.066667,2766,65681.665938250
2766,60.083333,2767,65681.682607375
2767,60.116667,2768,65681.715945333
2768,60.133333,2769,65681.732614500
2769,60.166667,2770,65681.765952708
2770,60.183333,2771,65681.782621583
2771,60.200000,2772,65681.799290708
2772,60.233333,2773,65681.832628833
2773,60.266667,2774,65681.865966916
2774,60.283333,2775,65681.882636000
2775,60.316667,2776,65681.915974166
2776,60.333333,2777,65681.932643125
2777,60.350000,2778,65681.949312208
2778,60.383333,2779,65681.982650375
2779,60.400000,2780,65681.999319291
2780,60.416667,2781,65682.015988375
2781,60.450000,2782,65682.049326541
2782,60.466667,2783,65682.065995708
2783,60.483333,2784,65682.082664625
2784,60.516667,2785,65682.116002750
2785,60.533333,2786,65682.132671875
2786,60.550000,2787,65682.149340750
2787,60.583333,2788,65682.182679041
2788,60.600000,2789,65682.199348083
2789,60.616667,2790,65682.216017208
2790,60.650000,2791,65682.249355208
2791,60.666667,2792,65682.266024333
2792,60.683333,2793,65682.282693375
2793,60.716667,2794,65682.316031416
2794,60.733333,2795,65682.332700541
2795,60.750000,2796,65682.349369583
2796,60.783333,2797,65682.382707625
2797,60.800000,2798,65682.399376750
2798,60.816667,2799,65682.416045875
2799,60.850000,2800,65682.449383875
2800,60.866667,2801,65682.466052958
2801,60.883333,2802,65682.482722041
2802,60.900000,2803,65682.499391125
2803,60.933333,2804,65682.532729125
2804,60.950000,2805,65682.549398291
2805,60.966667,2806,65682.566067333
2806,61.000000,2807,65682.599405375
2807,61.016667,2808,65682.616074458
2808,61.033333,2809,65682.632743500
2809,61.066667,2810,65682.666081708
2810,61.083333,2811,65682.682750708
2811,61.100000,2812,65682.699419708
2812,61.133333,2813,65682.732757958
2813,61.150000,2814,65682.749426916
2814,61.166667,2815,65682.766095958
2815,61.200000,2816,65682.799434166
2816,61.216667,2817,65682.816103041
2817,61.233333,2818,65682.832772208
2818,61.266667,2819,65682.866110291
2819,61.283333,2820,65682.882779416
2820,61.316667,2821,65682.916117458
2821,61.333333,2822,65682.932786541
2822,61.350000,2823,65682.949455583
2823,61.383333,2824,65682.982793708
2824,61.400000,2825,65682.999462666
2825,61.416667,2826,65683.016131833
2826,61.450000,2827,65683.049469875
2827,61.466667,2828,65683.066139000
2828,61.500000,2829,65683.099477166
2829,61.516667,2830,65683.116146000
2830,61.533333,2831,65683.132815208
2831,61.566667,2832,65683.166153333
2832,61.583333,2833,65683.182822458
2833,61.616667,2834,65683.216160458
2834,61.633333,2835,65683.232829541
2835,61.650000,2836,65683.249498625
2836,61.683333,2837,65683.282836708
2837,61.700000,2838,65683.299505791
2838,61.716667,2839,65683.316174875
2839,61.750000,2840,65683.349512916
2840,61.766667,2841,65683.366182000
2841,61.800000,2842,65683.399520166
2842,61.816667,2843,65683.416189125
2843,61.833333,2844,65683.432858166
2844,61.866667,2845,65683.466196333
2845,61.883333,2846,65683.482865500
2846,61.900000,2847,65683.499534416
2847,61.933333,2848,65683.532872583
2848,61.950000,2849,65683.549541625
2849,61.966667,2850,65683.566210625
2850,62.000000,2851,65683.599548750
2851,62.016667,2852,65683.616217833
2852,62.033333,2853,65683.632886958
2853,62.066667,2854,65683.666224958
2854,62.083333,2855,65683.682894041
2855,62.100000,2856,65683.699563125
2856,62.133333,2857,65683.732901166
2857,62.150000,2858,65683.749570291
2858,62.166667,2859,65683.766239375
2859,62.200000,2860,65683.799577416
2860,62.216667,2861,65683.816246500
2861,62.233333,2862,65683.832915583
2862,62.266667,2863,65683.866253583
2863,62.283333,2864,65683.882922708
2864,62.300000,2865,65683.899591791
2865,62.333333,2866,65683.932929750
2866,62.350000,2867,65683.949598875
2867,62.366667,2868,65683.966267958
2868,62.383333,2869,65683.982937083
2869,62.416667,2870,65684.016275083
2870,62.433333,2871,65684.032944166
2871,62.450000,2872,65684.049613291
2872,62.483333,2873,65684.082951291
2873,62.500000,2874,65684.099620375
2874,62.516667,2875,65684.116289458
2875,62.550000,2876,65684.149627625
2876,62.566667,2877,65684.166296541
2877,62.583333,2878,65684.182965625
2878,62.616667,2879,65684.216303833
2879,62.633333,2880,65684.232972708
2880,62.650000,2881,65684.249641875
2881,62.683333,2882,65684.282980000
2882,62.700000,2883,65684.299649083
2883,62.716667,2884,65684.316318041
2884,62.750000,2885,65684.349656250
2885,62.766667,2886,65684.366325333
2886,62.783333,2887,65684.382994291
2887,62.816667,2888,65684.416332458
2888,62.833333,2889,65684.433001500
2889,62.850000,2890,65684.449670625
2890,62.866667,2891,65684.466339583
2891,62.900000,2892,65684.499677750
2892,62.916667,2893,65684.516346791
2893,62.933333,2894,65684.533015750
2894,62.966667,2895,65684.566353875
2895,62.983333,2896,65684.583023041
2896,63.000000,2897,65684.599692041
2897,63.033333,2898,65684.633030125
2898,63.050000,2899,65684.649699250
2899,63.066667,2900,65684.666368291
2900,63.100000,2901,65684.699706291
2901,63.116667,2902,65684.716375416
2902,63.133333,2903,65684.733044458
2903,63.166667,2904,65684.766382541
2904,63.183333,2905,65684.783051583
2905,63.200000,2906,65684.799720666
2906,63.216667,2907,65684.816389708
2907,63.250000,2908,65684.849727791
2908,63.266667,2909,65684.866396875
2909,63.283333,2910,65684.883066000
2910,63.316667,2911,65684.916404041
2911,63.333333,2912,65684.933073041
2912,63.350000,2913,65684.949742166
2913,63.383333,2914,65684.983080166
2914,63.400000,2915,65684.999749250
2915,63.416667,2916,65685.016418375
2916,63.450000,2917,65685.049756500
2917,63.466667,2918,65685.066425500
2918,63.483333,2919,65685.083094500
2919,63.516667,2920,65685.116432750
2920,63.533333,2921,65685.133101625
2921,63.550000,2922,65685.149770750
2922,63.583333,2923,65685.183108875
2923,63.600000,2924,65685.199777916
2924,63.616667,2925,65685.216446958
2925,63.633333,2926,65685.233116041
2926,63.666667,2927,65685.266454166
2927,63.683333,2928,65685.283123083
2928,63.716667,2929,65685.316461250
2929,63.733333,2930,65685.333130333
2930,63.750000,2931,65685.349799208
2931,63.766667,2932,65685.366468375
2932,63.800000,2933,65685.399806583
2933,63.816667,2934,65685.416475666
2934,63.833333,2935,65685.433144541
2935,63.866667,2936,65685.466482750
2936,63.883333,2937,65685.483151833
2937,63.900000,2938,65685.499820833
2938,63.933333,2939,65685.533158916
2939,63.950000,2940,65685.549828083
2940,63.966667,2941,65685.566497125
2941,64.000000,2942,65685.599835125
2942,64.016667,2943,65685.616504208
2943,64.050000,2944,65685.649842166
2944,64.066667,2945,65685.666511250
2945,64.083333,2946,65685.683180375
2946,64.116667,2947,65685.716518541
2947,64.133333,2948,65685.733187458
2948,64.150000,2949,65685.749856583
2949,64.183333,2950,65685.783194666
2950,64.200000,2951,65685.799863708
2951,64.233333,2952,65685.833201833
2952,64.250000,2953,65685.849870958
2953,64.266667,2954,65685.866540041
2954,64.300000,2955,65685.899878041
2955,64.316667,2956,65685.916547041
2956,64.350000,2957,65685.949885125
2957,64.366667,2958,65685.966554208
2958,64.383333,2959,65685.983223291
2959,64.416667,2960,65686.016561375
2960,64.433333,2961,65686.033230375
2961,64.450000,2962,65686.049899458
2962,64.466667,2963,65686.066568541
2963,64.483333,2964,65686.083237666
2964,64.500000,2965,65686.099906500
2965,64.533333,2966,65686.133244791
2966,64.550000,2967,65686.149913833
2967,64.583333,2968,65686.183251875
2968,64.600000,2969,65686.199920958
2969,64.616667,2970,65686.216590000
2970,64.650000,2971,65686.249928041
2971,64.666667,2972,65686.266597083
2972,64.683333,2973,65686.283266208
2973,64.716667,2974,65686.316604375
2974,64.733333,2975,65686.333273333
2975,64.750000,2976,65686.349942375
2976,64.783333,2977,65686.383280583
2977,64.800000,2978,65686.399949416
2978,64.816667,2979,65686.416618541
2979,64.850000,2980,65686.449956708
2980,64.866667,2981,65686.466625791
2981,64.883333,2982,65686.483294708
2982,64.916667,2983,65686.516632916
2983,64.933333,2984,65686.533302000
2984,64.950000,2985,65686.549970916
2985,64.983333,2986,65686.583309041
2986,65.000000,2987,65686.599978166
2987,65.016667,2988,65686.616647250
2988,65.050000,2989,65686.649985333
2989,65.066667,2990,65686.666654333
2990,65.083333,2991,65686.683323416
2991,65.100000,2992,65686.699992375
2992,65.133333,2993,65686.733330541
2993,65.150000,2994,65686.749999625
2994,65.166667,2995,65686.766668541
2995,65.200000,2996,65686.800006666
2996,65.216667,2997,65686.816675833
2997,65.233333,2998,65686.833344875
2998,65.250000,2999,65686.850013791
2999,65.283333,3000,65686.883352000
3000,65.300000,3001,65686.900021000
3001,65.316667,3002,65686.916689958
3002,65.350000,3003,65686.950028125
3003,65.366667,3004,65686.966697250
3004,65.383333,3005,65686.983366375
3005,65.416667,3006,65687.016704333
3006,65.433333,3007,65687.033373458
3007,65.450000,3008,65687.050042541
3008,65.466667,3009,65687.066711458
3009,65.500000,3010,65687.100049666
3010,65.516667,3011,65687.116718708
3011,65.533333,3012,65687.133387750
3012,65.566667,3013,65687.166725750
3013,65.583333,3014,65687.183394875
3014,65.600000,3015,65687.200063958
3015,65.633333,3016,65687.233401916
3016,65.650000,3017,65687.250071041
3017,65.666667,3018,65687.266740166
3018,65.700000,3019,65687.300078166
3019,65.716667,3020,65687.316747250
3020,65.733333,3021,65687.333416333
3021,65.766667,3022,65687.366754333
3022,65.783333,3023,65687.383423458
3023,65.800000,3024,65687.400092458
3024,65.833333,3025,65687.433430666
3025,65.850000,3026,65687.450099541
3026,65.866667,3027,65687.466768708
3027,65.900000,3028,65687.500106875
3028,65.916667,3029,65687.516775791
3029,65.933333,3030,65687.533444875
3030,65.950000,3031,65687.550113958
3031,65.983333,3032,65687.583452125
3032,66.000000,3033,65687.600121000
3033,66.016667,3034,65687.616790125
3034,66.050000,3035,65687.650128333
3035,66.066667,3036,65687.666797208
3036,66.083333,3037,65687.683466333
3037,66.116667,3038,65687.716804500
3038,66.133333,3039,65687.733473500
3039,66.150000,3040,65687.750142416
3040,66.183333,3041,65687.783480666
3041,66.200000,3042,65687.800149708
3042,66.216667,3043,65687.816818625
3043,66.233333,3044,65687.833487708
3044,66.266667,3045,65687.866825875
3045,66.283333,3046,65687.883494958
3046,66.300000,3047,65687.900163875
3047,66.333333,3048,65687.933502083
3048,66.350000,3049,65687.950171208
3049,66.366667,3050,65687.966840041
3050,66.383333,3051,65687.983509208
3051,66.416667,3052,65688.016847291
3052,66.433333,3053,65688.033516458
3053,66.450000,3054,65688.050185291
3054,66.466667,3055,65688.066854416
3055,66.500000,3056,65688.100192625
3056,66.516667,3057,65688.116861458
3057,66.533333,3058,65688.133530583
3058,66.550000,3059,65688.150199666
3059,66.583333,3060,65688.183537708
3060,66.600000,3061,65688.200206750
3061,66.616667,3062,65688.216875833
3062,66.633333,3063,65688.233544958
3063,66.650000,3064,65688.250214000
3064,66.666667,3065,65688.266882958
3065,66.683333,3066,65688.283552041
3066,66.716667,3067,65688.316890208
3067,66.733333,3068,65688.333559083
3068,66.750000,3069,65688.350228166
3069,66.766667,3070,65688.366897291
3070,66.783333,3071,65688.383566333
3071,66.800000,3072,65688.400235500
3072,66.816667,3073,65688.416904333
3073,66.833333,3074,65688.433573375
3074,66.866667,3075,65688.466911625
3075,66.883333,3076,65688.483580541
3076,66.900000,3077,65688.500249625
3077,66.916667,3078,65688.516918708
3078,66.933333,3079,65688.533587833
3079,66.966667,3080,65688.566925791
3080,66.983333,3081,65688.583594833
3081,67.000000,3082,65688.600263958
3082,67.016667,3083,65688.616933083
3083,67.033333,3084,65688.633601958
3084,67.066667,3085,65688.666940166
3085,67.083333,3086,65688.683609291
3086,67.100000,3087,65688.700278333
3087,67.116667,3088,65688.716947208
3088,67.150000,3089,65688.750285416
3089,67.166667,3090,65688.766954500
3090,67.183333,3091,65688.783623416
3091,67.200000,3092,65688.800292500
3092,67.216667,3093,65688.816961541
3093,67.250000,3094,65688.850299708
3094,67.266667,3095,65688.866968625
3095,67.283333,3096,65688.883637791
3096,67.300000,3097,65688.900306791
3097,67.316667,3098,65688.916975875
3098,67.350000,3099,65688.950313916
3099,67.366667,3100,65688.966983000
3100,67.383333,3101,65688.983652125
3101,67.400000,3102,65689.000321166
3102,67.416667,3103,65689.016990083
3103,67.433333,3104,65689.033659208
3104,67.466667,3105,65689.066997333
3105,67.483333,3106,65689.083666250
3106,67.500000,3107,65689.100335291
3107,67.516667,3108,65689.117004375
3108,67.533333,3109,65689.133673458
3109,67.566667,3110,65689.167011500
3110,67.583333,3111,65689.183680583
3111,67.600000,3112,65689.200349625
3112,67.616667,3113,65689.217018750
3113,67.650000,3114,65689.250356708
3114,67.666667,3115,65689.267025833
3115,67.683333,3116,65689.283694875
3116,67.700000,3117,65689.300363958
3117,67.716667,3118,65689.317032916
3118,67.750000,3119,65689.350371041
3119,67.766667,3120,65689.367040166
3120,67.783333,3121,65689.383709000
3121,67.800000,3122,65689.400378083
3122,67.833333,3123,65689.433716291
3123,67.850000,3124,65689.450385375
3124,67.866667,3125,65689.467054208
3125,67.883333,3126,65689.483723333
3126,67.916667,3127,65689.517061541
3127,67.933333,3128,65689.533730500
3128,67.950000,3129,65689.550399541
3129,67.966667,3130,65689.567068625
3130,67.983333,3131,65689.583737666
3131,68.016667,3132,65689.617075708
3132,68.033333,3133,65689.633744708
3133,68.050000,3134,65689.650413833
3134,68.066667,3135,65689.667082916
3135,68.083333,3136,65689.683751833
3136,68.100000,3137,65689.700420875
3137,68.133333,3138,65689.733759083
3138,68.150000,3139,65689.750428000
3139,68.166667,3140,65689.767097125
3140,68.183333,3141,65689.783766125
3141,68.200000,3142,65689.800435250
3142,68.216667,3143,65689.817104333
3143,68.250000,3144,65689.850442333
3144,68.266667,3145,65689.867111375
3145,68.283333,3146,65689.883780500
3146,68.300000,3147,65689.900449375
3147,68.316667,3148,65689.917118458
3148,68.333333,3149,65689.933787541
3149,68.350000,3150,65689.950456666
3150,68.383333,3151,65689.983794583
3151,68.400000,3152,65690.000463708
3152,68.416667,3153,65690.017132750
3153,68.433333,3154,65690.033801791
3154,68.450000,3155,65690.050470791
3155,68.483333,3156,65690.083808958
3156,68.500000,3157,65690.100478000
3157,68.516667,3158,65690.117147083
3158,68.533333,3159,65690.133816000
3159,68.550000,3160,65690.150485083
3160,68.566667,3161,65690.167154208
3161,68.583333,3162,65690.183823250
3162,68.616667,3163,65690.217161250
3163,68.633333,3164,65690.233830375
3164,68.650000,3165,65690.250499375
3165,68.666667,3166,65690.267168458
3166,68.683333,3167,65690.283837416
3167,68.716667,3168,65690.317175500
3168,68.733333,3169,65690.333844625
3169,68.750000,3170,65690.350513500
3170,68.766667,3171,65690.367182583
3171,68.783333,3172,65690.383851708
3172,68.816667,3173,65690.417189791
3173,68.833333,3174,65690.433858750
3174,68.850000,3175,65690.450527791
3175,68.866667,3176,65690.467196875
3176,68.900000,3177,65690.500534958
3177,68.916667,3178,65690.517203916
3178,68.933333,3179,65690.533873083
3179,68.966667,3180,65690.567211250
3180,68.983333,3181,65690.583880166
3181,69.000000,3182,65690.600549250
3182,69.033333,3183,65690.633887291
3183,69.050000,3184,65690.650556291
3184,69.066667,3185,65690.667225291
3185,69.083333,3186,65690.683894416
3186,69.116667,3187,65690.717232625
3187,69.133333,3188,65690.733901541
3188,69.150000,3189,65690.750570541
3189,69.166667,3190,65690.767239666
3190,69.200000,3191,65690.800577666
3191,69.216667,3192,65690.817246750
3192,69.233333,3193,65690.833915833
3193,69.266667,3194,65690.867253916
3194,69.283333,3195,65690.883922875
3195,69.300000,3196,65690.900591875
3196,69.333333,3197,65690.933930125
3197,69.350000,3198,65690.950599000
3198,69.366667,3199,65690.967268125
3199,69.383333,3200,65690.983937125
3200,69.416667,3201,65691.017275166
3201,69.433333,3202,65691.033944250
3202,69.450000,3203,65691.050613333
3203,69.483333,3204,65691.083951458
3204,69.500000,3205,65691.100620375
3205,69.533333,3206,65691.133958500
3206,69.550000,3207,65691.150627666
3207,69.583333,3208,65691.183965666
3208,69.600000,3209,65691.200634708
3209,69.633333,3210,65691.233972875
3210,69.650000,3211,65691.250641750
3211,69.683333,3212,65691.283979875
3212,69.716667,3213,65691.317317916
3213,69.733333,3214,65691.333986958
3214,69.766667,3215,65691.367325083
3215,69.783333,3216,65691.383994250
3216,69.816667,3217,65691.417332083
3217,69.833333,3218,65691.434001250
3218,69.866667,3219,65691.467339250
3219,69.883333,3220,65691.484008333
3220,69.916667,3221,65691.517346458
3221,69.933333,3222,65691.534015500
3222,69.966667,3223,65691.567353500
3223,69.983333,3224,65691.584022583
3224,70.016667,3225,65691.617360583
3225,70.033333,3226,65691.634029666
3226,70.066667,3227,65691.667367833
3227,70.083333,3228,65691.684036916
3228,70.116667,3229,65691.717374875
3229,70.133333,3230,65691.734043916
3230,70.166667,3231,65691.767382000
3231,70.200000,3232,65691.800720125
3232,70.216667,3233,65691.817389166
3233,70.250000,3234,65691.850727208
3234,70.283333,3235,65691.884065333
3235,70.300000,3236,65691.900734375
3236,70.333333,3237,65691.934072375
3237,70.350000,3238,65691.950741458
3238,70.366667,3239,65691.967410541
3239,70.400000,3240,65692.000748500
3240,70.416667,3241,65692.017417583
3241,70.433333,3242,65692.034086625
3242,70.466667,3243,65692.067424625
3243,70.483333,3244,65692.084093791
3244,70.516667,3245,65692.117431875
3245,70.533333,3246,65692.134100916
3246,70.566667,3247,65692.167438958
3247,70.583333,3248,65692.184108041
3248,70.616667,3249,65692.217446000
3249,70.633333,3250,65692.234115125
3250,70.650000,3251,65692.250784208
3251,70.683333,3252,65692.284122333
3252,70.700000,3253,65692.300791250
3253,70.733333,3254,65692.334129333
3254,70.750000,3255,65692.350798416
3255,70.783333,3256,65692.384136458
3256,70.800000,3257,65692.400805500
3257,70.833333,3258,65692.434143541
3258,70.866667,3259,65692.467481625
3259,70.883333,3260,65692.484150750
3260,70.900000,3261,65692.500819833
3261,70.933333,3262,65692.534157791
3262,70.950000,3263,65692.550826875
3263,70.983333,3264,65692.584165000
3264,71.000000,3265,65692.600833958
3265,71.016667,3266,65692.617503000
3266,71.050000,3267,65692.650841166
3267,71.066667,3268,65692.667510041
3268,71.083333,3269,65692.684179166
3269,71.116667,3270,65692.717517291
3270,71.133333,3271,65692.734186250
3271,71.166667,3272,65692.767524416
3272,71.183333,3273,65692.784193375
3273,71.200000,3274,65692.800862500
3274,71.233333,3275,65692.834200458
3275,71.250000,3276,65692.850869583
3276,71.283333,3277,65692.884207500
3277,71.300000,3278,65692.900876583
3278,71.316667,3279,65692.917545666
3279,71.350000,3280,65692.950883833
3280,71.366667,3281,65692.967552750
3281,71.400000,3282,65693.000890875
3282,71.416667,3283,65693.017559958
3283,71.450000,3284,65693.050897958
3284,71.466667,3285,65693.067567000
3285,71.500000,3286,65693.100905166
3286,71.516667,3287,65693.117574083
3287,71.533333,3288,65693.134243166
3288,71.566667,3289,65693.167581333
3289,71.583333,3290,65693.184250208
3290,71.616667,3291,65693.217588333
3291,71.633333,3292,65693.234257458
3292,71.666667,3293,65693.267595416
3293,71.683333,3294,65693.284264541
3294,71.700000,3295,65693.300933541
3295,71.733333,3296,65693.334271541
3296,71.750000,3297,65693.350940708
3297,71.783333,3298,65693.384278791
3298,71.800000,3299,65693.400947833
3299,71.816667,3300,65693.417616791
3300,71.850000,3301,65693.450954916
3301,71.866667,3302,65693.467624041
3302,71.900000,3303,65693.500962041
3303,71.916667,3304,65693.517631000
3304,71.933333,3305,65693.534300125
3305,71.966667,3306,65693.567638166
3306,71.983333,3307,65693.584307208
3307,72.000000,3308,65693.600976208
3308,72.033333,3309,65693.634314250
3309,72.050000,3310,65693.650983375
3310,72.083333,3311,65693.684321458
3311,72.100000,3312,65693.700990583
3312,72.133333,3313,65693.734328583
3313,72.150000,3314,65693.750997583
3314,72.166667,3315,65693.767666666
3315,72.200000,3316,65693.801004625
3316,72.216667,3317,65693.817673708
3317,72.250000,3318,65693.851011750
3318,72.266667,3319,65693.867680750
3319,72.300000,3320,65693.901018958
3320,72.316667,3321,65693.917688041
3321,72.350000,3322,65693.951025958
3322,72.366667,3323,65693.967695125
3323,72.383333,3324,65693.984364166
3324,72.416667,3325,65694.017702166
3325,72.433333,3326,65694.034371208
3326,72.466667,3327,65694.067709333
3327,72.483333,3328,65694.084378250
3328,72.516667,3329,65694.117716458
3329,72.533333,3330,65694.134385500
3330,72.566667,3331,65694.167723500
3331,72.583333,3332,65694.184392583
3332,72.600000,3333,65694.201061625
3333,72.633333,3334,65694.234399625
3334,72.650000,3335,65694.251068708
3335,72.683333,3336,65694.284406791
3336,72.700000,3337,65694.301075666
3337,72.733333,3338,65694.334413875
3338,72.750000,3339,65694.351082916
3339,72.783333,3340,65694.384420958
3340,72.800000,3341,65694.401090000
3341,72.833333,3342,65694.434428166
3342,72.850000,3343,65694.451097041
3343,72.883333,3344,65694.484435208
3344,72.900000,3345,65694.501104291
3345,72.933333,3346,65694.534442291
3346,72.950000,3347,65694.551111375
3347,72.966667,3348,65694.567780375
3348,73.000000,3349,65694.601118416
3349,73.016667,3350,65694.617787458
3350,73.050000,3351,65694.651125625
3351,73.066667,3352,65694.667794708
3352,73.100000,3353,65694.701132708
3353,73.116667,3354,65694.717801708
3354,73.150000,3355,65694.751139708
3355,73.166667,3356,65694.767808833
3356,73.200000,3357,65694.801146916
3357,73.216667,3358,65694.817816041
3358,73.250000,3359,65694.851154041
3359,73.266667,3360,65694.867823083
3360,73.300000,3361,65694.901161000
3361,73.316667,3362,65694.917830166
3362,73.350000,3363,65694.951168250
3363,73.366667,3364,65694.967837375
3364,73.383333,3365,65694.984506208
3365,73.416667,3366,65695.017844375
3366,73.433333,3367,65695.034513458
3367,73.466667,3368,65695.067851375
3368,73.483333,3369,65695.084520541
3369,73.516667,3370,65695.117858666
3370,73.533333,3371,65695.134527541
3371,73.550000,3372,65695.151196583
3372,73.583333,3373,65695.184534791
3373,73.600000,3374,65695.201203708
3374,73.633333,3375,65695.234541833
3375,73.650000,3376,65695.251210875
3376,73.666667,3377,65695.267879833
3377,73.700000,3378,65695.301218000
3378,73.716667,3379,65695.317887041
3379,73.750000,3380,65695.351225083
3380,73.766667,3381,65695.367894083
3381,73.783333,3382,65695.384563166
3382,73.816667,3383,65695.417901291
3383,73.833333,3384,65695.434570208
3384,73.850000,3385,65695.451239250
3385,73.883333,3386,65695.484577416
3386,73.900000,3387,65695.501246375
3387,73.916667,3388,65695.517915416
3388,73.950000,3389,65695.551253583
3389,73.966667,3390,65695.567922500
3390,73.983333,3391,65695.584591500
3391,74.016667,3392,65695.617929708
3392,74.033333,3393,65695.634598791
3393,74.050000,3394,65695.651267666
3394,74.066667,3395,65695.667936791
3395,74.100000,3396,65695.701274875
3396,74.116667,3397,65695.717943791
3397,74.133333,3398,65695.734612875
3398,74.150000,3399,65695.751281958
3399,74.183333,3400,65695.784620041
3400,74.200000,3401,65695.801288916
3401,74.216667,3402,65695.817958041
3402,74.233333,3403,65695.834627125
3403,74.266667,3404,65695.867965083
3404,74.283333,3405,65695.884634208
3405,74.300000,3406,65695.901303208
3406,74.316667,3407,65695.917972291
3407,74.333333,3408,65695.934641375
3408,74.350000,3409,65695.951310291
3409,74.366667,3410,65695.967979416
3410,74.400000,3411,65696.001317500
3411,74.416667,3412,65696.017986416
3412,74.433333,3413,65696.034655458
3413,74.450000,3414,65696.051324583
3414,74.466667,3415,65696.067993625
3415,74.483333,3416,65696.084662666
3416,74.500000,3417,65696.101331625
3417,74.533333,3418,65696.134669791
3418,74.550000,3419,65696.151338833
3419,74.566667,3420,65696.168007750
3420,74.583333,3421,65696.184676791
3421,74.600000,3422,65696.201345916
3422,74.633333,3423,65696.234684000
3423,74.650000,3424,65696.251352958
3424,74.666667,3425,65696.268022000
3425,74.683333,3426,65696.284691083
3426,74.700000,3427,65696.301360166
3427,74.716667,3428,65696.318029083
3428,74.750000,3429,65696.351367250
3429,74.766667,3430,65696.368036250
3430,74.783333,3431,65696.384705291
3431,74.800000,3432,65696.401374291
3432,74.833333,3433,65696.434712416
3433,74.850000,3434,65696.451381500
3434,74.866667,3435,65696.468050333
3435,74.883333,3436,65696.484719416
3436,74.900000,3437,65696.501388500
3437,74.933333,3438,65696.534726625
3438,74.950000,3439,65696.551395583
3439,74.966667,3440,65696.568064625
3440,75.000000,3441,65696.601402750
3441,75.016667,3442,65696.618071666
3442,75.033333,3443,65696.634740750
3443,75.066667,3444,65696.668078833
3444,75.083333,3445,65696.684747833
3445,75.100000,3446,65696.701416833
3446,75.133333,3447,65696.734755041
3447,75.150000,3448,65696.751424041
3448,75.166667,3449,65696.768092958
3449,75.200000,3450,65696.801431125
3450,75.216667,3451,65696.818100250
3451,75.250000,3452,65696.851438208
3452,75.266667,3453,65696.868107291
3453,75.283333,3454,65696.884776291
3454,75.316667,3455,65696.918114250
3455,75.333333,3456,65696.934783416
3456,75.366667,3457,65696.968121458
3457,75.383333,3458,65696.984790416
3458,75.416667,3459,65697.018128583
3459,75.433333,3460,65697.034797666
3460,75.466667,3461,65697.068135541
3461,75.483333,3462,65697.084804666
3462,75.516667,3463,65697.118142791
3463,75.533333,3464,65697.134811708
3464,75.566667,3465,65697.168149875
3465,75.583333,3466,65697.184818875
3466,75.616667,3467,65697.218156875
3467,75.633333,3468,65697.234825958
3468,75.666667,3469,65697.268164125
3469,75.683333,3470,65697.284833041
3470,75.700000,3471,65697.301502041
3471,75.733333,3472,65697.334840083
3472,75.766667,3473,65697.368178208
3473,75.783333,3474,65697.384847208
3474,75.800000,3475,65697.401516333
3475,75.833333,3476,65697.434854291
3476,75.850000,3477,65697.451523333
3477,75.866667,3478,65697.468192458
3478,75.900000,3479,65697.501530625
3479,75.916667,3480,65697.518199416
3480,75.933333,3481,65697.534868583
3481,75.966667,3482,65697.568206666
3482,75.983333,3483,65697.584875583
3483,76.016667,3484,65697.618213708
3484,76.033333,3485,65697.634882833
3485,76.050000,3486,65697.651551916
3486,76.083333,3487,65697.684889875
3487,76.100000,3488,65697.701558958
3488,76.116667,3489,65697.718228041
3489,76.133333,3490,65697.734896875
3490,76.166667,3491,65697.768235041
3491,76.183333,3492,65697.784904125
3492,76.200000,3493,65697.801573208
3493,76.233333,3494,65697.834911083
3494,76.250000,3495,65697.851580250
3495,76.266667,3496,65697.868249208
3496,76.283333,3497,65697.884918208
3497,76.300000,3498,65697.901587291
3498,76.333333,3499,65697.934925416
3499,76.350000,3500,65697.951594500
3500,76.366667,3501,65697.968263375
3501,76.383333,3502,65697.984932458
3502,76.416667,3503,65698.018270541
3503,76.433333,3504,65698.034939458
3504,76.450000,3505,65698.051608541
3505,76.466667,3506,65698.068277583
3506,76.483333,3507,65698.084946708
3507,76.516667,3508,65698.118284666
3508,76.533333,3509,65698.134953750
3509,76.550000,3510,65698.151622791
3510,76.566667,3511,65698.168291833
3511,76.583333,3512,65698.184960791
3512,76.616667,3513,65698.218298833
3513,76.633333,3514,65698.234967958
3514,76.650000,3515,65698.251636875
3515,76.666667,3516,65698.268305916
3516,76.700000,3517,65698.301644041
3517,76.716667,3518,65698.318313166
3518,76.733333,3519,65698.334982083
3519,76.750000,3520,65698.351651083
3520,76.783333,3521,65698.384989291
3521,76.800000,3522,65698.401658125
3522,76.816667,3523,65698.418327250
3523,76.833333,3524,65698.434996291
3524,76.866667,3525,65698.468334458
3525,76.883333,3526,65698.485003375
3526,76.900000,3527,65698.501672375
3527,76.916667,3528,65698.518341500
3528,76.950000,3529,65698.551679416
3529,76.966667,3530,65698.568348541
3530,76.983333,3531,65698.585017583
3531,77.000000,3532,65698.601686583
3532,77.016667,3533,65698.618355750
3533,77.050000,3534,65698.651693666
3534,77.066667,3535,65698.668362791
3535,77.083333,3536,65698.685031791
3536,77.100000,3537,65698.701700750
3537,77.116667,3538,65698.718369750
3538,77.150000,3539,65698.751707958
3539,77.166667,3540,65698.768376958
3540,77.183333,3541,65698.785045833
3541,77.200000,3542,65698.801714958
3542,77.233333,3543,65698.835053125
3543,77.250000,3544,65698.851722041
3544,77.266667,3545,65698.868391041
3545,77.283333,3546,65698.885060083
3546,77.300000,3547,65698.901729208
3547,77.333333,3548,65698.935067166
3548,77.350000,3549,65698.951736208
3549,77.366667,3550,65698.968405375
3550,77.383333,3551,65698.985074333
3551,77.400000,3552,65699.001743291
3552,77.433333,3553,65699.035081416
3553,77.450000,3554,65699.051750500
3554,77.466667,3555,65699.068419541
3555,77.483333,3556,65699.085088458
3556,77.500000,3557,65699.101757541
3557,77.533333,3558,65699.135095666
3558,77.550000,3559,65699.151764583
3559,77.566667,3560,65699.168433666
3560,77.583333,3561,65699.185102666
3561,77.616667,3562,65699.218440833
3562,77.633333,3563,65699.235109750
3563,77.650000,3564,65699.251778833
3564,77.683333,3565,65699.285116958
3565,77.700000,3566,65699.301785875
3566,77.716667,3567,65699.318454916
3567,77.750000,3568,65699.351793083
3568,77.766667,3569,65699.368462125
3569,77.783333,3570,65699.385131000
3570,77.816667,3571,65699.418469166
3571,77.833333,3572,65699.435138208
3572,77.866667,3573,65699.468476208
3573,77.883333,3574,65699.485145291
3574,77.900000,3575,65699.501814291
3575,77.933333,3576,65699.535152250
3576,77.950000,3577,65699.551821416
3577,77.983333,3578,65699.585159541
3578,78.000000,3579,65699.601828375
3579,78.033333,3580,65699.635166583
3580,78.050000,3581,65699.651835583
3581,78.066667,3582,65699.668504500
3582,78.083333,3583,65699.685173541
3583,78.116667,3584,65699.718511708
3584,78.133333,3585,65699.735180833
3585,78.166667,3586,65699.768518666
3586,78.183333,3587,65699.785187875
3587,78.216667,3588,65699.818525791
3588,78.233333,3589,65699.835194916
3589,78.266667,3590,65699.868533000
3590,78.283333,3591,65699.885202000
3591,78.300000,3592,65699.901870916
3592,78.333333,3593,65699.935209125
3593,78.350000,3594,65699.951878166
3594,78.383333,3595,65699.985216083
3595,78.400000,3596,65700.001885125
3596,78.433333,3597,65700.035223333
3597,78.450000,3598,65700.051892250
3598,78.483333,3599,65700.085230333
3599,78.500000,3600,65700.101899416
3600,78.533333,3601,65700.135237333
3601,78.550000,3602,65700.151906375
3602,78.583333,3603,65700.185244583
3603,78.600000,3604,65700.201913500
3604,78.633333,3605,65700.235251625
3605,78.650000,3606,65700.251920750
3606,78.683333,3607,65700.285258583
3607,78.700000,3608,65700.301927708
3608,78.733333,3609,65700.335265833
3609,78.750000,3610,65700.351934791
3610,78.783333,3611,65700.385272875
3611,78.800000,3612,65700.401941958
3612,78.833333,3613,65700.435279916
3613,78.850000,3614,65700.451949000
3614,78.883333,3615,65700.485287041
3615,78.900000,3616,65700.501956041
3616,78.933333,3617,65700.535294125
3617,78.950000,3618,65700.551963208
3618,78.983333,3619,65700.585301166
3619,79.000000,3620,65700.601970250
3620,79.033333,3621,65700.635308375
3621,79.050000,3622,65700.651977208
3622,79.066667,3623,65700.668646375
3623,79.100000,3624,65700.701984500
3624,79.116667,3625,65700.718653333
3625,79.150000,3626,65700.751991541
3626,79.166667,3627,65700.768660500
3627,79.183333,3628,65700.785329666
3628,79.216667,3629,65700.818667583
3629,79.233333,3630,65700.835336666
3630,79.250000,3631,65700.852005791
3631,79.283333,3632,65700.885343708
3632,79.300000,3633,65700.902012833
3633,79.333333,3634,65700.935350791
3634,79.350000,3635,65700.952019833
3635,79.366667,3636,65700.968688875
3636,79.400000,3637,65701.002027000
3637,79.416667,3638,65701.018695833
3638,79.433333,3639,65701.035364916
3639,79.466667,3640,65701.068703083
3640,79.483333,3641,65701.085372208
3641,79.516667,3642,65701.118710125
3642,79.533333,3643,65701.135379208
3643,79.550000,3644,65701.152048208
3644,79.583333,3645,65701.185386250
3645,79.600000,3646,65701.202055250
3646,79.616667,3647,65701.218724375
3647,79.650000,3648,65701.252062250
3648,79.666667,3649,65701.268731333
3649,79.700000,3650,65701.302069500
3650,79.716667,3651,65701.318738416
3651,79.733333,3652,65701.335407458
3652,79.766667,3653,65701.368745625
3653,79.783333,3654,65701.385414458
3654,79.816667,3655,65701.418752625
3655,79.833333,3656,65701.435421750
3656,79.866667,3657,65701.468759708
3657,79.883333,3658,65701.485428750
3658,79.900000,3659,65701.502097750
3659,79.933333,3660,65701.535435791
3660,79.950000,3661,65701.552104833
3661,79.983333,3662,65701.585442916
3662,80.016667,3663,65701.618780916
3663,80.033333,3664,65701.635450000
3664,80.050000,3665,65701.652119083
3665,80.066667,3666,65701.668788125
3666,80.083333,3667,65701.685457041
3667,80.100000,3668,65701.702126083
3668,80.133333,3669,65701.735464208
3669,80.150000,3670,65701.752133291
3670,80.183333,3671,65701.785471250
3671,80.200000,3672,65701.802140333
3672,80.233333,3673,65701.835478250
3673,80.250000,3674,65701.852147375
3674,80.266667,3675,65701.868816416
3675,80.300000,3676,65701.902154541
3676,80.316667,3677,65701.918823375
3677,80.333333,3678,65701.935492541
3678,80.366667,3679,65701.968830625
3679,80.383333,3680,65701.985499583
3680,80.400000,3681,65702.002168625
3681,80.433333,3682,65702.035506791
3682,80.450000,3683,65702.052175833
3683,80.466667,3684,65702.068844666
3684,80.500000,3685,65702.102182791
3685,80.516667,3686,65702.118851833
3686,80.533333,3687,65702.135520791
3687,80.566667,3688,65702.168858916
3688,80.583333,3689,65702.185527958
3689,80.616667,3690,65702.218865958
3690,80.633333,3691,65702.235535041
3691,80.650000,3692,65702.252204125
3692,80.683333,3693,65702.285542041
3693,80.700000,3694,65702.302211125
3694,80.733333,3695,65702.335549208
3695,80.750000,3696,65702.352218083
3696,80.766667,3697,65702.368887166
3697,80.800000,3698,65702.402225375
3698,80.816667,3699,65702.418894375
3699,80.850000,3700,65702.452232375
3700,80.866667,3701,65702.468901416
3701,80.900000,3702,65702.502239416
3702,80.916667,3703,65702.518908458
3703,80.950000,3704,65702.552246541
3704,80.966667,3705,65702.568915666
3705,80.983333,3706,65702.585584583
3706,81.016667,3707,65702.618922708
3707,81.033333,3708,65702.635591750
3708,81.066667,3709,65702.668929750
3709,81.083333,3710,65702.685598750
3710,81.100000,3711,65702.702267875
3711,81.133333,3712,65702.735605791
3712,81.150000,3713,65702.752274875
3713,81.183333,3714,65702.785612958
3714,81.200000,3715,65702.802281833
3715,81.216667,3716,65702.818950958
3716,81.250000,3717,65702.852289041
3717,81.266667,3718,65702.868958125
3718,81.283333,3719,65702.885627000
3719,81.316667,3720,65702.918965166
3720,81.333333,3721,65702.935634208
3721,81.350000,3722,65702.952303125
3722,81.383333,3723,65702.985641250
3723,81.400000,3724,65703.002310333
3724,81.416667,3725,65703.018979416
3725,81.450000,3726,65703.052317375
3726,81.466667,3727,65703.068986416
3727,81.483333,3728,65703.085655416
3728,81.516667,3729,65703.118993500
3729,81.533333,3730,65703.135662500
3730,81.550000,3731,65703.152331541
3731,81.566667,3732,65703.169000666
3732,81.600000,3733,65703.202338583
3733,81.616667,3734,65703.219007625
3734,81.633333,3735,65703.235676708
3735,81.650000,3736,65703.252345625
3736,81.683333,3737,65703.285683750
3737,81.700000,3738,65703.302352791
3738,81.716667,3739,65703.319021916
3739,81.733333,3740,65703.335690833
3740,81.766667,3741,65703.369028916
3741,81.783333,3742,65703.385698000
3742,81.800000,3743,65703.402366875
3743,81.816667,3744,65703.419035875
3744,81.833333,3745,65703.435705041
3745,81.850000,3746,65703.452374041
3746,81.883333,3747,65703.485712000
3747,81.900000,3748,65703.502381083
3748,81.916667,3749,65703.519050083
3749,81.933333,3750,65703.535719208
3750,81.950000,3751,65703.552388166
3751,81.966667,3752,65703.569057208
3752,81.983333,3753,65703.585726250
3753,82.016667,3754,65703.619064291
3754,82.033333,3755,65703.635733250
3755,82.050000,3756,65703.652402375
3756,82.066667,3757,65703.669071375
3757,82.083333,3758,65703.685740500
3758,82.100000,3759,65703.702409416
3759,82.116667,3760,65703.719078458
3760,82.150000,3761,65703.752416583
3761,82.166667,3762,65703.769085458
3762,82.183333,3763,65703.785754583
3763,82.200000,3764,65703.802423583
3764,82.216667,3765,65703.819092666
3765,82.250000,3766,65703.852430625
3766,82.266667,3767,65703.869099708
3767,82.283333,3768,65703.885768708
3768,82.300000,3769,65703.902437791
3769,82.316667,3770,65703.919106833
3770,82.350000,3771,65703.952444833
3771,82.366667,3772,65703.969113875
3772,82.383333,3773,65703.985783000
3773,82.400000,3774,65704.002451750
3774,82.416667,3775,65704.019120875
3775,82.450000,3776,65704.052459000
3776,82.466667,3777,65704.069127916
3777,82.483333,3778,65704.085797000
3778,82.500000,3779,65704.102466000
3779,82.533333,3780,65704.135804208
3780,82.550000,3781,65704.152473083
3781,82.566667,3782,65704.169142125
3782,82.583333,3783,65704.185811250
3783,82.600000,3784,65704.202480291
3784,82.633333,3785,65704.235818208
3785,82.650000,3786,65704.252487333
3786,82.666667,3787,65704.269156375
3787,82.683333,3788,65704.285825416
3788,82.700000,3789,65704.302494333
3789,82.733333,3790,65704.335832500
3790,82.750000,3791,65704.352501541
3791,82.766667,3792,65704.369170458
3792,82.783333,3793,65704.385839500
3793,82.800000,3794,65704.402508541
3794,82.833333,3795,65704.435846625
3795,82.850000,3796,65704.452515583
3796,82.866667,3797,65704.469184625
3797,82.883333,3798,65704.485853666
3798,82.900000,3799,65704.502522708
3799,82.933333,3800,65704.535860750
3800,82.950000,3801,65704.552529833
3801,82.966667,3802,65704.569198875
3802,82.983333,3803,65704.585867875
3803,83.016667,3804,65704.619205833
3804,83.033333,3805,65704.635874916
3805,83.050000,3806,65704.652544000
3806,83.066667,3807,65704.669212875
3807,83.083333,3808,65704.685881916
3808,83.116667,3809,65704.719220000
3809,83.133333,3810,65704.735889125
3810,83.150000,3811,65704.752558041
3811,83.166667,3812,65704.769227166
3812,83.200000,3813,65704.802565166
3813,83.216667,3814,65704.819234083
3814,83.233333,3815,65704.835903208
3815,83.250000,3816,65704.852572291
3816,83.283333,3817,65704.885910375
3817,83.300000,3818,65704.902579291
3818,83.316667,3819,65704.919248333
3819,83.333333,3820,65704.935917375
3820,83.350000,3821,65704.952586500
3821,83.383333,3822,65704.985924416
3822,83.400000,3823,65705.002593500
3823,83.416667,3824,65705.019262541
3824,83.433333,3825,65705.035931583
3825,83.450000,3826,65705.052600541
3826,83.483333,3827,65705.085938625
3827,83.500000,3828,65705.102607708
3828,83.516667,3829,65705.119276541
3829,83.533333,3830,65705.135945625
3830,83.550000,3831,65705.152614666
3831,83.583333,3832,65705.185952666
3832,83.600000,3833,65705.202621666
3833,83.616667,3834,65705.219290708
3834,83.633333,3835,65705.235959833
3835,83.650000,3836,65705.252628875
3836,83.683333,3837,65705.285966875
3837,83.700000,3838,65705.302635958
3838,83.716667,3839,65705.319304958
3839,83.733333,3840,65705.335974083
3840,83.750000,3841,65705.352642958
3841,83.766667,3842,65705.369312000
3842,83.783333,3843,65705.385981041
3843,83.816667,3844,65705.419319000
3844,83.833333,3845,65705.435988125
3845,83.850000,3846,65705.452657125
3846,83.866667,3847,65705.469326250
3847,83.883333,3848,65705.485995166
3848,83.900000,3849,65705.502664125
3849,83.933333,3850,65705.536002250
3850,83.950000,3851,65705.552671333
3851,83.966667,3852,65705.569340291
3852,83.983333,3853,65705.586009333
3853,84.016667,3854,65705.619347458
3854,84.033333,3855,65705.636016333
3855,84.050000,3856,65705.652685375
3856,84.066667,3857,65705.669354458
3857,84.083333,3858,65705.686023500
3858,84.116667,3859,65705.719361458
3859,84.133333,3860,65705.736030541
3860,84.150000,3861,65705.752699625
3861,84.166667,3862,65705.769368666
3862,84.183333,3863,65705.786037500
3863,84.216667,3864,65705.819375666
3864,84.233333,3865,65705.836044750
3865,84.250000,3866,65705.852713833
3866,84.266667,3867,65705.869382708
3867,84.300000,3868,65705.902720833
3868,84.316667,3869,65705.919389875
3869,84.333333,3870,65705.936058750
3870,84.350000,3871,65705.952727875
3871,84.366667,3872,65705.969396916
3872,84.400000,3873,65706.002735041
3873,84.416667,3874,65706.019403958
3874,84.433333,3875,65706.036072958
3875,84.450000,3876,65706.052742041
3876,84.466667,3877,65706.069411125
3877,84.483333,3878,65706.086079958
3878,84.500000,3879,65706.102749041
3879,84.533333,3880,65706.136087125
3880,84.550000,3881,65706.152756250
3881,84.566667,3882,65706.169425166
3882,84.583333,3883,65706.186094166
3883,84.600000,3884,65706.202763208
3884,84.616667,3885,65706.219432333
3885,84.633333,3886,65706.236101250
3886,84.666667,3887,65706.269439333
3887,84.683333,3888,65706.286108375
3888,84.700000,3889,65706.302777416
3889,84.716667,3890,65706.319446333
3890,84.733333,3891,65706.336115416
3891,84.750000,3892,65706.352784500
3892,84.766667,3893,65706.369453500
3893,84.783333,3894,65706.386122416
3894,84.816667,3895,65706.419460583
3895,84.833333,3896,65706.436129541
3896,84.850000,3897,65706.452798666
3897,84.866667,3898,65706.469467541
3898,84.883333,3899,65706.486136541
3899,84.900000,3900,65706.502805708
3900,84.916667,3901,65706.519474750
3901,84.933333,3902,65706.536143541
3902,84.950000,3903,65706.552812708
3903,84.966667,3904,65706.569481791
3904,85.000000,3905,65706.602819666
3905,85.016667,3906,65706.619488791
3906,85.033333,3907,65706.636157833
3907,85.050000,3908,65706.652826916
3908,85.066667,3909,65706.669495958
3909,85.083333,3910,65706.686164875
3910,85.100000,3911,65706.702833916
3911,85.116667,3912,65706.719502958
3912,85.133333,3913,65706.736172000
3913,85.150000,3914,65706.752840875
3914,85.183333,3915,65706.786179041
3915,85.200000,3916,65706.802848125
3916,85.216667,3917,65706.819517083
3917,85.233333,3918,65706.836186083
3918,85.250000,3919,65706.852855083
3919,85.266667,3920,65706.869524166
3920,85.283333,3921,65706.886193250
3921,85.300000,3922,65706.902862083
3922,85.316667,3923,65706.919531208
3923,85.350000,3924,65706.952869291
3924,85.366667,3925,65706.969538333
3925,85.383333,3926,65706.986207333
3926,85.400000,3927,65707.002876291
3927,85.416667,3928,65707.019545416
3928,85.433333,3929,65707.036214458
3929,85.450000,3930,65707.052883333
3930,85.466667,3931,65707.069552458
3931,85.483333,3932,65707.086221416
3932,85.500000,3933,65707.102890458
3933,85.516667,3934,65707.119559583
3934,85.533333,3935,65707.136228458
3935,85.550000,3936,65707.152897541
3936,85.583333,3937,65707.186235625
3937,85.600000,3938,65707.202904500
3938,85.616667,3939,65707.219573625
3939,85.633333,3940,65707.236242625
3940,85.650000,3941,65707.252911750
3941,85.666667,3942,65707.269580750
3942,85.683333,3943,65707.286249583
3943,85.700000,3944,65707.302918708
3944,85.716667,3945,65707.319587750
3945,85.733333,3946,65707.336256833
3946,85.750000,3947,65707.352925708
3947,85.766667,3948,65707.369594833
3948,85.800000,3949,65707.402932916
3949,85.816667,3950,65707.419602000
3950,85.833333,3951,65707.436270875
3951,85.850000,3952,65707.452940000
3952,85.866667,3953,65707.469609000
3953,85.883333,3954,65707.486278041
3954,85.900000,3955,65707.502946875
3955,85.916667,3956,65707.519616041
3956,85.950000,3957,65707.552954125
3957,85.966667,3958,65707.569623208
3958,85.983333,3959,65707.586292125
3959,86.000000,3960,65707.602961166
3960,86.016667,3961,65707.619630208
3961,86.050000,3962,65707.652968166
3962,86.066667,3963,65707.669637166
3963,86.083333,3964,65707.686306250
3964,86.100000,3965,65707.702975375
3965,86.133333,3966,65707.736313291
3966,86.150000,3967,65707.752982375
3967,86.166667,3968,65707.769651416
3968,86.183333,3969,65707.786320458
3969,86.216667,3970,65707.819658375
3970,86.233333,3971,65707.836327500
3971,86.250000,3972,65707.852996583
3972,86.266667,3973,65707.869665583
3973,86.283333,3974,65707.886334458
3974,86.316667,3975,65707.919672583
3975,86.333333,3976,65707.936341666
3976,86.350000,3977,65707.953010583
3977,86.366667,3978,65707.969679625
3978,86.383333,3979,65707.986348666
3979,86.400000,3980,65708.003017791
3980,86.433333,3981,65708.036355708
3981,86.450000,3982,65708.053024750
3982,86.466667,3983,65708.069693833
3983,86.483333,3984,65708.086362833
3984,86.500000,3985,65708.103031750
3985,86.533333,3986,65708.136369875
3986,86.550000,3987,65708.153038875
3987,86.566667,3988,65708.169707833
3988,86.583333,3989,65708.186376875
3989,86.600000,3990,65708.203045916
3990,86.633333,3991,65708.236384041
3991,86.650000,3992,65708.253052916
3992,86.666667,3993,65708.269721958
3993,86.683333,3994,65708.286391125
3994,86.700000,3995,65708.303060125
3995,86.716667,3996,65708.319729041
3996,86.750000,3997,65708.353067083
3997,86.766667,3998,65708.369736166
3998,86.783333,3999,65708.386405250
3999,86.800000,4000,65708.403074125
4000,86.833333,4001,65708.436412250
4001,86.850000,4002,65708.453081333
4002,86.866667,4003,65708.469750166
4003,86.883333,4004,65708.486419208
4004,86.916667,4005,65708.519757416
4005,86.933333,4006,65708.536426375
4006,86.966667,4007,65708.569764375
4007,86.983333,4008,65708.586433416
4008,87.000000,4009,65708.603102500
4009,87.033333,4010,65708.636440416
4010,87.050000,4011,65708.653109500
4011,87.083333,4012,65708.686447625
4012,87.100000,4013,65708.703116500
4013,87.116667,4014,65708.719785583
4014,87.150000,4015,65708.753123708
4015,87.166667,4016,65708.769792583
4016,87.200000,4017,65708.803130750
4017,87.216667,4018,65708.819799750
4018,87.250000,4019,65708.853137625
4019,87.266667,4020,65708.869806791
4020,87.283333,4021,65708.886475833
4021,87.316667,4022,65708.919813791
4022,87.333333,4023,65708.936482791
4023,87.366667,4024,65708.969820958
4024,87.383333,4025,65708.986490000
4025,87.416667,4026,65709.019827916
4026,87.433333,4027,65709.036497041
4027,87.466667,4028,65709.069834958
4028,87.483333,4029,65709.086504000
4029,87.516667,4030,65709.119842083
4030,87.533333,4031,65709.136511208
4031,87.566667,4032,65709.169849125
4032,87.583333,4033,65709.186518166
4033,87.616667,4034,65709.219856166
4034,87.633333,4035,65709.236525166
4035,87.650000,4036,65709.253194250
4036,87.683333,4037,65709.286532291
4037,87.700000,4038,65709.303201291
4038,87.733333,4039,65709.336539333
4039,87.750000,4040,65709.353208416
4040,87.783333,4041,65709.386546291
4041,87.800000,4042,65709.403215416
4042,87.833333,4043,65709.436553333
4043,87.850000,4044,65709.453222458
4044,87.866667,4045,65709.469891500
4045,87.900000,4046,65709.503229583
4046,87.916667,4047,65709.519898416
4047,87.950000,4048,65709.553236625
4048,87.966667,4049,65709.569905666
4049,87.983333,4050,65709.586574500
4050,88.016667,4051,65709.619912666
4051,88.033333,4052,65709.636581666
4052,88.050000,4053,65709.653250791
4053,88.083333,4054,65709.686588750
4054,88.100000,4055,65709.703257791
4055,88.116667,4056,65709.719926833
4056,88.133333,4057,65709.736595666
4057,88.166667,4058,65709.769933875
4058,88.183333,4059,65709.786602875
4059,88.200000,4060,65709.803272000
4060,88.233333,4061,65709.836609833
4061,88.250000,4062,65709.853278958
4062,88.266667,4063,65709.869948000
4063,88.283333,4064,65709.886616875
4064,88.316667,4065,65709.919954958
4065,88.333333,4066,65709.936624041
4066,88.350000,4067,65709.953293125
4067,88.366667,4068,65709.969962000
4068,88.400000,4069,65710.003300125
4069,88.416667,4070,65710.019969166
4070,88.433333,4071,65710.036638041
4071,88.450000,4072,65710.053307083
4072,88.483333,4073,65710.086645250
4073,88.500000,4074,65710.103314333
4074,88.516667,4075,65710.119983166
4075,88.550000,4076,65710.153321291
4076,88.566667,4077,65710.169990375
4077,88.583333,4078,65710.186659291
4078,88.600000,4079,65710.203328333
4079,88.633333,4080,65710.236666416
4080,88.650000,4081,65710.253335458
4081,88.666667,4082,65710.270004291
4082,88.700000,4083,65710.303342416
4083,88.716667,4084,65710.320011458
4084,88.733333,4085,65710.336680458
4085,88.750000,4086,65710.353349458
4086,88.783333,4087,65710.386687541
4087,88.800000,4088,65710.403356625
4088,88.816667,4089,65710.420025541
4089,88.850000,4090,65710.453363708
4090,88.866667,4091,65710.470032708
4091,88.883333,4092,65710.486701583
4092,88.916667,4093,65710.520039625
4093,88.933333,4094,65710.536708791
4094,88.966667,4095,65710.570046708
4095,88.983333,4096,65710.586715750
4096,89.000000,4097,65710.603384875
4097,89.033333,4098,65710.636722750
4098,89.050000,4099,65710.653391833
4099,89.066667,4100,65710.670060875
4100,89.100000,4101,65710.703399000
4101,89.116667,4102,65710.720067875
4102,89.133333,4103,65710.736736916
4103,89.166667,4104,65710.770075083
4104,89.183333,4105,65710.786743875
4105,89.200000,4106,65710.803413000
4106,89.233333,4107,65710.836751083
4107,89.250000,4108,65710.853420000
4108,89.266667,4109,65710.870089041
4109,89.300000,4110,65710.903427166
4110,89.316667,4111,65710.920096166
4111,89.333333,4112,65710.936765083
4112,89.350000,4113,65710.953434166
4113,89.383333,4114,65710.986772333
4114,89.400000,4115,65711.003441333
4115,89.416667,4116,65711.020110125
4116,89.433333,4117,65711.036779250
4117,89.466667,4118,65711.070117416
4118,89.483333,4119,65711.086786291
4119,89.500000,4120,65711.103455333
4120,89.533333,4121,65711.136793458
4121,89.550000,4122,65711.153462333
4122,89.566667,4123,65711.170131375
4123,89.600000,4124,65711.203469458
4124,89.616667,4125,65711.220138583
4125,89.633333,4126,65711.236807458
4126,89.650000,4127,65711.253476458
4127,89.683333,4128,65711.286814583
4128,89.700000,4129,65711.303483541
4129,89.716667,4130,65711.320152541
4130,89.750000,4131,65711.353490625
4131,89.766667,4132,65711.370159708
4132,89.783333,4133,65711.386828625
4133,89.800000,4134,65711.403497583
4134,89.833333,4135,65711.436835791
4135,89.850000,4136,65711.453504708
4136,89.866667,4137,65711.470173750
4137,89.900000,4138,65711.503511750
4138,89.916667,4139,65711.520180875
4139,89.933333,4140,65711.536849791
4140,89.950000,4141,65711.553518791
4141,89.983333,4142,65711.586856916
4142,90.000000,4143,65711.603525833
4143,90.016667,4144,65711.620194875
4144,90.033333,4145,65711.636863916
4145,90.066667,4146,65711.670202000
4146,90.083333,4147,65711.686870916
4147,90.100000,4148,65711.703539958
4148,90.133333,4149,65711.736878125
4149,90.150000,4150,65711.753546916
4150,90.166667,4151,65711.770216041
4151,90.183333,4152,65711.786885083
4152,90.216667,4153,65711.820223250
4153,90.233333,4154,65711.836892083
4154,90.250000,4155,65711.853561083
4155,90.283333,4156,65711.886899291
4156,90.300000,4157,65711.903568125
4157,90.316667,4158,65711.920237208
4158,90.350000,4159,65711.953575333
4159,90.366667,4160,65711.970244375
4160,90.383333,4161,65711.986913291
4161,90.400000,4162,65712.003582291
4162,90.433333,4163,65712.036920416
4163,90.450000,4164,65712.053589333
4164,90.466667,4165,65712.070258375
4165,90.500000,4166,65712.103596416
4166,90.516667,4167,65712.120265500
4167,90.533333,4168,65712.136934333
4168,90.566667,4169,65712.170272541
4169,90.583333,4170,65712.186941625
4170,90.600000,4171,65712.203610500
4171,90.633333,4172,65712.236948583
4172,90.650000,4173,65712.253617625
4173,90.666667,4174,65712.270286500
4174,90.683333,4175,65712.286955500
4175,90.716667,4176,65712.320293666
4176,90.733333,4177,65712.336962750
4177,90.750000,4178,65712.353631666
4178,90.783333,4179,65712.386969750
4179,90.800000,4180,65712.403638750
4180,90.816667,4181,65712.420307833
4181,90.833333,4182,65712.436976708
4182,90.866667,4183,65712.470314833
4183,90.883333,4184,65712.486983875
4184,90.900000,4185,65712.503652791
4185,90.916667,4186,65712.520321833
4186,90.950000,4187,65712.553659916
4187,90.966667,4188,65712.570328875
4188,90.983333,4189,65712.586997833
4189,91.016667,4190,65712.620335916
4190,91.033333,4191,65712.637005000
4191,91.050000,4192,65712.653673958
4192,91.066667,4193,65712.670343000
4193,91.100000,4194,65712.703681125
4194,91.116667,4195,65712.720350000
4195,91.133333,4196,65712.737019000
4196,91.166667,4197,65712.770357125
4197,91.183333,4198,65712.787026208
4198,91.200000,4199,65712.803695125
4199,91.216667,4200,65712.820364083
4200,91.250000,4201,65712.853702291
4201,91.266667,4202,65712.870371125
4202,91.283333,4203,65712.887040166
4203,91.300000,4204,65712.903709208
4204,91.333333,4205,65712.937047333
4205,91.350000,4206,65712.953716250
4206,91.366667,4207,65712.970385250
4207,91.400000,4208,65713.003723333
4208,91.416667,4209,65713.020392291
4209,91.433333,4210,65713.037061291
4210,91.466667,4211,65713.070399416
4211,91.483333,4212,65713.087068541
4212,91.500000,4213,65713.103737333
4213,91.516667,4214,65713.120406458
4214,91.550000,4215,65713.153744625
4215,91.566667,4216,65713.170413416
4216,91.583333,4217,65713.187082416
4217,91.616667,4218,65713.220420541
4218,91.633333,4219,65713.237089625
4219,91.650000,4220,65713.253758541
4220,91.666667,4221,65713.270427625
4221,91.700000,4222,65713.303765708
4222,91.716667,4223,65713.320434583
4223,91.733333,4224,65713.337103666
4224,91.766667,4225,65713.370441750
4225,91.783333,4226,65713.387110833
4226,91.800000,4227,65713.403779708
4227,91.833333,4228,65713.437117750
4228,91.850000,4229,65713.453786791
4229,91.866667,4230,65713.470455750
4230,91.900000,4231,65713.503793750
4231,91.916667,4232,65713.520462791
4232,91.933333,4233,65713.537131916
4233,91.966667,4234,65713.570469833
4234,91.983333,4235,65713.587138916
4235,92.000000,4236,65713.603807958
4236,92.033333,4237,65713.637145916
4237,92.050000,4238,65713.653815000
4238,92.083333,4239,65713.687152958
4239,92.100000,4240,65713.703821958
4240,92.116667,4241,65713.720491000
4241,92.150000,4242,65713.753829125
4242,92.166667,4243,65713.770498000
4243,92.183333,4244,65713.787167041
4244,92.216667,4245,65713.820505166
4245,92.233333,4246,65713.837174041
4246,92.266667,4247,65713.870512125
4247,92.283333,4248,65713.887181208
4248,92.300000,4249,65713.903850250
4249,92.333333,4250,65713.937188125
4250,92.350000,4251,65713.953857208
4251,92.383333,4252,65713.987195166
4252,92.400000,4253,65714.003864250
4253,92.416667,4254,65714.020533250
4254,92.433333,4255,65714.037202291
4255,92.466667,4256,65714.070540291
4256,92.483333,4257,65714.087209291
4257,92.516667,4258,65714.120547458
4258,92.533333,4259,65714.137216333
4259,92.550000,4260,65714.153885375
4260,92.566667,4261,65714.170554416
4261,92.600000,4262,65714.203892583
4262,92.616667,4263,65714.220561416
4263,92.633333,4264,65714.237230500
4264,92.650000,4265,65714.253899458
4265,92.666667,4266,65714.270568583
4266,92.700000,4267,65714.303906541
4267,92.716667,4268,65714.320575500
4268,92.733333,4269,65714.337244625
4269,92.750000,4270,65714.353913708
4270,92.783333,4271,65714.387251583
4271,92.800000,4272,65714.403920666
4272,92.816667,4273,65714.420589666
4273,92.833333,4274,65714.437258625
4274,92.866667,4275,65714.470596666
4275,92.883333,4276,65714.487265750
4276,92.900000,4277,65714.503934791
4277,92.916667,4278,65714.520603666
4278,92.950000,4279,65714.553941750
4279,92.966667,4280,65714.570610791
4280,92.983333,4281,65714.587279708
4281,93.016667,4282,65714.620617875
4282,93.033333,4283,65714.637286875
4283,93.050000,4284,65714.653955958
4284,93.066667,4285,65714.670624791
4285,93.100000,4286,65714.703962916
4286,93.116667,4287,65714.720631958
4287,93.133333,4288,65714.737300875
4288,93.166667,4289,65714.770638916
4289,93.183333,4290,65714.787308041
4290,93.200000,4291,65714.803977000
4291,93.216667,4292,65714.820645916
4292,93.250000,4293,65714.853984041
4293,93.266667,4294,65714.870653125
4294,93.283333,4295,65714.887321958
4295,93.316667,4296,65714.920660125
4296,93.333333,4297,65714.937329083
4297,93.350000,4298,65714.953998208
4298,93.366667,4299,65714.970667125
4299,93.400000,4300,65715.004005208
4300,93.416667,4301,65715.020674208
4301,93.433333,4302,65715.037343125
4302,93.466667,4303,65715.070681208
4303,93.483333,4304,65715.087350250
4304,93.500000,4305,65715.104019166
4305,93.533333,4306,65715.137357250
4306,93.550000,4307,65715.154026333
4307,93.566667,4308,65715.170695375
4308,93.583333,4309,65715.187364333
4309,93.616667,4310,65715.220702375
4310,93.633333,4311,65715.237371416
4311,93.650000,4312,65715.254040250
4312,93.683333,4313,65715.287378375
4313,93.700000,4314,65715.304047458
4314,93.716667,4315,65715.320716458
4315,93.750000,4316,65715.354054416
4316,93.766667,4317,65715.370723458
4317,93.783333,4318,65715.387392500
4318,93.816667,4319,65715.420730500
4319,93.833333,4320,65715.437399541
4320,93.850000,4321,65715.454068541
4321,93.883333,4322,65715.487406500
4322,93.900000,4323,65715.504075583
4323,93.916667,4324,65715.520744583
4324,93.950000,4325,65715.554082583
4325,93.966667,4326,65715.570751583
4326,94.000000,4327,65715.604089666
4327,94.016667,4328,65715.620758750
4328,94.033333,4329,65715.637427583
4329,94.066667,4330,65715.670765708
4330,94.083333,4331,65715.687434791
4331,94.116667,4332,65715.720772708
4332,94.133333,4333,65715.737441833
4333,94.150000,4334,65715.754110791
4334,94.183333,4335,65715.787448833
4335,94.200000,4336,65715.804117833
4336,94.216667,4337,65715.820786875
4337,94.250000,4338,65715.854124833
4338,94.266667,4339,65715.870793833
4339,94.300000,4340,65715.904131958
4340,94.316667,4341,65715.920801041
4341,94.333333,4342,65715.937469916
4342,94.366667,4343,65715.970808000
4343,94.383333,4344,65715.987477083
4344,94.416667,4345,65716.020814958
4345,94.433333,4346,65716.037484083
4346,94.466667,4347,65716.070822125
4347,94.483333,4348,65716.087491041
4348,94.516667,4349,65716.120829166
4349,94.533333,4350,65716.137498166
4350,94.550000,4351,65716.154167041
4351,94.583333,4352,65716.187505208
4352,94.600000,4353,65716.204174250
4353,94.633333,4354,65716.237512166
4354,94.650000,4355,65716.254181166
4355,94.683333,4356,65716.287519291
4356,94.700000,4357,65716.304188208
4357,94.716667,4358,65716.320857250
4358,94.750000,4359,65716.354195375
4359,94.766667,4360,65716.370864375
4360,94.800000,4361,65716.404202291
4361,94.816667,4362,65716.420871333
4362,94.833333,4363,65716.437540458
4363,94.866667,4364,65716.470878375
4364,94.883333,4365,65716.487547458
4365,94.916667,4366,65716.520885333
4366,94.933333,4367,65716.537554375
4367,94.950000,4368,65716.554223458
4368,94.983333,4369,65716.587561500
4369,95.000000,4370,65716.604230458
4370,95.033333,4371,65716.637568500
4371,95.050000,4372,65716.654237583
4372,95.066667,4373,65716.670906625
4373,95.100000,4374,65716.704244583
4374,95.116667,4375,65716.720913625
4375,95.150000,4376,65716.754251541
4376,95.166667,4377,65716.770920583
4377,95.183333,4378,65716.787589666
4378,95.216667,4379,65716.820927625
4379,95.233333,4380,65716.837596583
4380,95.250000,4381,65716.854265708
4381,95.283333,4382,65716.887603791
4382,95.300000,4383,65716.904272666
4383,95.333333,4384,65716.937610791
4384,95.350000,4385,65716.954279791
4385,95.366667,4386,65716.970948750
4386,95.400000,4387,65717.004286791
4387,95.416667,4388,65717.020955791
4388,95.433333,4389,65717.037624875
4389,95.466667,4390,65717.070962791
4390,95.483333,4391,65717.087631875
4391,95.516667,4392,65717.120969833
4392,95.533333,4393,65717.137638916
4393,95.550000,4394,65717.154307916
4394,95.583333,4395,65717.187646041
4395,95.600000,4396,65717.204314916
4396,95.633333,4397,65717.237652958
4397,95.650000,4398,65717.254322083
4398,95.683333,4399,65717.287659958
4399,95.700000,4400,65717.304329083
4400,95.716667,4401,65717.320998041
4401,95.750000,4402,65717.354336041
4402,95.766667,4403,65717.371005041
4403,95.800000,4404,65717.404343125
4404,95.833333,4405,65717.437681125
4405,95.850000,4406,65717.454350125
4406,95.866667,4407,65717.471019208
4407,95.900000,4408,65717.504357125
4408,95.916667,4409,65717.521026208
4409,95.950000,4410,65717.554364208
4410,95.966667,4411,65717.571033083
4411,95.983333,4412,65717.587702208
4412,96.000000,4413,65717.604371291
4413,96.016667,4414,65717.621040291
4414,96.033333,4415,65717.637709291
4415,96.050000,4416,65717.654378208
4416,96.083333,4417,65717.687716333
4417,96.100000,4418,65717.704385375
4418,96.133333,4419,65717.737723333
4419,96.150000,4420,65717.754392375
4420,96.183333,4421,65717.787730458
4421,96.200000,4422,65717.804399291
4422,96.233333,4423,65717.837737333
4423,96.250000,4424,65717.854406458
4424,96.283333,4425,65717.887744375
4425,96.300000,4426,65717.904413458
4426,96.333333,4427,65717.937751375
4427,96.350000,4428,65717.954420458
4428,96.366667,4429,65717.971089500
4429,96.400000,4430,65718.004427500
4430,96.416667,4431,65718.021096458
4431,96.433333,4432,65718.037765500
4432,96.466667,4433,65718.071103541
4433,96.483333,4434,65718.087772500
4434,96.516667,4435,65718.121110541
4435,96.533333,4436,65718.137779625
4436,96.550000,4437,65718.154448708
4437,96.583333,4438,65718.187786541
4438,96.600000,4439,65718.204455666
4439,96.616667,4440,65718.221124666
4440,96.633333,4441,65718.237793500
4441,96.650000,4442,65718.254462666
4442,96.683333,4443,65718.287800708
4443,96.700000,4444,65718.304469750
4444,96.716667,4445,65718.321138666
4445,96.733333,4446,65718.337807666
4446,96.750000,4447,65718.354476791
4447,96.783333,4448,65718.387814666
4448,96.800000,4449,65718.404483791
4449,96.833333,4450,65718.437821791
4450,96.850000,4451,65718.454490916
4451,96.866667,4452,65718.471159750
4452,96.900000,4453,65718.504497875
4453,96.916667,4454,65718.521166833
4454,96.933333,4455,65718.537835791
4455,96.966667,4456,65718.571173833
4456,96.983333,4457,65718.587842958
4457,97.000000,4458,65718.604511958
4458,97.033333,4459,65718.637849958
4459,97.050000,4460,65718.654518958
4460,97.066667,4461,65718.671187916
4461,97.100000,4462,65718.704525916
4462,97.116667,4463,65718.721195000
4463,97.133333,4464,65718.737864041
4464,97.166667,4465,65718.771201958
4465,97.183333,4466,65718.787871000
4466,97.200000,4467,65718.804540041
4467,97.233333,4468,65718.837878000
4468,97.250000,4469,65718.854547041
4469,97.266667,4470,65718.871216083
4470,97.300000,4471,65718.904554125
4471,97.316667,4472,65718.921223083
4472,97.333333,4473,65718.937892125
4473,97.350000,4474,65718.954561125
4474,97.383333,4475,65718.987899083
4475,97.400000,4476,65719.004568083
4476,97.416667,4477,65719.021237166
4477,97.450000,4478,65719.054575291
4478,97.466667,4479,65719.071244125
4479,97.483333,4480,65719.087913208
4480,97.500000,4481,65719.104582208
4481,97.533333,4482,65719.137920208
4482,97.550000,4483,65719.154589208
4483,97.566667,4484,65719.171258250
4484,97.583333,4485,65719.187927291
4485,97.600000,4486,65719.204596416
4486,97.633333,4487,65719.237934333
4487,97.650000,4488,65719.254603333
4488,97.666667,4489,65719.271272375
4489,97.700000,4490,65719.304610291
4490,97.716667,4491,65719.321279375
4491,97.733333,4492,65719.337948375
4492,97.766667,4493,65719.371286375
4493,97.783333,4494,65719.387955416
4494,97.800000,4495,65719.404624458
4495,97.833333,4496,65719.437962375
4496,97.850000,4497,65719.454631416
4497,97.866667,4498,65719.471300500
4498,97.900000,4499,65719.504638500
4499,97.916667,4500,65719.521307375
4500,97.933333,4501,65719.537976458
4501,97.966667,4502,65719.571314541
4502,97.983333,4503,65719.587983458
4503,98.000000,4504,65719.604652541
4504,98.033333,4505,65719.637990625
4505,98.050000,4506,65719.654659500
4506,98.083333,4507,65719.687997541
4507,98.100000,4508,65719.704666666
4508,98.116667,4509,65719.721335708
4509,98.150000,4510,65719.754673666
4510,98.166667,4511,65719.771342708
4511,98.183333,4512,65719.788011750
4512,98.216667,4513,65719.821349583
4513,98.233333,4514,65719.838018625
4514,98.266667,4515,65719.871356791
4515,98.283333,4516,65719.888025666
4516,98.300000,4517,65719.904694708
4517,98.333333,4518,65719.938032791
4518,98.350000,4519,65719.954701625
4519,98.366667,4520,65719.971370666
4520,98.400000,4521,65720.004708875
4521,98.416667,4522,65720.021377833
4522,98.450000,4523,65720.054715791
4523,98.466667,4524,65720.071384833
4524,98.483333,4525,65720.088053916
4525,98.516667,4526,65720.121391833
4526,98.533333,4527,65720.138060916
4527,98.566667,4528,65720.171398958
4528,98.583333,4529,65720.188067791
4529,98.600000,4530,65720.204736916
4530,98.633333,4531,65720.238074916
4531,98.650000,4532,65720.254743833
4532,98.683333,4533,65720.288082000
4533,98.700000,4534,65720.304750916
4534,98.716667,4535,65720.321420041
4535,98.750000,4536,65720.354757958
4536,98.766667,4537,65720.371427000
4537,98.800000,4538,65720.404764958
4538,98.816667,4539,65720.421434000
4539,98.833333,4540,65720.438103083
4540,98.866667,4541,65720.471441125
4541,98.883333,4542,65720.488109958
4542,98.900000,4543,65720.504779000
4543,98.933333,4544,65720.538117166
4544,98.950000,4545,65720.554786041
4545,98.983333,4546,65720.588124125
4546,99.000000,4547,65720.604793166
4547,99.033333,4548,65720.638131083
4548,99.050000,4549,65720.654800125
4549,99.066667,4550,65720.671469125
4550,99.100000,4551,65720.704807083
4551,99.116667,4552,65720.721476125
4552,99.150000,4553,65720.754814208
4553,99.166667,4554,65720.771483125
4554,99.183333,4555,65720.788152166
4555,99.216667,4556,65720.821490250
4556,99.233333,4557,65720.838159291
4557,99.266667,4558,65720.871497250
4558,99.283333,4559,65720.888166291
4559,99.300000,4560,65720.904835250
4560,99.333333,4561,65720.938173208
4561,99.350000,4562,65720.954842291
4562,99.383333,4563,65720.988180375
4563,99.400000,4564,65721.004849250
4564,99.433333,4565,65721.038187291
4565,99.450000,4566,65721.054856375
4566,99.483333,4567,65721.088194291
4567,99.500000,4568,65721.104863416
4568,99.516667,4569,65721.121532416
4569,99.550000,4570,65721.154870375
4570,99.566667,4571,65721.171539416
4571,99.600000,4572,65721.204877541
4572,99.616667,4573,65721.221546416
4573,99.633333,4574,65721.238215458
4574,99.666667,4575,65721.271553500
4575,99.683333,4576,65721.288222500
4576,99.700000,4577,65721.304891416
4577,99.733333,4578,65721.338229541
4578,99.750000,4579,65721.354898583
4579,99.766667,4580,65721.371567500
4580,99.800000,4581,65721.404905541
4581,99.816667,4582,65721.421574625
4582,99.833333,4583,65721.438243666
4583,99.866667,4584,65721.471581541
4584,99.883333,4585,65721.488250625
4585,99.900000,4586,65721.504919708
4586,99.933333,4587,65721.538257500
4587,99.950000,4588,65721.554926625
4588,99.966667,4589,65721.571595666
4589,100.000000,4590,65721.604933625
4590,100.016667,4591,65721.621602666
4591,100.033333,4592,65721.638271750
4592,100.066667,4593,65721.671609625
4593,100.083333,4594,65721.688278625
4594,100.100000,4595,65721.704947750
4595,100.133333,4596,65721.738285791
4596,100.150000,4597,65721.754954666
4597,100.166667,4598,65721.771623666
4598,100.200000,4599,65721.804961791
4599,100.216667,4600,65721.821630666
4600,100.250000,4601,65721.854968708
4601,100.266667,4602,65721.871637875
4602,100.283333,4603,65721.888306833
4603,100.316667,4604,65721.921644833
4604,100.333333,4605,65721.938313875
4605,100.350000,4606,65721.954982916
4606,100.383333,4607,65721.988320750
4607,100.400000,4608,65722.004989791
4608,100.433333,4609,65722.038327958
4609,100.450000,4610,65722.054996875
4610,100.466667,4611,65722.071665916
4611,100.500000,4612,65722.105004041
4612,100.516667,4613,65722.121672875
4613,100.550000,4614,65722.155011000
4614,100.566667,4615,65722.171680000
4615,100.600000,4616,65722.205017875
4616,100.616667,4617,65722.221686958
4617,100.633333,4618,65722.238355958
4618,100.666667,4619,65722.271693958
4619,100.683333,4620,65722.288363000
4620,100.716667,4621,65722.321701041
4621,100.733333,4622,65722.338370125
4622,100.750000,4623,65722.355039000
4623,100.783333,4624,65722.388377083
4624,100.800000,4625,65722.405046125
4625,100.833333,4626,65722.438384083
4626,100.850000,4627,65722.455053125
4627,100.883333,4628,65722.488390958
4628,100.900000,4629,65722.505060041
4629,100.916667,4630,65722.521729125
4630,100.950000,4631,65722.555067250
4631,100.966667,4632,65722.571736125
4632,101.000000,4633,65722.605074208
4633,101.016667,4634,65722.621743166
4634,101.050000,4635,65722.655081166
4635,101.066667,4636,65722.671750250
4636,101.083333,4637,65722.688419208
4637,101.116667,4638,65722.721757125
4638,101.133333,4639,65722.738426208
4639,101.166667,4640,65722.771764291
4640,101.183333,4641,65722.788433166
4641,101.216667,4642,65722.821771250
4642,101.233333,4643,65722.838440375
4643,101.250000,4644,65722.855109375
4644,101.283333,4645,65722.888447250
4645,101.300000,4646,65722.905116333
4646,101.333333,4647,65722.938454333
4647,101.350000,4648,65722.955123333
4648,101.383333,4649,65722.988461416
4649,101.400000,4650,65723.005130375
4650,101.433333,4651,65723.038468333
4651,101.450000,4652,65723.055137416
4652,101.466667,4653,65723.071806416
4653,101.500000,4654,65723.105144375
4654,101.516667,4655,65723.121813333
4655,101.550000,4656,65723.155151541
4656,101.566667,4657,65723.171820416
4657,101.600000,4658,65723.205158458
4658,101.616667,4659,65723.221827458
4659,101.650000,4660,65723.255165458
4660,101.666667,4661,65723.271834458
4661,101.700000,4662,65723.305172583
4662,101.716667,4663,65723.321841500
4663,101.750000,4664,65723.355179500
4664,101.766667,4665,65723.371848583
4665,101.783333,4666,65723.388517416
4666,101.816667,4667,65723.421855583
4667,101.833333,4668,65723.438524583
4668,101.850000,4669,65723.455193666
4669,101.866667,4670,65723.471862583
4670,101.900000,4671,65723.505200583
4671,101.916667,4672,65723.521869666
4672,101.933333,4673,65723.538538583
4673,101.950000,4674,65723.555207625
4674,101.983333,4675,65723.588545625
4675,102.000000,4676,65723.605214541
4676,102.016667,4677,65723.621883583
4677,102.033333,4678,65723.638552708
4678,102.050000,4679,65723.655221708
4679,102.083333,4680,65723.688559625
4680,102.100000,4681,65723.705228625
4681,102.116667,4682,65723.721897708
4682,102.133333,4683,65723.738566708
4683,102.150000,4684,65723.755235666
4684,102.183333,4685,65723.788573750
4685,102.200000,4686,65723.805242791
4686,102.216667,4687,65723.821911875
4687,102.233333,4688,65723.838580708
4688,102.250000,4689,65723.855249708
4689,102.266667,4690,65723.871918791
4690,102.300000,4691,65723.905256666
4691,102.316667,4692,65723.921925708
4692,102.333333,4693,65723.938594708
4693,102.350000,4694,65723.955263875
4694,102.366667,4695,65723.971932875
4695,102.400000,4696,65724.005270791
4696,102.416667,4697,65724.021939875
4697,102.433333,4698,65724.038608875
4698,102.450000,4699,65724.055277791
4699,102.466667,4700,65724.071946791
4700,102.500000,4701,65724.105284916
4701,102.516667,4702,65724.121953916
4702,102.533333,4703,65724.138622833
4703,102.550000,4704,65724.155291875
4704,102.566667,4705,65724.171960916
4705,102.583333,4706,65724.188629916
4706,102.616667,4707,65724.221967875
4707,102.633333,4708,65724.238636958
4708,102.650000,4709,65724.255306000
4709,102.666667,4710,65724.271975041
4710,102.683333,4711,65724.288643916
4711,102.700000,4712,65724.305312958
4712,102.733333,4713,65724.338651000
4713,102.750000,4714,65724.355319875
4714,102.766667,4715,65724.371988916
4715,102.783333,4716,65724.388658000
4716,102.800000,4717,65724.405327083
4717,102.816667,4718,65724.421996083
4718,102.850000,4719,65724.455334000
4719,102.866667,4720,65724.472003041
4720,102.883333,4721,65724.488672125
4721,102.900000,4722,65724.505341000
4722,102.916667,4723,65724.522010041
4723,102.933333,4724,65724.538679083
4724,102.966667,4725,65724.572017166
4725,102.983333,4726,65724.588686000
4726,103.000000,4727,65724.605355083
4727,103.016667,4728,65724.622024041
4728,103.033333,4729,65724.638693166
4729,103.050000,4730,65724.655362083
4730,103.083333,4731,65724.688700125
4731,103.100000,4732,65724.705369125
4732,103.116667,4733,65724.722038208
4733,103.133333,4734,65724.738707125
4734,103.150000,4735,65724.755376125
4735,103.166667,4736,65724.772045166
4736,103.200000,4737,65724.805383041
4737,103.216667,4738,65724.822052166
4738,103.233333,4739,65724.838721166
4739,103.250000,4740,65724.855390250
4740,103.283333,4741,65724.888728125
4741,103.300000,4742,65724.905397166
4742,103.316667,4743,65724.922066291
4743,103.350000,4744,65724.955404125
4744,103.366667,4745,65724.972073291
4745,103.383333,4746,65724.988742291
4746,103.400000,4747,65725.005411333
4747,103.433333,4748,65725.038749208
4748,103.450000,4749,65725.055418250
4749,103.466667,4750,65725.072087333
4750,103.500000,4751,65725.105425250
4751,103.516667,4752,65725.122094291
4752,103.533333,4753,65725.138763333
4753,103.566667,4754,65725.172101250
4754,103.583333,4755,65725.188770291
4755,103.616667,4756,65725.222108416
4756,103.633333,4757,65725.238777416
4757,103.650000,4758,65725.255446333
4758,103.683333,4759,65725.288784333
4759,103.700000,4760,65725.305453375
4760,103.716667,4761,65725.322122333
4761,103.733333,4762,65725.338791375
4762,103.766667,4763,65725.372129500
4763,103.783333,4764,65725.388798458
4764,103.800000,4765,65725.405467333
4765,103.833333,4766,65725.438805416
4766,103.850000,4767,65725.455474541
4767,103.866667,4768,65725.472143375
4768,103.900000,4769,65725.505481458
4769,103.916667,4770,65725.522150416
4770,103.933333,4771,65725.538819500
4771,103.966667,4772,65725.572157458
4772,103.983333,4773,65725.588826500
4773,104.000000,4774,65725.605495541
4774,104.033333,4775,65725.638833500
4775,104.050000,4776,65725.655502541
4776,104.066667,4777,65725.672171583
4777,104.100000,4778,65725.705509458
4778,104.116667,4779,65725.722178458
4779,104.133333,4780,65725.738847500
4780,104.166667,4781,65725.772185458
4781,104.183333,4782,65725.788854541
4782,104.200000,4783,65725.805523541
4783,104.216667,4784,65725.822192541
4784,104.250000,4785,65725.855530500
4785,104.266667,4786,65725.872199583
4786,104.283333,4787,65725.888868625
4787,104.316667,4788,65725.922206500
4788,104.333333,4789,65725.938875541
4789,104.350000,4790,65725.955544541
4790,104.366667,4791,65725.972213625
4791,104.400000,4792,65726.005551583
4792,104.416667,4793,65726.022220583
4793,104.433333,4794,65726.038889708
4794,104.466667,4795,65726.072227625
4795,104.483333,4796,65726.088896625
4796,104.500000,4797,65726.105565708
4797,104.516667,4798,65726.122234666
4798,104.550000,4799,65726.155572666
4799,104.566667,4800,65726.172241625
4800,104.583333,4801,65726.188910708
4801,104.616667,4802,65726.222248625
4802,104.633333,4803,65726.238917625
4803,104.650000,4804,65726.255586708
4804,104.666667,4805,65726.272255750
4805,104.700000,4806,65726.305593666
4806,104.716667,4807,65726.322262666
4807,104.733333,4808,65726.338931791
4808,104.766667,4809,65726.372269625
4809,104.783333,4810,65726.388938750
4810,104.800000,4811,65726.405607708
4811,104.816667,4812,65726.422276750
4812,104.850000,4813,65726.455614708
4813,104.866667,4814,65726.472283708
4814,104.883333,4815,65726.488952750
4815,104.900000,4816,65726.505621833
4816,104.916667,4817,65726.522290750
4817,104.950000,4818,65726.555628750
4818,104.966667,4819,65726.572297833
4819,104.983333,4820,65726.588966708
4820,105.000000,4821,65726.605635750
4821,105.033333,4822,65726.638973791
4822,105.050000,4823,65726.655642875
4823,105.066667,4824,65726.672311791
4824,105.100000,4825,65726.705649833
4825,105.116667,4826,65726.722318916
4826,105.133333,4827,65726.738987750
4827,105.166667,4828,65726.772325875
4828,105.183333,4829,65726.788994875
4829,105.200000,4830,65726.805664000
4830,105.233333,4831,65726.839001875
4831,105.250000,4832,65726.855670916
4832,105.266667,4833,65726.872339958
4833,105.283333,4834,65726.889008875
4834,105.300000,4835,65726.905677875
4835,105.333333,4836,65726.939015875
4836,105.350000,4837,65726.955684958
4837,105.366667,4838,65726.972353833
4838,105.383333,4839,65726.989022875
4839,105.416667,4840,65727.022360958
4840,105.433333,4841,65727.039029833
4841,105.450000,4842,65727.055698833
4842,105.483333,4843,65727.089036958
4843,105.500000,4844,65727.105706083
4844,105.516667,4845,65727.122374916
4845,105.550000,4846,65727.155712958
4846,105.566667,4847,65727.172381958
4847,105.600000,4848,65727.205719875
4848,105.616667,4849,65727.222389000
4849,105.633333,4850,65727.239058000
4850,105.666667,4851,65727.272395916
4851,105.683333,4852,65727.289064875
4852,105.700000,4853,65727.305734000
4853,105.733333,4854,65727.339071916
4854,105.750000,4855,65727.355741000
4855,105.783333,4856,65727.389079083
4856,105.800000,4857,65727.405748083
4857,105.816667,4858,65727.422417000
4858,105.850000,4859,65727.455755041
4859,105.866667,4860,65727.472424125
4860,105.883333,4861,65727.489093041
4861,105.900000,4862,65727.505762041
4862,105.933333,4863,65727.539100083
4863,105.950000,4864,65727.555769166
4864,105.966667,4865,65727.572438041
4865,106.000000,4866,65727.605776125
4866,106.016667,4867,65727.622445125
4867,106.033333,4868,65727.639114083
4868,106.050000,4869,65727.655783000
4869,106.083333,4870,65727.689121208
4870,106.100000,4871,65727.705790208
4871,106.116667,4872,65727.722459083
4872,106.133333,4873,65727.739128125
4873,106.166667,4874,65727.772466208
4874,106.183333,4875,65727.789135083
4875,106.200000,4876,65727.805804125
4876,106.216667,4877,65727.822473125
4877,106.250000,4878,65727.855811000
4878,106.266667,4879,65727.872480166
4879,106.283333,4880,65727.889149166
4880,106.316667,4881,65727.922487250
4881,106.333333,4882,65727.939156125
4882,106.350000,4883,65727.955825125
4883,106.366667,4884,65727.972494208
4884,106.400000,4885,65728.005832291
4885,106.416667,4886,65728.022501166
4886,106.433333,4887,65728.039170166
4887,106.466667,4888,65728.072508250
4888,106.483333,4889,65728.089177125
4889,106.500000,4890,65728.105846125
4890,106.533333,4891,65728.139184208
4891,106.550000,4892,65728.155853125
4892,106.566667,4893,65728.172522166
4893,106.583333,4894,65728.189191250
4894,106.616667,4895,65728.222529291
4895,106.633333,4896,65728.239198208
4896,106.650000,4897,65728.255867250
4897,106.683333,4898,65728.289205250
4898,106.700000,4899,65728.305874208
4899,106.716667,4900,65728.322543250
4900,106.750000,4901,65728.355881250
4901,106.766667,4902,65728.372550291
4902,106.783333,4903,65728.389219250
4903,106.816667,4904,65728.422557291
4904,106.833333,4905,65728.439226333
4905,106.850000,4906,65728.455895250
4906,106.883333,4907,65728.489233291
4907,106.900000,4908,65728.505902375
4908,106.916667,4909,65728.522571333
4909,106.950000,4910,65728.555909208
4910,106.966667,4911,65728.572578375
4911,106.983333,4912,65728.589247416
4912,107.016667,4913,65728.622585291
4913,107.033333,4914,65728.639254250
4914,107.050000,4915,65728.655923333
4915,107.083333,4916,65728.689261250
4916,107.100000,4917,65728.705930291
4917,107.116667,4918,65728.722599375
4918,107.150000,4919,65728.755937291
4919,107.166667,4920,65728.772606291
4920,107.183333,4921,65728.789275375
4921,107.216667,4922,65728.822613458
4922,107.233333,4923,65728.839282250
4923,107.250000,4924,65728.855951375
4924,107.266667,4925,65728.872620416
4925,107.300000,4926,65728.905958333
4926,107.316667,4927,65728.922627333
4927,107.333333,4928,65728.939296416
4928,107.350000,4929,65728.955965416
4929,107.383333,4930,65728.989303333
4930,107.400000,4931,65729.005972416
4931,107.416667,4932,65729.022641458
4932,107.450000,4933,65729.055979333
4933,107.466667,4934,65729.072648375
4934,107.483333,4935,65729.089317416
4935,107.500000,4936,65729.105986458
4936,107.533333,4937,65729.139324375
4937,107.550000,4938,65729.155993375
4938,107.566667,4939,65729.172662458
4939,107.583333,4940,65729.189331500
4940,107.616667,4941,65729.222669458
4941,107.633333,4942,65729.239338458
4942,107.650000,4943,65729.256007500
4943,107.683333,4944,65729.289345375
4944,107.700000,4945,65729.306014416
4945,107.716667,4946,65729.322683541
4946,107.733333,4947,65729.339352500
4947,107.766667,4948,65729.372690500
4948,107.783333,4949,65729.389359458
4949,107.800000,4950,65729.406028500
4950,107.833333,4951,65729.439366416
4951,107.850000,4952,65729.456035500
4952,107.866667,4953,65729.472704500
4953,107.883333,4954,65729.489373541
4954,107.916667,4955,65729.522711500
4955,107.933333,4956,65729.539380500
4956,107.966667,4957,65729.572718416
4957,107.983333,4958,65729.589387458
4958,108.000000,4959,65729.606056500
4959,108.033333,4960,65729.639394625
4960,108.050000,4961,65729.656063458
4961,108.066667,4962,65729.672732500
4962,108.100000,4963,65729.706070583
4963,108.116667,4964,65729.722739416
4964,108.150000,4965,65729.756077500
4965,108.166667,4966,65729.772746583
4966,108.183333,4967,65729.789415625
4967,108.216667,4968,65729.822753541
4968,108.233333,4969,65729.839422541
4969,108.266667,4970,65729.872760500
4970,108.283333,4971,65729.889429500
4971,108.300000,4972,65729.906098583
4972,108.333333,4973,65729.939436625
4973,108.350000,4974,65729.956105541
4974,108.383333,4975,65729.989443625
4975,108.400000,4976,65730.006112625
4976,108.433333,4977,65730.039450541
4977,108.450000,4978,65730.056119625
4978,108.483333,4979,65730.089457708
4979,108.500000,4980,65730.106126541
4980,108.533333,4981,65730.139464541
4981,108.550000,4982,65730.156133708
4982,108.583333,4983,65730.189471500
4983,108.616667,4984,65730.222809583
4984,108.633333,4985,65730.239478708
4985,108.666667,4986,65730.272816625
4986,108.683333,4987,65730.289485625
4987,108.716667,4988,65730.322823541
4988,108.733333,4989,65730.339492583
4989,108.750000,4990,65730.356161625
4990,108.783333,4991,65730.389499750
4991,108.800000,4992,65730.406168583
4992,108.833333,4993,65730.439506625
4993,108.850000,4994,65730.456175625
4994,108.883333,4995,65730.489513583
4995,108.900000,4996,65730.506182625
4996,108.933333,4997,65730.539520750
4997,108.950000,4998,65730.556189458
4998,108.966667,4999,65730.572858666
4999,109.000000,5000,65730.606196708
5000,109.016667,5001,65730.622865541
5001,109.050000,5002,65730.656203583
5002,109.066667,5003,65730.672872708
5003,109.083333,5004,65730.689541541
5004,109.116667,5005,65730.722879666
5005,109.133333,5006,65730.739548708
5006,109.166667,5007,65730.772886583
5007,109.183333,5008,65730.789555583
5008,109.200000,5009,65730.806224666
5009,109.216667,5010,65730.822893708
5010,109.250000,5011,65730.856231583
5011,109.266667,5012,65730.872900708
5012,109.283333,5013,65730.889569708
5013,109.316667,5014,65730.922907625
5014,109.333333,5015,65730.939576625
5015,109.350000,5016,65730.956245708
5016,109.383333,5017,65730.989583541
5017,109.400000,5018,65731.006252625
5018,109.416667,5019,65731.022921583
5019,109.450000,5020,65731.056259708
5020,109.466667,5021,65731.072928625
5021,109.483333,5022,65731.089597583
5022,109.516667,5023,65731.122935708
5023,109.533333,5024,65731.139604583
5024,109.550000,5025,65731.156273625
5025,109.583333,5026,65731.189611666
5026,109.600000,5027,65731.206280666
5027,109.616667,5028,65731.222949625
5028,109.650000,5029,65731.256287666
5029,109.666667,5030,65731.272956708
5030,109.683333,5031,65731.289625541
5031,109.716667,5032,65731.322963666
5032,109.733333,5033,65731.339632750
5033,109.750000,5034,65731.356301791
5034,109.783333,5035,65731.389639666
5035,109.800000,5036,65731.406308666
5036,109.833333,5037,65731.439646583
5037,109.850000,5038,65731.456315666
5038,109.866667,5039,65731.472984708
5039,109.900000,5040,65731.506322791
5040,109.916667,5041,65731.522991666
5041,109.950000,5042,65731.556329750
5042,109.966667,5043,65731.572998750
5043,109.983333,5044,65731.589667583
5044,110.016667,5045,65731.623005750
5045,110.033333,5046,65731.639674750
5046,110.066667,5047,65731.673012708
5047,110.083333,5048,65731.689681708
5048,110.100000,5049,65731.706350708
5049,110.133333,5050,65731.739688625
5050,110.150000,5051,65731.756357708
5051,110.183333,5052,65731.789695750
5052,110.200000,5053,65731.806364791
5053,110.216667,5054,65731.823033666
5054,110.250000,5055,65731.856371791
5055,110.266667,5056,65731.873040750
5056,110.300000,5057,65731.906378666
5057,110.316667,5058,65731.923047750
5058,110.333333,5059,65731.939716750
5059,110.366667,5060,65731.973054666
5060,110.383333,5061,65731.989723625
5061,110.416667,5062,65732.023061708
5062,110.433333,5063,65732.039730666
5063,110.450000,5064,65732.056399666
5064,110.483333,5065,65732.089737791
5065,110.500000,5066,65732.106406666
5066,110.516667,5067,65732.123075708
5067,110.550000,5068,65732.156413750
5068,110.566667,5069,65732.173082791
5069,110.600000,5070,65732.206420708
5070,110.616667,5071,65732.223089666
5071,110.633333,5072,65732.239758791
5072,110.666667,5073,65732.273096666
5073,110.683333,5074,65732.289765750
5074,110.700000,5075,65732.306434750
5075,110.733333,5076,65732.339772625
5076,110.750000,5077,65732.356441708
5077,110.766667,5078,65732.373110750
5078,110.800000,5079,65732.406448625
5079,110.816667,5080,65732.423117708
5080,110.833333,5081,65732.439786708
5081,110.866667,5082,65732.473124791
5082,110.883333,5083,65732.489793625
5083,110.900000,5084,65732.506462708
5084,110.933333,5085,65732.539800750
5085,110.950000,5086,65732.556469666
5086,110.966667,5087,65732.573138666
5087,111.000000,5088,65732.606476708
5088,111.016667,5089,65732.623145833
5089,111.050000,5090,65732.656483750
5090,111.066667,5091,65732.673152708
5091,111.083333,5092,65732.689821750
5092,111.116667,5093,65732.723159708
5093,111.133333,5094,65732.739828750
5094,111.166667,5095,65732.773166750
5095,111.183333,5096,65732.789835583
5096,111.200000,5097,65732.806504708
5097,111.233333,5098,65732.839842750
5098,111.250000,5099,65732.856511666
5099,111.266667,5100,65732.873180708
5100,111.300000,5101,65732.906518750
5101,111.316667,5102,65732.923187750
5102,111.350000,5103,65732.956525666
5103,111.366667,5104,65732.973194666
5104,111.400000,5105,65733.006532625
5105,111.416667,5106,65733.023201666
5106,111.450000,5107,65733.056539750
5107,111.466667,5108,65733.073208750
5108,111.483333,5109,65733.089877666
5109,111.516667,5110,65733.123215666
5110,111.533333,5111,65733.139884708
5111,111.566667,5112,65733.173222666
5112,111.583333,5113,65733.189891708
5113,111.616667,5114,65733.223229791
5114,111.633333,5115,65733.239898625
5115,111.650000,5116,65733.256567708
5116,111.683333,5117,65733.289905791
5117,111.700000,5118,65733.306574625
5118,111.733333,5119,65733.339912708
5119,111.750000,5120,65733.356581750
5120,111.766667,5121,65733.373250708
5121,111.800000,5122,65733.406588666
5122,111.816667,5123,65733.423257708
5123,111.850000,5124,65733.456595625
5124,111.866667,5125,65733.473264666
5125,111.883333,5126,65733.489933708
5126,111.916667,5127,65733.523271541
5127,111.933333,5128,65733.539940625
5128,111.966667,5129,65733.573278708
5129,111.983333,5130,65733.589947791
5130,112.000000,5131,65733.606616583
5131,112.033333,5132,65733.639954666
5132,112.050000,5133,65733.656623708
5133,112.083333,5134,65733.689961625
5134,112.100000,5135,65733.706630666
5135,112.116667,5136,65733.723299708
5136,112.150000,5137,65733.756637583
5137,112.166667,5138,65733.773306625
5138,112.183333,5139,65733.789975708
5139,112.216667,5140,65733.823313583
5140,112.233333,5141,65733.839982583
5141,112.250000,5142,65733.856651666
5142,112.283333,5143,65733.889989708
5143,112.300000,5144,65733.906658541
5144,112.316667,5145,65733.923327583
5145,112.350000,5146,65733.956665708
5146,112.366667,5147,65733.973334541
5147,112.383333,5148,65733.990003541
5148,112.416667,5149,65734.023341666
5149,112.433333,5150,65734.040010708
5150,112.466667,5151,65734.073348625
5151,112.483333,5152,65734.090017625
5152,112.500000,5153,65734.106686708
5153,112.533333,5154,65734.140024541
5154,112.550000,5155,65734.156693666
5155,112.583333,5156,65734.190031666
5156,112.600000,5157,65734.206700583
5157,112.616667,5158,65734.223369541
5158,112.650000,5159,65734.256707666
5159,112.666667,5160,65734.273376541
5160,112.683333,5161,65734.290045500
5161,112.716667,5162,65734.323383666
5162,112.733333,5163,65734.340052666
5163,112.766667,5164,65734.373390500
5164,112.783333,5165,65734.390059541
5165,112.800000,5166,65734.406728666
5166,112.833333,5167,65734.440066583
5167,112.850000,5168,65734.456735500
5168,112.866667,5169,65734.473404583
5169,112.900000,5170,65734.506742500
5170,112.916667,5171,65734.523411583
5171,112.950000,5172,65734.556749625
5172,112.966667,5173,65734.573418500
5173,112.983333,5174,65734.590087541
5174,113.016667,5175,65734.623425625
5175,113.033333,5176,65734.640094666
5176,113.050000,5177,65734.656763458
5177,113.083333,5178,65734.690101583
5178,113.100000,5179,65734.706770625
5179,113.133333,5180,65734.740108500
5180,113.150000,5181,65734.756777541
5181,113.166667,5182,65734.773446625
5182,113.200000,5183,65734.806784458
5183,113.216667,5184,65734.823453500
5184,113.233333,5185,65734.840122583
5185,113.266667,5186,65734.873460458
5186,113.283333,5187,65734.890129458
5187,113.316667,5188,65734.923467500
5188,113.333333,5189,65734.940136416
5189,113.350000,5190,65734.956805458
5190,113.383333,5191,65734.990143583
5191,113.400000,5192,65735.006812541
5192,113.433333,5193,65735.040150458
5193,113.450000,5194,65735.056819541
5194,113.466667,5195,65735.073488541
5195,113.500000,5196,65735.106826458
5196,113.516667,5197,65735.123495458
5197,113.550000,5198,65735.156833541
5198,113.566667,5199,65735.173502416
5199,113.600000,5200,65735.206840416
5200,113.616667,5201,65735.223509541
5201,113.633333,5202,65735.240178375
5202,113.666667,5203,65735.273516416
5203,113.683333,5204,65735.290185458
5204,113.700000,5205,65735.306854458
5205,113.733333,5206,65735.340192333
5206,113.750000,5207,65735.356861458
5207,113.783333,5208,65735.390199375
5208,113.800000,5209,65735.406868333
5209,113.816667,5210,65735.423537416
5210,113.850000,5211,65735.456875458
5211,113.866667,5212,65735.473544333
5212,113.900000,5213,65735.506882458
5213,113.916667,5214,65735.523551458
5214,113.950000,5215,65735.556889416
5215,113.966667,5216,65735.573558375
5216,113.983333,5217,65735.590227416
5217,114.016667,5218,65735.623565333
5218,114.033333,5219,65735.640234291
5219,114.066667,5220,65735.673572458
5220,114.083333,5221,65735.690241291
5221,114.100000,5222,65735.706910375
5222,114.133333,5223,65735.740248375
5223,114.150000,5224,65735.756917458
5224,114.183333,5225,65735.790255333
5225,114.200000,5226,65735.806924291
5226,114.216667,5227,65735.823593333
5227,114.250000,5228,65735.856931333
5228,114.266667,5229,65735.873600291
5229,114.300000,5230,65735.906938458
5230,114.316667,5231,65735.923607291
5231,114.333333,5232,65735.940276291
5232,114.366667,5233,65735.973614333
5233,114.383333,5234,65735.990283250
5234,114.416667,5235,65736.023621291
5235,114.433333,5236,65736.040290291
5236,114.450000,5237,65736.056959416
5237,114.483333,5238,65736.090297333
5238,114.500000,5239,65736.106966291
5239,114.533333,5240,65736.140304166
5240,114.550000,5241,65736.156973250
5241,114.566667,5242,65736.173642250
5242,114.600000,5243,65736.206980333
5243,114.616667,5244,65736.223649125
5244,114.650000,5245,65736.256987250
5245,114.666667,5246,65736.273656291
5246,114.683333,5247,65736.290325083
5247,114.716667,5248,65736.323663250
5248,114.733333,5249,65736.340332291
5249,114.750000,5250,65736.357001125
